model,id,concept,gt_present,pred_present,gt_status,pred_status,fixed_distance,localized_distance,missing,additional
catflux,00013_00,collar,True,True,present,present,0.3382558524608612,0.3382558822631836,False,False
catflux,00013_00,lapel,False,False,absent,absent,,,False,False
catflux,00013_00,cuff,True,True,present,present,0.3514627516269684,0.4381842613220215,False,False
catflux,00013_00,button hole,False,False,absent,absent,,,False,False
catflux,00013_00,button,False,False,absent,absent,,,False,False
catflux,00013_00,pocket,False,False,absent,absent,,,False,False
catflux,00013_00,zipper,False,False,absent,absent,,,False,False
catflux,00013_00,sleeve,True,True,present,present,0.3816785216331482,0.40869736671447754,False,False
catflux,00013_00,shoulder,True,True,present,present,0.3171611726284027,0.3876771032810211,False,False
catflux,00013_00,logo,True,False,present,uncertain,0.4257090389728546,,True,False
catflux,00272_00,collar,False,False,absent,absent,,,False,False
catflux,00272_00,lapel,False,False,absent,absent,,,False,False
catflux,00272_00,cuff,False,False,absent,absent,,,False,False
catflux,00272_00,button hole,False,False,absent,absent,,,False,False
catflux,00272_00,button,False,False,absent,absent,,,False,False
catflux,00272_00,pocket,False,False,absent,absent,,,False,False
catflux,00272_00,zipper,False,False,absent,absent,,,False,False
catflux,00272_00,sleeve,False,False,absent,absent,,,False,False
catflux,00272_00,shoulder,True,True,present,present,0.34799104928970337,0.3903824985027313,False,False
catflux,00272_00,logo,False,False,absent,absent,,,False,False
catflux,00401_00,collar,True,True,present,present,0.4515424370765686,0.4515424966812134,False,False
catflux,00401_00,lapel,False,False,absent,absent,,,False,False
catflux,00401_00,cuff,True,True,present,present,0.26823344826698303,0.2682332992553711,False,False
catflux,00401_00,button hole,False,False,absent,absent,,,False,False
catflux,00401_00,button,False,False,absent,absent,,,False,False
catflux,00401_00,pocket,False,False,absent,absent,,,False,False
catflux,00401_00,zipper,False,False,absent,absent,,,False,False
catflux,00401_00,sleeve,True,True,present,present,0.3380064368247986,0.3396460711956024,False,False
catflux,00401_00,shoulder,False,True,present,present,,,False,False
catflux,00401_00,logo,False,False,absent,absent,,,False,False
catflux,00494_00,collar,False,True,uncertain,present,,,False,False
catflux,00494_00,lapel,False,False,absent,absent,,,False,False
catflux,00494_00,cuff,True,True,present,present,0.27296894788742065,0.2729688584804535,False,False
catflux,00494_00,button hole,False,False,absent,absent,,,False,False
catflux,00494_00,button,False,False,absent,absent,,,False,False
catflux,00494_00,pocket,False,False,absent,absent,,,False,False
catflux,00494_00,zipper,False,False,absent,absent,,,False,False
catflux,00494_00,sleeve,True,True,present,present,0.45383524894714355,0.543541669845581,False,False
catflux,00494_00,shoulder,False,True,present,present,,,False,False
catflux,00494_00,logo,True,True,present,present,0.5589763522148132,0.6226221919059753,False,False
catflux,00698_00,collar,False,False,absent,absent,,,False,False
catflux,00698_00,lapel,False,False,absent,absent,,,False,False
catflux,00698_00,cuff,False,False,absent,absent,,,False,False
catflux,00698_00,button hole,False,False,absent,absent,,,False,False
catflux,00698_00,button,False,False,present,uncertain,,,False,False
catflux,00698_00,pocket,False,False,absent,absent,,,False,False
catflux,00698_00,zipper,False,False,absent,absent,,,False,False
catflux,00698_00,sleeve,True,True,present,present,0.3099215626716614,0.2755258083343506,False,False
catflux,00698_00,shoulder,True,True,present,present,0.2129761278629303,0.2129761278629303,False,False
catflux,00698_00,logo,False,False,absent,absent,,,False,False
catflux,00827_00,collar,False,False,absent,absent,,,False,False
catflux,00827_00,lapel,False,False,absent,absent,,,False,False
catflux,00827_00,cuff,False,False,absent,absent,,,False,False
catflux,00827_00,button hole,False,False,absent,absent,,,False,False
catflux,00827_00,button,False,False,absent,absent,,,False,False
catflux,00827_00,pocket,False,False,absent,absent,,,False,False
catflux,00827_00,zipper,False,False,absent,absent,,,False,False
catflux,00827_00,sleeve,False,False,absent,absent,,,False,False
catflux,00827_00,shoulder,True,True,present,present,0.3216646909713745,0.3497075140476227,False,False
catflux,00827_00,logo,False,False,absent,absent,,,False,False
catflux,01026_00,collar,True,True,present,present,0.42472490668296814,0.5552616715431213,False,False
catflux,01026_00,lapel,False,False,absent,absent,,,False,False
catflux,01026_00,cuff,True,True,present,present,0.44340670108795166,0.43152686953544617,False,False
catflux,01026_00,button hole,False,False,absent,absent,,,False,False
catflux,01026_00,button,False,False,absent,absent,,,False,False
catflux,01026_00,pocket,False,False,absent,absent,,,False,False
catflux,01026_00,zipper,False,False,absent,absent,,,False,False
catflux,01026_00,sleeve,True,True,present,present,0.4481847286224365,0.4641188085079193,False,False
catflux,01026_00,shoulder,True,True,present,present,0.46948713064193726,0.6050111055374146,False,False
catflux,01026_00,logo,False,False,uncertain,uncertain,,,False,False
catflux,01046_00,collar,False,False,absent,absent,,,False,False
catflux,01046_00,lapel,False,False,absent,absent,,,False,False
catflux,01046_00,cuff,True,True,present,present,0.4243345558643341,0.42433464527130127,False,False
catflux,01046_00,button hole,False,False,absent,absent,,,False,False
catflux,01046_00,button,True,True,present,present,0.524594247341156,0.5245941281318665,False,False
catflux,01046_00,pocket,False,False,absent,absent,,,False,False
catflux,01046_00,zipper,False,False,absent,absent,,,False,False
catflux,01046_00,sleeve,True,True,present,present,0.4236487150192261,0.36599934101104736,False,False
catflux,01046_00,shoulder,False,True,present,present,,,False,False
catflux,01046_00,logo,False,False,absent,absent,,,False,False
catflux,01090_00,collar,True,True,present,present,0.5338017344474792,0.5261978507041931,False,False
catflux,01090_00,lapel,False,False,absent,absent,,,False,False
catflux,01090_00,cuff,True,True,present,present,0.21182547509670258,0.21182547509670258,False,False
catflux,01090_00,button hole,False,False,absent,absent,,,False,False
catflux,01090_00,button,False,False,absent,absent,,,False,False
catflux,01090_00,pocket,False,False,absent,absent,,,False,False
catflux,01090_00,zipper,False,False,absent,absent,,,False,False
catflux,01090_00,sleeve,True,True,present,present,0.436636358499527,0.436636358499527,False,False
catflux,01090_00,shoulder,True,True,present,present,0.49235883355140686,0.47854912281036377,False,False
catflux,01090_00,logo,False,False,absent,absent,,,False,False
catflux,01386_00,collar,True,True,present,present,0.4143732190132141,0.4598747789859772,False,False
catflux,01386_00,lapel,False,False,absent,absent,,,False,False
catflux,01386_00,cuff,False,False,absent,absent,,,False,False
catflux,01386_00,button hole,False,False,absent,absent,,,False,False
catflux,01386_00,button,False,False,absent,absent,,,False,False
catflux,01386_00,pocket,False,False,absent,absent,,,False,False
catflux,01386_00,zipper,False,False,absent,absent,,,False,False
catflux,01386_00,sleeve,True,True,present,present,0.35104992985725403,0.35104992985725403,False,False
catflux,01386_00,shoulder,True,True,present,present,0.45004358887672424,0.5537832975387573,False,False
catflux,01386_00,logo,False,False,absent,absent,,,False,False
catflux,01503_00,collar,False,False,uncertain,uncertain,,,False,False
catflux,01503_00,lapel,False,False,absent,absent,,,False,False
catflux,01503_00,cuff,False,False,uncertain,uncertain,,,False,False
catflux,01503_00,button hole,False,False,absent,absent,,,False,False
catflux,01503_00,button,False,False,absent,absent,,,False,False
catflux,01503_00,pocket,False,False,absent,absent,,,False,False
catflux,01503_00,zipper,False,False,absent,absent,,,False,False
catflux,01503_00,sleeve,True,True,present,present,0.2411898970603943,0.2411898970603943,False,False
catflux,01503_00,shoulder,True,True,present,present,0.2282954603433609,0.24602623283863068,False,False
catflux,01503_00,logo,False,False,absent,absent,,,False,False
catflux,01767_00,collar,False,True,absent,present,,,False,True
catflux,01767_00,lapel,False,False,absent,absent,,,False,False
catflux,01767_00,cuff,False,False,absent,absent,,,False,False
catflux,01767_00,button hole,False,False,absent,absent,,,False,False
catflux,01767_00,button,True,False,present,absent,0.31258702278137207,,True,False
catflux,01767_00,pocket,False,False,absent,absent,,,False,False
catflux,01767_00,zipper,False,False,absent,absent,,,False,False
catflux,01767_00,sleeve,True,True,present,present,0.274545282125473,0.37460771203041077,False,False
catflux,01767_00,shoulder,True,True,present,present,0.2549631893634796,0.2573337256908417,False,False
catflux,01767_00,logo,False,False,present,present,,,False,False
catflux,01801_00,collar,False,False,absent,absent,,,False,False
catflux,01801_00,lapel,False,False,absent,absent,,,False,False
catflux,01801_00,cuff,False,False,absent,absent,,,False,False
catflux,01801_00,button hole,False,False,absent,absent,,,False,False
catflux,01801_00,button,False,False,absent,absent,,,False,False
catflux,01801_00,pocket,False,False,absent,absent,,,False,False
catflux,01801_00,zipper,False,False,absent,absent,,,False,False
catflux,01801_00,sleeve,False,False,absent,absent,,,False,False
catflux,01801_00,shoulder,True,True,present,present,0.35975319147109985,0.6925883293151855,False,False
catflux,01801_00,logo,False,False,absent,absent,,,False,False
catflux,01827_00,collar,True,True,present,present,0.2866349220275879,0.2866349220275879,False,False
catflux,01827_00,lapel,False,False,absent,absent,,,False,False
catflux,01827_00,cuff,False,False,absent,uncertain,,,False,False
catflux,01827_00,button hole,False,False,absent,absent,,,False,False
catflux,01827_00,button,False,False,absent,absent,,,False,False
catflux,01827_00,pocket,True,True,present,present,0.17662060260772705,0.17662060260772705,False,False
catflux,01827_00,zipper,False,False,absent,absent,,,False,False
catflux,01827_00,sleeve,True,True,present,present,0.2522084414958954,0.2522084414958954,False,False
catflux,01827_00,shoulder,True,True,present,present,0.2795807123184204,0.47028079628944397,False,False
catflux,01827_00,logo,False,False,absent,absent,,,False,False
catflux,01832_00,collar,True,True,present,present,0.15405917167663574,0.19707979261875153,False,False
catflux,01832_00,lapel,False,False,absent,absent,,,False,False
catflux,01832_00,cuff,False,False,absent,absent,,,False,False
catflux,01832_00,button hole,False,False,absent,absent,,,False,False
catflux,01832_00,button,False,False,absent,absent,,,False,False
catflux,01832_00,pocket,False,False,absent,absent,,,False,False
catflux,01832_00,zipper,False,False,absent,absent,,,False,False
catflux,01832_00,sleeve,True,True,present,present,0.18132692575454712,0.2881210148334503,False,False
catflux,01832_00,shoulder,True,True,present,present,0.22445087134838104,0.44735288619995117,False,False
catflux,01832_00,logo,False,False,absent,absent,,,False,False
catflux,01877_00,collar,True,True,present,present,0.49257612228393555,0.49257612228393555,False,False
catflux,01877_00,lapel,False,False,absent,absent,,,False,False
catflux,01877_00,cuff,False,False,absent,absent,,,False,False
catflux,01877_00,button hole,False,False,absent,absent,,,False,False
catflux,01877_00,button,False,False,absent,absent,,,False,False
catflux,01877_00,pocket,False,False,absent,absent,,,False,False
catflux,01877_00,zipper,False,False,absent,absent,,,False,False
catflux,01877_00,sleeve,True,True,present,present,0.2581793963909149,0.2581148147583008,False,False
catflux,01877_00,shoulder,True,True,present,present,0.2837269902229309,0.31899797916412354,False,False
catflux,01877_00,logo,False,False,present,present,,,False,False
catflux,01900_00,collar,False,False,absent,absent,,,False,False
catflux,01900_00,lapel,False,False,absent,absent,,,False,False
catflux,01900_00,cuff,True,False,present,absent,0.36094698309898376,,True,False
catflux,01900_00,button hole,False,False,absent,absent,,,False,False
catflux,01900_00,button,False,False,absent,absent,,,False,False
catflux,01900_00,pocket,False,False,absent,absent,,,False,False
catflux,01900_00,zipper,False,False,absent,absent,,,False,False
catflux,01900_00,sleeve,True,True,present,present,0.44684112071990967,0.4322911500930786,False,False
catflux,01900_00,shoulder,True,True,present,present,0.5017252564430237,0.4788498282432556,False,False
catflux,01900_00,logo,False,False,absent,absent,,,False,False
catflux,01917_00,collar,True,True,present,present,0.33511099219322205,0.33511099219322205,False,False
catflux,01917_00,lapel,False,False,absent,absent,,,False,False
catflux,01917_00,cuff,False,False,absent,absent,,,False,False
catflux,01917_00,button hole,False,False,absent,absent,,,False,False
catflux,01917_00,button,False,False,absent,absent,,,False,False
catflux,01917_00,pocket,False,False,absent,absent,,,False,False
catflux,01917_00,zipper,False,False,absent,absent,,,False,False
catflux,01917_00,sleeve,True,True,present,present,0.2943812906742096,0.6865160465240479,False,False
catflux,01917_00,shoulder,True,True,present,present,0.3388567864894867,0.4503864645957947,False,False
catflux,01917_00,logo,False,False,absent,absent,,,False,False
catflux,01994_00,collar,False,False,absent,absent,,,False,False
catflux,01994_00,lapel,False,False,absent,absent,,,False,False
catflux,01994_00,cuff,False,False,absent,absent,,,False,False
catflux,01994_00,button hole,False,False,absent,absent,,,False,False
catflux,01994_00,button,False,False,absent,absent,,,False,False
catflux,01994_00,pocket,False,False,absent,absent,,,False,False
catflux,01994_00,zipper,False,False,absent,absent,,,False,False
catflux,01994_00,sleeve,True,True,present,present,0.23980680108070374,0.21824604272842407,False,False
catflux,01994_00,shoulder,True,True,present,present,0.27200227975845337,0.2965238392353058,False,False
catflux,01994_00,logo,False,False,absent,absent,,,False,False
catflux,02180_00,collar,True,True,present,present,0.2848407030105591,0.2848407030105591,False,False
catflux,02180_00,lapel,False,False,absent,absent,,,False,False
catflux,02180_00,cuff,False,False,uncertain,absent,,,False,False
catflux,02180_00,button hole,False,False,absent,absent,,,False,False
catflux,02180_00,button,False,True,absent,present,,,False,True
catflux,02180_00,pocket,False,False,absent,absent,,,False,False
catflux,02180_00,zipper,False,False,absent,absent,,,False,False
catflux,02180_00,sleeve,True,True,present,present,0.31517234444618225,0.32095399498939514,False,False
catflux,02180_00,shoulder,True,True,present,present,0.28817200660705566,0.2899903655052185,False,False
catflux,02180_00,logo,True,True,present,present,0.3296016752719879,0.3296017050743103,False,False
catflux,02253_00,collar,False,False,uncertain,uncertain,,,False,False
catflux,02253_00,lapel,False,False,absent,absent,,,False,False
catflux,02253_00,cuff,True,True,present,present,0.35408884286880493,0.3715851306915283,False,False
catflux,02253_00,button hole,False,False,absent,absent,,,False,False
catflux,02253_00,button,False,False,absent,absent,,,False,False
catflux,02253_00,pocket,False,False,absent,absent,,,False,False
catflux,02253_00,zipper,False,False,absent,absent,,,False,False
catflux,02253_00,sleeve,True,True,present,present,0.6262349486351013,0.6150240302085876,False,False
catflux,02253_00,shoulder,True,True,present,present,0.568872332572937,0.6124783158302307,False,False
catflux,02253_00,logo,False,False,absent,absent,,,False,False
catflux,02327_00,collar,True,False,present,absent,0.6698420643806458,,True,False
catflux,02327_00,lapel,False,False,absent,absent,,,False,False
catflux,02327_00,cuff,False,False,absent,absent,,,False,False
catflux,02327_00,button hole,False,False,absent,absent,,,False,False
catflux,02327_00,button,False,False,absent,absent,,,False,False
catflux,02327_00,pocket,False,False,absent,absent,,,False,False
catflux,02327_00,zipper,False,False,absent,absent,,,False,False
catflux,02327_00,sleeve,False,True,present,present,,,False,False
catflux,02327_00,shoulder,True,True,present,present,0.5986362099647522,0.7062360644340515,False,False
catflux,02327_00,logo,False,False,absent,absent,,,False,False
catflux,02336_00,collar,False,False,absent,absent,,,False,False
catflux,02336_00,lapel,False,False,absent,absent,,,False,False
catflux,02336_00,cuff,False,False,absent,absent,,,False,False
catflux,02336_00,button hole,False,False,absent,absent,,,False,False
catflux,02336_00,button,False,False,absent,absent,,,False,False
catflux,02336_00,pocket,False,False,absent,absent,,,False,False
catflux,02336_00,zipper,False,False,absent,absent,,,False,False
catflux,02336_00,sleeve,False,False,absent,absent,,,False,False
catflux,02336_00,shoulder,True,True,present,present,0.4609273672103882,0.5193554759025574,False,False
catflux,02336_00,logo,False,False,absent,absent,,,False,False
catflux,02372_00,collar,False,False,absent,absent,,,False,False
catflux,02372_00,lapel,False,False,absent,absent,,,False,False
catflux,02372_00,cuff,False,False,absent,absent,,,False,False
catflux,02372_00,button hole,False,False,absent,absent,,,False,False
catflux,02372_00,button,False,False,absent,absent,,,False,False
catflux,02372_00,pocket,False,False,absent,absent,,,False,False
catflux,02372_00,zipper,False,False,absent,absent,,,False,False
catflux,02372_00,sleeve,False,False,absent,absent,,,False,False
catflux,02372_00,shoulder,True,True,present,present,0.32903656363487244,0.32903656363487244,False,False
catflux,02372_00,logo,False,False,absent,absent,,,False,False
catflux,02388_00,collar,True,True,present,present,0.3687500059604645,0.4228504002094269,False,False
catflux,02388_00,lapel,False,False,absent,absent,,,False,False
catflux,02388_00,cuff,False,False,absent,absent,,,False,False
catflux,02388_00,button hole,False,False,absent,absent,,,False,False
catflux,02388_00,button,False,False,absent,absent,,,False,False
catflux,02388_00,pocket,False,False,absent,absent,,,False,False
catflux,02388_00,zipper,False,False,absent,absent,,,False,False
catflux,02388_00,sleeve,True,True,present,present,0.4445846676826477,0.5863181352615356,False,False
catflux,02388_00,shoulder,True,True,present,present,0.37451171875,0.396262526512146,False,False
catflux,02388_00,logo,False,False,absent,absent,,,False,False
catflux,02400_00,collar,False,False,absent,absent,,,False,False
catflux,02400_00,lapel,False,False,absent,absent,,,False,False
catflux,02400_00,cuff,False,False,absent,absent,,,False,False
catflux,02400_00,button hole,False,False,absent,absent,,,False,False
catflux,02400_00,button,False,False,absent,absent,,,False,False
catflux,02400_00,pocket,False,False,absent,absent,,,False,False
catflux,02400_00,zipper,False,False,absent,absent,,,False,False
catflux,02400_00,sleeve,True,True,present,present,0.41438111662864685,0.6981689929962158,False,False
catflux,02400_00,shoulder,True,True,present,present,0.5307897329330444,0.6451206803321838,False,False
catflux,02400_00,logo,False,False,absent,absent,,,False,False
catflux,02457_00,collar,False,False,absent,absent,,,False,False
catflux,02457_00,lapel,False,False,absent,absent,,,False,False
catflux,02457_00,cuff,False,False,absent,absent,,,False,False
catflux,02457_00,button hole,False,False,absent,absent,,,False,False
catflux,02457_00,button,False,False,absent,absent,,,False,False
catflux,02457_00,pocket,False,False,absent,absent,,,False,False
catflux,02457_00,zipper,False,False,absent,absent,,,False,False
catflux,02457_00,sleeve,True,True,present,present,0.4705244302749634,0.5281593799591064,False,False
catflux,02457_00,shoulder,True,True,present,present,0.42672935128211975,0.3897446393966675,False,False
catflux,02457_00,logo,False,False,absent,absent,,,False,False
catflux,02743_00,collar,True,True,present,present,0.4324479401111603,0.41257479786872864,False,False
catflux,02743_00,lapel,False,False,absent,absent,,,False,False
catflux,02743_00,cuff,True,True,present,present,0.23669221997261047,0.4741397202014923,False,False
catflux,02743_00,button hole,False,False,absent,absent,,,False,False
catflux,02743_00,button,False,False,absent,absent,,,False,False
catflux,02743_00,pocket,False,False,absent,absent,,,False,False
catflux,02743_00,zipper,False,False,absent,absent,,,False,False
catflux,02743_00,sleeve,True,True,present,present,0.31573686003685,0.3778224587440491,False,False
catflux,02743_00,shoulder,True,True,present,present,0.30228352546691895,0.3068225681781769,False,False
catflux,02743_00,logo,True,True,present,present,0.29149386286735535,0.34146806597709656,False,False
catflux,02810_00,collar,False,False,absent,absent,,,False,False
catflux,02810_00,lapel,False,False,absent,absent,,,False,False
catflux,02810_00,cuff,False,False,absent,absent,,,False,False
catflux,02810_00,button hole,False,False,absent,absent,,,False,False
catflux,02810_00,button,False,False,absent,absent,,,False,False
catflux,02810_00,pocket,True,True,present,present,0.3853934705257416,0.3853934705257416,False,False
catflux,02810_00,zipper,False,False,absent,absent,,,False,False
catflux,02810_00,sleeve,True,True,present,present,0.3110363781452179,0.3110363781452179,False,False
catflux,02810_00,shoulder,True,True,present,present,0.39344069361686707,0.3921716511249542,False,False
catflux,02810_00,logo,False,False,absent,absent,,,False,False
catflux,02871_00,collar,True,True,present,present,0.347768098115921,0.3781096935272217,False,False
catflux,02871_00,lapel,False,False,absent,absent,,,False,False
catflux,02871_00,cuff,False,False,uncertain,absent,,,False,False
catflux,02871_00,button hole,False,False,absent,absent,,,False,False
catflux,02871_00,button,False,False,absent,absent,,,False,False
catflux,02871_00,pocket,False,False,absent,absent,,,False,False
catflux,02871_00,zipper,False,False,absent,absent,,,False,False
catflux,02871_00,sleeve,True,True,present,present,0.3709752857685089,0.37097522616386414,False,False
catflux,02871_00,shoulder,True,False,present,present,0.3478256165981293,,True,False
catflux,02871_00,logo,True,True,present,present,0.3738824725151062,0.3738825023174286,False,False
catflux,03013_00,collar,True,True,present,present,0.3302491307258606,0.2959333062171936,False,False
catflux,03013_00,lapel,False,False,absent,absent,,,False,False
catflux,03013_00,cuff,False,False,absent,absent,,,False,False
catflux,03013_00,button hole,False,False,absent,absent,,,False,False
catflux,03013_00,button,False,False,absent,absent,,,False,False
catflux,03013_00,pocket,False,False,absent,absent,,,False,False
catflux,03013_00,zipper,False,False,absent,absent,,,False,False
catflux,03013_00,sleeve,True,True,present,present,0.2857569754123688,0.2857569754123688,False,False
catflux,03013_00,shoulder,True,True,present,present,0.2739497125148773,0.31095200777053833,False,False
catflux,03013_00,logo,False,False,absent,absent,,,False,False
catflux,03191_00,collar,False,False,absent,absent,,,False,False
catflux,03191_00,lapel,False,False,absent,absent,,,False,False
catflux,03191_00,cuff,False,True,uncertain,present,,,False,False
catflux,03191_00,button hole,False,False,absent,absent,,,False,False
catflux,03191_00,button,False,False,absent,absent,,,False,False
catflux,03191_00,pocket,False,False,absent,absent,,,False,False
catflux,03191_00,zipper,False,False,absent,absent,,,False,False
catflux,03191_00,sleeve,True,True,present,present,0.2883315980434418,0.3049940764904022,False,False
catflux,03191_00,shoulder,True,True,present,present,0.23942722380161285,0.2248028814792633,False,False
catflux,03191_00,logo,False,False,absent,absent,,,False,False
catflux,03608_00,collar,True,True,present,present,0.4029560387134552,0.4029560387134552,False,False
catflux,03608_00,lapel,False,False,absent,absent,,,False,False
catflux,03608_00,cuff,True,True,present,present,0.37839895486831665,0.4061150550842285,False,False
catflux,03608_00,button hole,False,False,absent,absent,,,False,False
catflux,03608_00,button,False,False,absent,absent,,,False,False
catflux,03608_00,pocket,False,False,absent,absent,,,False,False
catflux,03608_00,zipper,False,False,absent,absent,,,False,False
catflux,03608_00,sleeve,True,True,present,present,0.48219797015190125,0.5209634900093079,False,False
catflux,03608_00,shoulder,True,True,present,present,0.4092657268047333,0.42501378059387207,False,False
catflux,03608_00,logo,False,False,absent,absent,,,False,False
catflux,03935_00,collar,True,True,present,present,0.2730953097343445,0.3653455376625061,False,False
catflux,03935_00,lapel,False,False,absent,absent,,,False,False
catflux,03935_00,cuff,True,True,present,present,0.3726641535758972,0.3157508671283722,False,False
catflux,03935_00,button hole,False,False,absent,absent,,,False,False
catflux,03935_00,button,False,False,absent,absent,,,False,False
catflux,03935_00,pocket,False,False,absent,absent,,,False,False
catflux,03935_00,zipper,False,False,absent,absent,,,False,False
catflux,03935_00,sleeve,True,True,present,present,0.3109721839427948,0.3523465394973755,False,False
catflux,03935_00,shoulder,True,True,present,present,0.2859237492084503,0.3349272310733795,False,False
catflux,03935_00,logo,False,False,absent,absent,,,False,False
catflux,03950_00,collar,False,False,absent,absent,,,False,False
catflux,03950_00,lapel,False,False,absent,absent,,,False,False
catflux,03950_00,cuff,False,True,absent,present,,,False,True
catflux,03950_00,button hole,False,False,absent,absent,,,False,False
catflux,03950_00,button,False,False,absent,absent,,,False,False
catflux,03950_00,pocket,False,False,absent,absent,,,False,False
catflux,03950_00,zipper,False,False,absent,absent,,,False,False
catflux,03950_00,sleeve,True,True,present,present,0.5527529716491699,0.5527530312538147,False,False
catflux,03950_00,shoulder,True,True,present,present,0.3727845549583435,0.36106106638908386,False,False
catflux,03950_00,logo,False,False,absent,absent,,,False,False
catflux,03991_00,collar,True,True,present,present,0.5605744123458862,0.5411660075187683,False,False
catflux,03991_00,lapel,False,False,absent,absent,,,False,False
catflux,03991_00,cuff,False,False,absent,absent,,,False,False
catflux,03991_00,button hole,False,False,absent,absent,,,False,False
catflux,03991_00,button,False,False,absent,absent,,,False,False
catflux,03991_00,pocket,False,False,absent,absent,,,False,False
catflux,03991_00,zipper,False,False,absent,absent,,,False,False
catflux,03991_00,sleeve,False,False,absent,absent,,,False,False
catflux,03991_00,shoulder,True,False,present,uncertain,0.5321695804595947,,True,False
catflux,03991_00,logo,False,False,absent,absent,,,False,False
catflux,04430_00,collar,True,True,present,present,0.20503392815589905,0.20503392815589905,False,False
catflux,04430_00,lapel,False,False,absent,absent,,,False,False
catflux,04430_00,cuff,False,False,absent,absent,,,False,False
catflux,04430_00,button hole,False,False,absent,absent,,,False,False
catflux,04430_00,button,False,False,absent,absent,,,False,False
catflux,04430_00,pocket,False,False,absent,absent,,,False,False
catflux,04430_00,zipper,False,False,absent,absent,,,False,False
catflux,04430_00,sleeve,True,True,present,present,0.3193204402923584,0.4232254922389984,False,False
catflux,04430_00,shoulder,True,True,present,present,0.24695901572704315,0.24695901572704315,False,False
catflux,04430_00,logo,False,False,absent,absent,,,False,False
catflux,04562_00,collar,True,False,present,uncertain,0.7883623242378235,,True,False
catflux,04562_00,lapel,False,False,absent,absent,,,False,False
catflux,04562_00,cuff,False,False,absent,present,,,False,False
catflux,04562_00,button hole,False,False,absent,absent,,,False,False
catflux,04562_00,button,False,False,absent,absent,,,False,False
catflux,04562_00,pocket,False,True,absent,present,,,False,True
catflux,04562_00,zipper,False,False,absent,absent,,,False,False
catflux,04562_00,sleeve,True,True,present,present,0.4295031726360321,0.5570433735847473,False,False
catflux,04562_00,shoulder,True,True,present,present,0.6020031571388245,0.4937777519226074,False,False
catflux,04562_00,logo,False,False,absent,absent,,,False,False
catflux,04652_00,collar,False,False,absent,absent,,,False,False
catflux,04652_00,lapel,False,False,absent,absent,,,False,False
catflux,04652_00,cuff,False,False,absent,absent,,,False,False
catflux,04652_00,button hole,False,False,absent,absent,,,False,False
catflux,04652_00,button,False,False,absent,absent,,,False,False
catflux,04652_00,pocket,False,False,absent,absent,,,False,False
catflux,04652_00,zipper,False,False,absent,absent,,,False,False
catflux,04652_00,sleeve,True,True,present,present,0.4633543789386749,0.4377087950706482,False,False
catflux,04652_00,shoulder,True,True,present,present,0.6664124727249146,0.7945131063461304,False,False
catflux,04652_00,logo,False,False,absent,absent,,,False,False
catflux,04680_00,collar,False,False,uncertain,absent,,,False,False
catflux,04680_00,lapel,False,False,absent,absent,,,False,False
catflux,04680_00,cuff,False,False,absent,absent,,,False,False
catflux,04680_00,button hole,False,False,absent,absent,,,False,False
catflux,04680_00,button,True,True,present,present,0.3222310543060303,0.3280583322048187,False,False
catflux,04680_00,pocket,False,False,absent,absent,,,False,False
catflux,04680_00,zipper,False,False,absent,absent,,,False,False
catflux,04680_00,sleeve,False,False,absent,absent,,,False,False
catflux,04680_00,shoulder,True,True,present,present,0.2855466902256012,0.2838497757911682,False,False
catflux,04680_00,logo,False,False,absent,absent,,,False,False
catflux,04699_00,collar,False,False,absent,absent,,,False,False
catflux,04699_00,lapel,False,False,absent,absent,,,False,False
catflux,04699_00,cuff,False,True,uncertain,present,,,False,False
catflux,04699_00,button hole,False,False,absent,absent,,,False,False
catflux,04699_00,button,False,False,absent,absent,,,False,False
catflux,04699_00,pocket,False,False,absent,absent,,,False,False
catflux,04699_00,zipper,False,False,absent,absent,,,False,False
catflux,04699_00,sleeve,True,True,present,present,0.4932186007499695,0.4932186007499695,False,False
catflux,04699_00,shoulder,True,True,present,present,0.34587135910987854,0.3802448511123657,False,False
catflux,04699_00,logo,False,False,absent,absent,,,False,False
catflux,04847_00,collar,True,True,present,present,0.4263574481010437,0.5392214059829712,False,False
catflux,04847_00,lapel,False,False,absent,absent,,,False,False
catflux,04847_00,cuff,False,False,absent,absent,,,False,False
catflux,04847_00,button hole,False,False,absent,absent,,,False,False
catflux,04847_00,button,False,False,absent,absent,,,False,False
catflux,04847_00,pocket,False,False,absent,absent,,,False,False
catflux,04847_00,zipper,False,False,absent,absent,,,False,False
catflux,04847_00,sleeve,True,True,present,present,0.387809157371521,0.4841252267360687,False,False
catflux,04847_00,shoulder,False,False,present,present,,,False,False
catflux,04847_00,logo,True,True,present,present,0.46482330560684204,0.5948159694671631,False,False
catflux,04893_00,collar,False,False,absent,absent,,,False,False
catflux,04893_00,lapel,False,False,absent,absent,,,False,False
catflux,04893_00,cuff,False,False,absent,absent,,,False,False
catflux,04893_00,button hole,False,False,absent,absent,,,False,False
catflux,04893_00,button,False,False,absent,absent,,,False,False
catflux,04893_00,pocket,False,False,absent,absent,,,False,False
catflux,04893_00,zipper,False,False,absent,absent,,,False,False
catflux,04893_00,sleeve,True,True,present,present,0.2749728560447693,0.47615042328834534,False,False
catflux,04893_00,shoulder,True,True,present,present,0.3712195158004761,0.527476966381073,False,False
catflux,04893_00,logo,False,False,absent,absent,,,False,False
catflux,04944_00,collar,True,True,present,present,0.6191926002502441,0.5794759392738342,False,False
catflux,04944_00,lapel,False,False,absent,absent,,,False,False
catflux,04944_00,cuff,False,False,absent,absent,,,False,False
catflux,04944_00,button hole,False,False,absent,absent,,,False,False
catflux,04944_00,button,False,False,absent,absent,,,False,False
catflux,04944_00,pocket,False,False,absent,absent,,,False,False
catflux,04944_00,zipper,False,False,absent,absent,,,False,False
catflux,04944_00,sleeve,True,True,present,present,0.4600788950920105,0.5731980800628662,False,False
catflux,04944_00,shoulder,True,True,present,present,0.4770340919494629,0.4740104079246521,False,False
catflux,04944_00,logo,False,False,absent,absent,,,False,False
catflux,05156_00,collar,True,True,present,present,0.3438427448272705,0.3438427448272705,False,False
catflux,05156_00,lapel,False,False,absent,absent,,,False,False
catflux,05156_00,cuff,True,True,present,present,0.3081876039505005,0.42450493574142456,False,False
catflux,05156_00,button hole,False,False,absent,absent,,,False,False
catflux,05156_00,button,False,False,absent,absent,,,False,False
catflux,05156_00,pocket,False,False,absent,absent,,,False,False
catflux,05156_00,zipper,False,False,absent,absent,,,False,False
catflux,05156_00,sleeve,True,True,present,present,0.3540518879890442,0.3540518879890442,False,False
catflux,05156_00,shoulder,True,True,present,present,0.31176257133483887,0.29514792561531067,False,False
catflux,05156_00,logo,False,False,absent,absent,,,False,False
catflux,05329_00,collar,False,False,absent,absent,,,False,False
catflux,05329_00,lapel,False,False,absent,absent,,,False,False
catflux,05329_00,cuff,False,False,absent,absent,,,False,False
catflux,05329_00,button hole,False,False,absent,absent,,,False,False
catflux,05329_00,button,False,False,absent,absent,,,False,False
catflux,05329_00,pocket,False,False,absent,absent,,,False,False
catflux,05329_00,zipper,False,False,absent,absent,,,False,False
catflux,05329_00,sleeve,True,True,present,present,0.32444578409194946,0.3287366032600403,False,False
catflux,05329_00,shoulder,True,True,present,present,0.38164204359054565,0.5208394527435303,False,False
catflux,05329_00,logo,False,False,absent,absent,,,False,False
catflux,05544_00,collar,True,True,present,present,0.3423457741737366,0.3423457741737366,False,False
catflux,05544_00,lapel,False,False,absent,absent,,,False,False
catflux,05544_00,cuff,False,False,absent,absent,,,False,False
catflux,05544_00,button hole,False,False,absent,absent,,,False,False
catflux,05544_00,button,False,False,absent,absent,,,False,False
catflux,05544_00,pocket,False,False,absent,absent,,,False,False
catflux,05544_00,zipper,False,False,absent,absent,,,False,False
catflux,05544_00,sleeve,False,False,absent,absent,,,False,False
catflux,05544_00,shoulder,False,False,uncertain,uncertain,,,False,False
catflux,05544_00,logo,False,False,absent,absent,,,False,False
catflux,05910_00,collar,False,False,absent,uncertain,,,False,False
catflux,05910_00,lapel,False,False,absent,absent,,,False,False
catflux,05910_00,cuff,False,False,absent,absent,,,False,False
catflux,05910_00,button hole,False,False,absent,absent,,,False,False
catflux,05910_00,button,False,False,absent,absent,,,False,False
catflux,05910_00,pocket,False,False,absent,absent,,,False,False
catflux,05910_00,zipper,False,False,absent,absent,,,False,False
catflux,05910_00,sleeve,False,False,absent,absent,,,False,False
catflux,05910_00,shoulder,True,True,present,present,0.3316618800163269,0.3295268416404724,False,False
catflux,05910_00,logo,False,False,absent,absent,,,False,False
catflux,05961_00,collar,False,True,absent,present,,,False,True
catflux,05961_00,lapel,False,False,absent,absent,,,False,False
catflux,05961_00,cuff,False,False,absent,absent,,,False,False
catflux,05961_00,button hole,False,False,absent,absent,,,False,False
catflux,05961_00,button,False,False,absent,absent,,,False,False
catflux,05961_00,pocket,False,False,absent,absent,,,False,False
catflux,05961_00,zipper,False,False,absent,absent,,,False,False
catflux,05961_00,sleeve,True,True,present,present,0.284473717212677,0.2610865533351898,False,False
catflux,05961_00,shoulder,True,True,present,present,0.3391290009021759,0.4420805275440216,False,False
catflux,05961_00,logo,False,False,absent,absent,,,False,False
catflux,06192_00,collar,True,False,present,absent,0.4037345349788666,,True,False
catflux,06192_00,lapel,False,False,absent,absent,,,False,False
catflux,06192_00,cuff,True,True,present,present,0.21972617506980896,0.2171795815229416,False,False
catflux,06192_00,button hole,False,False,absent,absent,,,False,False
catflux,06192_00,button,False,False,absent,absent,,,False,False
catflux,06192_00,pocket,False,False,absent,absent,,,False,False
catflux,06192_00,zipper,False,False,absent,absent,,,False,False
catflux,06192_00,sleeve,True,True,present,present,0.4339933395385742,0.4339933693408966,False,False
catflux,06192_00,shoulder,True,True,present,present,0.4306820333003998,0.43068209290504456,False,False
catflux,06192_00,logo,False,False,absent,absent,,,False,False
catflux,06730_00,collar,True,True,present,present,0.2122427225112915,0.19316330552101135,False,False
catflux,06730_00,lapel,False,False,absent,absent,,,False,False
catflux,06730_00,cuff,True,True,present,present,0.24845005571842194,0.4626575708389282,False,False
catflux,06730_00,button hole,False,False,absent,absent,,,False,False
catflux,06730_00,button,False,False,absent,absent,,,False,False
catflux,06730_00,pocket,False,False,absent,absent,,,False,False
catflux,06730_00,zipper,False,False,absent,absent,,,False,False
catflux,06730_00,sleeve,True,True,present,present,0.23747435212135315,0.2487221360206604,False,False
catflux,06730_00,shoulder,True,True,present,present,0.28751808404922485,0.33339381217956543,False,False
catflux,06730_00,logo,False,False,absent,absent,,,False,False
catflux,06753_00,collar,False,False,uncertain,absent,,,False,False
catflux,06753_00,lapel,False,False,absent,absent,,,False,False
catflux,06753_00,cuff,False,False,absent,absent,,,False,False
catflux,06753_00,button hole,False,False,absent,absent,,,False,False
catflux,06753_00,button,False,False,absent,absent,,,False,False
catflux,06753_00,pocket,False,False,absent,absent,,,False,False
catflux,06753_00,zipper,False,False,absent,absent,,,False,False
catflux,06753_00,sleeve,True,True,present,present,0.24369241297245026,0.24093835055828094,False,False
catflux,06753_00,shoulder,True,True,present,present,0.22789858281612396,0.287290096282959,False,False
catflux,06753_00,logo,False,False,absent,absent,,,False,False
catflux,06939_00,collar,True,True,present,present,0.34893378615379333,0.4152248501777649,False,False
catflux,06939_00,lapel,False,False,absent,absent,,,False,False
catflux,06939_00,cuff,False,False,absent,absent,,,False,False
catflux,06939_00,button hole,False,False,absent,absent,,,False,False
catflux,06939_00,button,False,False,absent,absent,,,False,False
catflux,06939_00,pocket,False,False,absent,absent,,,False,False
catflux,06939_00,zipper,False,False,absent,absent,,,False,False
catflux,06939_00,sleeve,True,True,present,present,0.23270167410373688,0.42321518063545227,False,False
catflux,06939_00,shoulder,True,True,present,present,0.24602647125720978,0.3154752552509308,False,False
catflux,06939_00,logo,True,False,present,uncertain,0.295691579580307,,True,False
catflux,06978_00,collar,False,False,absent,absent,,,False,False
catflux,06978_00,lapel,False,False,absent,absent,,,False,False
catflux,06978_00,cuff,False,False,absent,absent,,,False,False
catflux,06978_00,button hole,False,False,absent,absent,,,False,False
catflux,06978_00,button,False,False,absent,absent,,,False,False
catflux,06978_00,pocket,False,False,absent,absent,,,False,False
catflux,06978_00,zipper,False,False,absent,absent,,,False,False
catflux,06978_00,sleeve,True,True,present,present,0.30948978662490845,0.30948978662490845,False,False
catflux,06978_00,shoulder,True,True,present,present,0.34615036845207214,0.4079940617084503,False,False
catflux,06978_00,logo,False,False,absent,absent,,,False,False
catflux,07150_00,collar,True,True,present,present,0.2374453842639923,0.2374453842639923,False,False
catflux,07150_00,lapel,False,False,absent,absent,,,False,False
catflux,07150_00,cuff,False,False,absent,absent,,,False,False
catflux,07150_00,button hole,False,False,absent,absent,,,False,False
catflux,07150_00,button,False,False,absent,absent,,,False,False
catflux,07150_00,pocket,False,False,absent,absent,,,False,False
catflux,07150_00,zipper,False,False,absent,absent,,,False,False
catflux,07150_00,sleeve,True,True,present,present,0.20044787228107452,0.19886787235736847,False,False
catflux,07150_00,shoulder,True,True,present,present,0.19075660407543182,0.19075660407543182,False,False
catflux,07150_00,logo,False,False,uncertain,uncertain,,,False,False
catflux,07212_00,collar,False,False,absent,uncertain,,,False,False
catflux,07212_00,lapel,False,False,absent,absent,,,False,False
catflux,07212_00,cuff,True,True,present,present,0.15909330546855927,0.20499905943870544,False,False
catflux,07212_00,button hole,False,False,absent,absent,,,False,False
catflux,07212_00,button,True,True,present,present,0.3418823778629303,0.3145112991333008,False,False
catflux,07212_00,pocket,False,False,absent,absent,,,False,False
catflux,07212_00,zipper,False,False,absent,absent,,,False,False
catflux,07212_00,sleeve,True,True,present,present,0.3182653486728668,0.34869909286499023,False,False
catflux,07212_00,shoulder,True,True,present,present,0.41849273443222046,0.5312427878379822,False,False
catflux,07212_00,logo,False,True,uncertain,present,,,False,False
catflux,07396_00,collar,False,True,absent,present,,,False,True
catflux,07396_00,lapel,False,False,absent,absent,,,False,False
catflux,07396_00,cuff,False,False,uncertain,uncertain,,,False,False
catflux,07396_00,button hole,False,False,absent,absent,,,False,False
catflux,07396_00,button,False,False,absent,absent,,,False,False
catflux,07396_00,pocket,False,False,absent,absent,,,False,False
catflux,07396_00,zipper,False,False,absent,absent,,,False,False
catflux,07396_00,sleeve,True,True,present,present,0.4019518494606018,0.41069939732551575,False,False
catflux,07396_00,shoulder,True,True,present,present,0.44381681084632874,0.4503228962421417,False,False
catflux,07396_00,logo,False,False,absent,absent,,,False,False
catflux,07573_00,collar,False,False,absent,absent,,,False,False
catflux,07573_00,lapel,False,False,absent,absent,,,False,False
catflux,07573_00,cuff,False,False,absent,absent,,,False,False
catflux,07573_00,button hole,False,False,absent,absent,,,False,False
catflux,07573_00,button,False,False,absent,absent,,,False,False
catflux,07573_00,pocket,False,False,absent,absent,,,False,False
catflux,07573_00,zipper,False,False,absent,absent,,,False,False
catflux,07573_00,sleeve,True,True,present,present,0.3062596619129181,0.35697081685066223,False,False
catflux,07573_00,shoulder,True,True,present,present,0.4166659414768219,0.4538242518901825,False,False
catflux,07573_00,logo,False,False,absent,absent,,,False,False
catflux,07599_00,collar,True,True,present,present,0.5239071846008301,0.5239071846008301,False,False
catflux,07599_00,lapel,False,False,absent,absent,,,False,False
catflux,07599_00,cuff,False,False,absent,absent,,,False,False
catflux,07599_00,button hole,False,False,absent,absent,,,False,False
catflux,07599_00,button,False,False,absent,absent,,,False,False
catflux,07599_00,pocket,False,False,absent,absent,,,False,False
catflux,07599_00,zipper,False,False,absent,absent,,,False,False
catflux,07599_00,sleeve,False,False,absent,absent,,,False,False
catflux,07599_00,shoulder,True,True,present,present,0.4899490773677826,0.5329700708389282,False,False
catflux,07599_00,logo,False,False,absent,absent,,,False,False
catflux,07694_00,collar,True,False,present,present,0.32167336344718933,,True,False
catflux,07694_00,lapel,False,False,absent,absent,,,False,False
catflux,07694_00,cuff,False,False,absent,absent,,,False,False
catflux,07694_00,button hole,False,False,absent,absent,,,False,False
catflux,07694_00,button,False,False,absent,absent,,,False,False
catflux,07694_00,pocket,False,False,absent,absent,,,False,False
catflux,07694_00,zipper,False,False,absent,absent,,,False,False
catflux,07694_00,sleeve,True,True,present,present,0.260846883058548,0.2608468532562256,False,False
catflux,07694_00,shoulder,True,True,present,present,0.26878026127815247,0.26878029108047485,False,False
catflux,07694_00,logo,True,True,present,present,0.3676132559776306,0.3640298545360565,False,False
catflux,07707_00,collar,False,False,absent,absent,,,False,False
catflux,07707_00,lapel,False,False,absent,absent,,,False,False
catflux,07707_00,cuff,False,False,absent,absent,,,False,False
catflux,07707_00,button hole,False,False,absent,absent,,,False,False
catflux,07707_00,button,False,False,absent,absent,,,False,False
catflux,07707_00,pocket,False,False,absent,absent,,,False,False
catflux,07707_00,zipper,False,False,absent,absent,,,False,False
catflux,07707_00,sleeve,False,False,absent,absent,,,False,False
catflux,07707_00,shoulder,True,True,present,present,0.2575748860836029,0.2575748860836029,False,False
catflux,07707_00,logo,False,False,absent,absent,,,False,False
catflux,07825_00,collar,True,True,present,present,0.4491823613643646,0.4491824805736542,False,False
catflux,07825_00,lapel,False,False,absent,absent,,,False,False
catflux,07825_00,cuff,True,False,present,absent,0.3960416615009308,,True,False
catflux,07825_00,button hole,False,False,absent,absent,,,False,False
catflux,07825_00,button,False,False,absent,absent,,,False,False
catflux,07825_00,pocket,False,False,absent,absent,,,False,False
catflux,07825_00,zipper,False,False,absent,absent,,,False,False
catflux,07825_00,sleeve,True,True,present,present,0.5337281227111816,0.5337281227111816,False,False
catflux,07825_00,shoulder,True,True,present,present,0.4450036287307739,0.4592793881893158,False,False
catflux,07825_00,logo,False,False,absent,absent,,,False,False
catflux,07847_00,collar,False,False,absent,absent,,,False,False
catflux,07847_00,lapel,False,False,absent,absent,,,False,False
catflux,07847_00,cuff,False,False,absent,absent,,,False,False
catflux,07847_00,button hole,False,False,absent,absent,,,False,False
catflux,07847_00,button,False,False,absent,absent,,,False,False
catflux,07847_00,pocket,False,False,absent,absent,,,False,False
catflux,07847_00,zipper,False,False,absent,absent,,,False,False
catflux,07847_00,sleeve,True,True,present,present,0.5594968199729919,0.5734004378318787,False,False
catflux,07847_00,shoulder,True,True,present,present,0.5930299162864685,0.5747944712638855,False,False
catflux,07847_00,logo,False,False,absent,absent,,,False,False
catflux,07884_00,collar,True,True,present,present,0.28718888759613037,0.3901568353176117,False,False
catflux,07884_00,lapel,False,False,absent,absent,,,False,False
catflux,07884_00,cuff,False,False,absent,absent,,,False,False
catflux,07884_00,button hole,False,False,absent,absent,,,False,False
catflux,07884_00,button,False,False,absent,absent,,,False,False
catflux,07884_00,pocket,False,False,absent,absent,,,False,False
catflux,07884_00,zipper,False,False,absent,absent,,,False,False
catflux,07884_00,sleeve,True,True,present,present,0.19941526651382446,0.43873682618141174,False,False
catflux,07884_00,shoulder,True,True,present,present,0.2073480784893036,0.4077412188053131,False,False
catflux,07884_00,logo,True,True,present,present,0.24762053787708282,0.24778276681900024,False,False
catflux,07965_00,collar,True,True,present,present,0.2132282704114914,0.2215566784143448,False,False
catflux,07965_00,lapel,False,False,absent,absent,,,False,False
catflux,07965_00,cuff,True,True,present,present,0.6963386535644531,0.6560618281364441,False,False
catflux,07965_00,button hole,False,False,absent,absent,,,False,False
catflux,07965_00,button,False,False,absent,absent,,,False,False
catflux,07965_00,pocket,False,False,absent,absent,,,False,False
catflux,07965_00,zipper,False,False,absent,absent,,,False,False
catflux,07965_00,sleeve,True,True,present,present,0.24555085599422455,0.24555085599422455,False,False
catflux,07965_00,shoulder,True,True,present,present,0.26755791902542114,0.2983599305152893,False,False
catflux,07965_00,logo,False,False,absent,absent,,,False,False
catflux,07966_00,collar,False,True,uncertain,present,,,False,False
catflux,07966_00,lapel,False,False,absent,absent,,,False,False
catflux,07966_00,cuff,False,False,uncertain,present,,,False,False
catflux,07966_00,button hole,False,False,absent,absent,,,False,False
catflux,07966_00,button,False,False,absent,absent,,,False,False
catflux,07966_00,pocket,False,False,absent,absent,,,False,False
catflux,07966_00,zipper,False,False,absent,absent,,,False,False
catflux,07966_00,sleeve,True,True,present,present,0.33894044160842896,0.39326760172843933,False,False
catflux,07966_00,shoulder,True,True,present,present,0.30788180232048035,0.38345760107040405,False,False
catflux,07966_00,logo,False,False,absent,absent,,,False,False
catflux,08102_00,collar,True,True,present,present,0.5088071823120117,0.5581154823303223,False,False
catflux,08102_00,lapel,False,False,absent,absent,,,False,False
catflux,08102_00,cuff,False,False,absent,absent,,,False,False
catflux,08102_00,button hole,False,False,absent,absent,,,False,False
catflux,08102_00,button,False,False,absent,absent,,,False,False
catflux,08102_00,pocket,False,False,absent,absent,,,False,False
catflux,08102_00,zipper,False,False,absent,absent,,,False,False
catflux,08102_00,sleeve,True,True,present,present,0.6310146450996399,0.6310145854949951,False,False
catflux,08102_00,shoulder,False,True,present,present,,,False,False
catflux,08102_00,logo,False,False,uncertain,present,,,False,False
catflux,08149_00,collar,False,True,absent,present,,,False,True
catflux,08149_00,lapel,False,False,absent,absent,,,False,False
catflux,08149_00,cuff,True,True,present,present,0.39180922508239746,0.3977964222431183,False,False
catflux,08149_00,button hole,False,False,absent,absent,,,False,False
catflux,08149_00,button,False,False,absent,absent,,,False,False
catflux,08149_00,pocket,False,False,absent,absent,,,False,False
catflux,08149_00,zipper,False,False,absent,absent,,,False,False
catflux,08149_00,sleeve,True,True,present,present,0.3877982497215271,0.38779816031455994,False,False
catflux,08149_00,shoulder,True,True,present,present,0.3132390081882477,0.34365078806877136,False,False
catflux,08149_00,logo,False,False,absent,absent,,,False,False
catflux,08158_00,collar,True,True,present,present,0.22543242573738098,0.4987688660621643,False,False
catflux,08158_00,lapel,False,False,absent,absent,,,False,False
catflux,08158_00,cuff,True,True,present,present,0.4717318117618561,0.6147324442863464,False,False
catflux,08158_00,button hole,False,False,absent,absent,,,False,False
catflux,08158_00,button,False,False,absent,absent,,,False,False
catflux,08158_00,pocket,False,False,absent,absent,,,False,False
catflux,08158_00,zipper,False,False,absent,absent,,,False,False
catflux,08158_00,sleeve,True,True,present,present,0.37764009833335876,0.37764009833335876,False,False
catflux,08158_00,shoulder,True,True,present,present,0.2008940577507019,0.22365696728229523,False,False
catflux,08158_00,logo,False,False,absent,absent,,,False,False
catflux,08232_00,collar,True,True,present,present,0.28587526082992554,0.2741163969039917,False,False
catflux,08232_00,lapel,False,False,absent,absent,,,False,False
catflux,08232_00,cuff,False,False,absent,uncertain,,,False,False
catflux,08232_00,button hole,False,False,absent,absent,,,False,False
catflux,08232_00,button,True,True,present,present,0.42781543731689453,0.41052067279815674,False,False
catflux,08232_00,pocket,False,False,absent,absent,,,False,False
catflux,08232_00,zipper,False,False,absent,absent,,,False,False
catflux,08232_00,sleeve,True,True,present,present,0.3407838046550751,0.3407838046550751,False,False
catflux,08232_00,shoulder,True,True,present,present,0.3712855279445648,0.5467055439949036,False,False
catflux,08232_00,logo,False,False,absent,absent,,,False,False
catflux,08314_00,collar,False,False,absent,absent,,,False,False
catflux,08314_00,lapel,False,False,absent,absent,,,False,False
catflux,08314_00,cuff,False,False,absent,absent,,,False,False
catflux,08314_00,button hole,False,False,absent,absent,,,False,False
catflux,08314_00,button,False,False,absent,absent,,,False,False
catflux,08314_00,pocket,False,False,absent,absent,,,False,False
catflux,08314_00,zipper,False,False,absent,absent,,,False,False
catflux,08314_00,sleeve,True,True,present,present,0.20052453875541687,0.20052453875541687,False,False
catflux,08314_00,shoulder,True,True,present,present,0.3644881546497345,0.3644881546497345,False,False
catflux,08314_00,logo,False,False,absent,absent,,,False,False
catflux,08316_00,collar,True,True,present,present,0.36568987369537354,0.36568987369537354,False,False
catflux,08316_00,lapel,False,False,absent,absent,,,False,False
catflux,08316_00,cuff,False,False,absent,absent,,,False,False
catflux,08316_00,button hole,False,False,absent,absent,,,False,False
catflux,08316_00,button,True,True,present,present,0.3607094883918762,0.3607094883918762,False,False
catflux,08316_00,pocket,False,False,absent,absent,,,False,False
catflux,08316_00,zipper,False,False,absent,absent,,,False,False
catflux,08316_00,sleeve,True,True,present,present,0.22191539406776428,0.2409042865037918,False,False
catflux,08316_00,shoulder,True,True,present,present,0.4082360863685608,0.3889678120613098,False,False
catflux,08316_00,logo,False,False,absent,absent,,,False,False
catflux,08650_00,collar,False,False,absent,absent,,,False,False
catflux,08650_00,lapel,False,False,absent,absent,,,False,False
catflux,08650_00,cuff,False,False,absent,absent,,,False,False
catflux,08650_00,button hole,False,False,absent,absent,,,False,False
catflux,08650_00,button,False,False,absent,absent,,,False,False
catflux,08650_00,pocket,False,False,absent,absent,,,False,False
catflux,08650_00,zipper,False,False,absent,absent,,,False,False
catflux,08650_00,sleeve,False,False,uncertain,absent,,,False,False
catflux,08650_00,shoulder,True,True,present,present,0.3628733456134796,0.3628733456134796,False,False
catflux,08650_00,logo,False,False,absent,absent,,,False,False
catflux,09067_00,collar,False,False,absent,uncertain,,,False,False
catflux,09067_00,lapel,False,False,absent,absent,,,False,False
catflux,09067_00,cuff,True,True,present,present,0.177064910531044,0.18614064157009125,False,False
catflux,09067_00,button hole,False,False,absent,absent,,,False,False
catflux,09067_00,button,True,True,present,present,0.4479908049106598,0.48392191529273987,False,False
catflux,09067_00,pocket,False,False,absent,absent,,,False,False
catflux,09067_00,zipper,False,False,absent,absent,,,False,False
catflux,09067_00,sleeve,True,True,present,present,0.32091912627220154,0.32091912627220154,False,False
catflux,09067_00,shoulder,True,True,present,present,0.45928463339805603,0.4755481779575348,False,False
catflux,09067_00,logo,False,False,absent,absent,,,False,False
catflux,09215_00,collar,True,True,present,present,0.1983165293931961,0.1983165293931961,False,False
catflux,09215_00,lapel,False,False,absent,absent,,,False,False
catflux,09215_00,cuff,False,False,absent,absent,,,False,False
catflux,09215_00,button hole,False,False,absent,absent,,,False,False
catflux,09215_00,button,False,False,absent,absent,,,False,False
catflux,09215_00,pocket,False,False,absent,absent,,,False,False
catflux,09215_00,zipper,False,False,absent,absent,,,False,False
catflux,09215_00,sleeve,True,True,present,present,0.26975151896476746,0.26975151896476746,False,False
catflux,09215_00,shoulder,True,True,present,present,0.2982529401779175,0.30392661690711975,False,False
catflux,09215_00,logo,False,False,absent,absent,,,False,False
catflux,09412_00,collar,False,False,present,present,,,False,False
catflux,09412_00,lapel,False,False,absent,absent,,,False,False
catflux,09412_00,cuff,False,False,absent,absent,,,False,False
catflux,09412_00,button hole,False,False,absent,absent,,,False,False
catflux,09412_00,button,False,False,absent,absent,,,False,False
catflux,09412_00,pocket,False,False,absent,absent,,,False,False
catflux,09412_00,zipper,False,False,absent,absent,,,False,False
catflux,09412_00,sleeve,True,True,present,present,0.23975390195846558,0.2676103115081787,False,False
catflux,09412_00,shoulder,True,True,present,present,0.3210070729255676,0.6479535698890686,False,False
catflux,09412_00,logo,False,False,absent,absent,,,False,False
catflux,09487_00,collar,True,False,present,absent,0.46025729179382324,,True,False
catflux,09487_00,lapel,False,False,absent,absent,,,False,False
catflux,09487_00,cuff,True,True,present,present,0.4907420575618744,0.6852642893791199,False,False
catflux,09487_00,button hole,False,False,absent,absent,,,False,False
catflux,09487_00,button,False,False,absent,absent,,,False,False
catflux,09487_00,pocket,False,False,absent,absent,,,False,False
catflux,09487_00,zipper,False,False,absent,absent,,,False,False
catflux,09487_00,sleeve,True,True,present,present,0.6616086959838867,0.6616086959838867,False,False
catflux,09487_00,shoulder,True,True,present,present,0.5867449045181274,0.6208924055099487,False,False
catflux,09487_00,logo,False,False,absent,absent,,,False,False
catflux,09751_00,collar,True,True,present,present,0.3205738067626953,0.5550532341003418,False,False
catflux,09751_00,lapel,False,False,absent,absent,,,False,False
catflux,09751_00,cuff,False,False,absent,absent,,,False,False
catflux,09751_00,button hole,False,False,absent,absent,,,False,False
catflux,09751_00,button,False,False,absent,absent,,,False,False
catflux,09751_00,pocket,True,True,present,present,0.46001043915748596,0.46001043915748596,False,False
catflux,09751_00,zipper,False,False,absent,absent,,,False,False
catflux,09751_00,sleeve,False,False,absent,absent,,,False,False
catflux,09751_00,shoulder,True,True,present,present,0.26802295446395874,0.30059319734573364,False,False
catflux,09751_00,logo,False,False,absent,absent,,,False,False
catflux,09845_00,collar,False,False,absent,absent,,,False,False
catflux,09845_00,lapel,False,False,absent,absent,,,False,False
catflux,09845_00,cuff,False,False,absent,absent,,,False,False
catflux,09845_00,button hole,False,False,absent,absent,,,False,False
catflux,09845_00,button,False,False,absent,absent,,,False,False
catflux,09845_00,pocket,False,False,absent,absent,,,False,False
catflux,09845_00,zipper,False,False,absent,absent,,,False,False
catflux,09845_00,sleeve,False,False,absent,absent,,,False,False
catflux,09845_00,shoulder,True,True,present,present,0.3568224012851715,0.3568224012851715,False,False
catflux,09845_00,logo,False,False,absent,absent,,,False,False
catflux,09912_00,collar,False,False,absent,absent,,,False,False
catflux,09912_00,lapel,False,False,absent,absent,,,False,False
catflux,09912_00,cuff,False,False,absent,uncertain,,,False,False
catflux,09912_00,button hole,False,False,absent,absent,,,False,False
catflux,09912_00,button,False,False,absent,absent,,,False,False
catflux,09912_00,pocket,False,False,absent,absent,,,False,False
catflux,09912_00,zipper,False,False,absent,absent,,,False,False
catflux,09912_00,sleeve,True,True,present,present,0.4570220410823822,0.42162972688674927,False,False
catflux,09912_00,shoulder,True,True,present,present,0.4180859327316284,0.3681608736515045,False,False
catflux,09912_00,logo,False,False,absent,absent,,,False,False
catflux,09940_00,collar,False,False,absent,absent,,,False,False
catflux,09940_00,lapel,False,False,absent,absent,,,False,False
catflux,09940_00,cuff,False,False,absent,absent,,,False,False
catflux,09940_00,button hole,False,False,absent,absent,,,False,False
catflux,09940_00,button,False,False,absent,absent,,,False,False
catflux,09940_00,pocket,False,False,absent,absent,,,False,False
catflux,09940_00,zipper,False,False,absent,absent,,,False,False
catflux,09940_00,sleeve,False,False,uncertain,absent,,,False,False
catflux,09940_00,shoulder,True,True,present,present,0.3873968720436096,0.4011281132698059,False,False
catflux,09940_00,logo,False,False,absent,absent,,,False,False
catflux,09949_00,collar,False,False,absent,absent,,,False,False
catflux,09949_00,lapel,False,False,absent,absent,,,False,False
catflux,09949_00,cuff,False,False,absent,absent,,,False,False
catflux,09949_00,button hole,False,False,absent,absent,,,False,False
catflux,09949_00,button,False,False,absent,absent,,,False,False
catflux,09949_00,pocket,False,False,absent,absent,,,False,False
catflux,09949_00,zipper,False,False,absent,absent,,,False,False
catflux,09949_00,sleeve,True,True,present,present,0.3845665454864502,0.3845665454864502,False,False
catflux,09949_00,shoulder,True,True,present,present,0.6581881642341614,0.44172242283821106,False,False
catflux,09949_00,logo,False,False,absent,absent,,,False,False
catflux,10265_00,collar,False,False,absent,absent,,,False,False
catflux,10265_00,lapel,False,False,absent,absent,,,False,False
catflux,10265_00,cuff,False,False,absent,absent,,,False,False
catflux,10265_00,button hole,False,False,absent,absent,,,False,False
catflux,10265_00,button,False,False,absent,absent,,,False,False
catflux,10265_00,pocket,False,False,absent,absent,,,False,False
catflux,10265_00,zipper,False,False,absent,absent,,,False,False
catflux,10265_00,sleeve,False,True,present,present,,,False,False
catflux,10265_00,shoulder,True,True,present,present,0.49071043729782104,0.48242172598838806,False,False
catflux,10265_00,logo,False,False,absent,absent,,,False,False
catflux,10352_00,collar,True,True,present,present,0.4766152501106262,0.4766152501106262,False,False
catflux,10352_00,lapel,False,False,absent,absent,,,False,False
catflux,10352_00,cuff,False,False,absent,absent,,,False,False
catflux,10352_00,button hole,False,False,absent,absent,,,False,False
catflux,10352_00,button,False,False,absent,absent,,,False,False
catflux,10352_00,pocket,False,False,absent,absent,,,False,False
catflux,10352_00,zipper,False,False,absent,absent,,,False,False
catflux,10352_00,sleeve,True,True,present,present,0.39931219816207886,0.3978332579135895,False,False
catflux,10352_00,shoulder,True,True,present,present,0.4574261009693146,0.4667591154575348,False,False
catflux,10352_00,logo,False,False,absent,absent,,,False,False
catflux,10428_00,collar,False,False,absent,absent,,,False,False
catflux,10428_00,lapel,False,False,absent,absent,,,False,False
catflux,10428_00,cuff,False,False,uncertain,absent,,,False,False
catflux,10428_00,button hole,False,False,absent,absent,,,False,False
catflux,10428_00,button,False,False,absent,absent,,,False,False
catflux,10428_00,pocket,False,False,absent,absent,,,False,False
catflux,10428_00,zipper,False,False,absent,absent,,,False,False
catflux,10428_00,sleeve,True,True,present,present,0.43604665994644165,0.4886133074760437,False,False
catflux,10428_00,shoulder,True,True,present,present,0.3895725607872009,0.3765770494937897,False,False
catflux,10428_00,logo,False,False,absent,absent,,,False,False
catflux,10495_00,collar,False,False,absent,absent,,,False,False
catflux,10495_00,lapel,False,False,absent,absent,,,False,False
catflux,10495_00,cuff,False,False,absent,absent,,,False,False
catflux,10495_00,button hole,False,False,absent,absent,,,False,False
catflux,10495_00,button,False,False,absent,absent,,,False,False
catflux,10495_00,pocket,False,False,absent,absent,,,False,False
catflux,10495_00,zipper,False,False,absent,absent,,,False,False
catflux,10495_00,sleeve,False,False,absent,absent,,,False,False
catflux,10495_00,shoulder,True,True,present,present,0.45600131154060364,0.4041033387184143,False,False
catflux,10495_00,logo,False,False,absent,absent,,,False,False
catflux,10657_00,collar,False,False,absent,absent,,,False,False
catflux,10657_00,lapel,False,False,absent,absent,,,False,False
catflux,10657_00,cuff,True,True,present,present,0.6497138738632202,0.7449697852134705,False,False
catflux,10657_00,button hole,False,False,absent,absent,,,False,False
catflux,10657_00,button,False,False,absent,absent,,,False,False
catflux,10657_00,pocket,False,False,absent,absent,,,False,False
catflux,10657_00,zipper,False,False,absent,absent,,,False,False
catflux,10657_00,sleeve,True,True,present,present,0.6054081320762634,0.6358237266540527,False,False
catflux,10657_00,shoulder,True,True,present,present,0.639957845211029,0.642346978187561,False,False
catflux,10657_00,logo,False,False,absent,absent,,,False,False
catflux,10680_00,collar,False,True,uncertain,present,,,False,False
catflux,10680_00,lapel,False,False,absent,absent,,,False,False
catflux,10680_00,cuff,True,True,present,present,0.4578631818294525,0.507927417755127,False,False
catflux,10680_00,button hole,False,False,absent,absent,,,False,False
catflux,10680_00,button,False,False,absent,absent,,,False,False
catflux,10680_00,pocket,False,False,absent,absent,,,False,False
catflux,10680_00,zipper,False,False,absent,absent,,,False,False
catflux,10680_00,sleeve,True,True,present,present,0.4740464985370636,0.47494012117385864,False,False
catflux,10680_00,shoulder,True,True,present,present,0.39594289660453796,0.390203595161438,False,False
catflux,10680_00,logo,False,False,absent,absent,,,False,False
catflux,10731_00,collar,True,False,present,uncertain,0.21300233900547028,,True,False
catflux,10731_00,lapel,False,False,absent,absent,,,False,False
catflux,10731_00,cuff,False,False,absent,absent,,,False,False
catflux,10731_00,button hole,False,False,absent,absent,,,False,False
catflux,10731_00,button,False,False,absent,absent,,,False,False
catflux,10731_00,pocket,False,False,absent,absent,,,False,False
catflux,10731_00,zipper,False,False,absent,absent,,,False,False
catflux,10731_00,sleeve,True,True,present,present,0.2318701595067978,0.23737642168998718,False,False
catflux,10731_00,shoulder,True,True,present,present,0.20740312337875366,0.20740313827991486,False,False
catflux,10731_00,logo,False,False,absent,absent,,,False,False
catflux,10843_00,collar,False,False,absent,absent,,,False,False
catflux,10843_00,lapel,False,False,absent,absent,,,False,False
catflux,10843_00,cuff,False,False,absent,absent,,,False,False
catflux,10843_00,button hole,False,False,absent,absent,,,False,False
catflux,10843_00,button,False,False,absent,absent,,,False,False
catflux,10843_00,pocket,False,False,absent,absent,,,False,False
catflux,10843_00,zipper,False,False,absent,absent,,,False,False
catflux,10843_00,sleeve,True,False,present,present,0.24597132205963135,,True,False
catflux,10843_00,shoulder,True,True,present,present,0.28094515204429626,0.33060699701309204,False,False
catflux,10843_00,logo,False,False,absent,absent,,,False,False
catflux,11001_00,collar,False,False,absent,absent,,,False,False
catflux,11001_00,lapel,False,False,absent,absent,,,False,False
catflux,11001_00,cuff,False,False,absent,absent,,,False,False
catflux,11001_00,button hole,False,False,absent,absent,,,False,False
catflux,11001_00,button,False,False,absent,absent,,,False,False
catflux,11001_00,pocket,False,False,absent,absent,,,False,False
catflux,11001_00,zipper,False,False,absent,absent,,,False,False
catflux,11001_00,sleeve,True,True,present,present,0.3426834046840668,0.6538142561912537,False,False
catflux,11001_00,shoulder,True,True,present,present,0.4206572473049164,0.4206572473049164,False,False
catflux,11001_00,logo,False,False,absent,absent,,,False,False
catflux,11054_00,collar,True,False,present,uncertain,0.45627832412719727,,True,False
catflux,11054_00,lapel,False,False,absent,absent,,,False,False
catflux,11054_00,cuff,True,True,present,present,0.5507408976554871,0.748083770275116,False,False
catflux,11054_00,button hole,False,False,absent,absent,,,False,False
catflux,11054_00,button,False,False,absent,absent,,,False,False
catflux,11054_00,pocket,False,False,absent,absent,,,False,False
catflux,11054_00,zipper,False,False,absent,absent,,,False,False
catflux,11054_00,sleeve,True,True,present,present,0.5790943503379822,0.5414668917655945,False,False
catflux,11054_00,shoulder,True,True,present,present,0.3884648382663727,0.4904831349849701,False,False
catflux,11054_00,logo,False,False,absent,absent,,,False,False
catflux,11206_00,collar,False,False,absent,absent,,,False,False
catflux,11206_00,lapel,False,False,absent,absent,,,False,False
catflux,11206_00,cuff,False,False,absent,absent,,,False,False
catflux,11206_00,button hole,False,False,absent,absent,,,False,False
catflux,11206_00,button,False,False,absent,absent,,,False,False
catflux,11206_00,pocket,False,False,absent,absent,,,False,False
catflux,11206_00,zipper,False,False,absent,absent,,,False,False
catflux,11206_00,sleeve,True,True,present,present,0.5489943027496338,0.6048797965049744,False,False
catflux,11206_00,shoulder,True,True,present,present,0.581538736820221,0.32733044028282166,False,False
catflux,11206_00,logo,False,False,absent,absent,,,False,False
catflux,11372_00,collar,False,False,absent,absent,,,False,False
catflux,11372_00,lapel,False,False,absent,absent,,,False,False
catflux,11372_00,cuff,False,False,absent,absent,,,False,False
catflux,11372_00,button hole,False,False,absent,absent,,,False,False
catflux,11372_00,button,False,False,absent,absent,,,False,False
catflux,11372_00,pocket,False,False,absent,absent,,,False,False
catflux,11372_00,zipper,False,False,absent,absent,,,False,False
catflux,11372_00,sleeve,True,True,present,present,0.14372451603412628,0.14281506836414337,False,False
catflux,11372_00,shoulder,True,True,present,present,0.266297847032547,0.266297847032547,False,False
catflux,11372_00,logo,False,False,absent,absent,,,False,False
catflux,11438_00,collar,False,False,absent,absent,,,False,False
catflux,11438_00,lapel,False,False,absent,absent,,,False,False
catflux,11438_00,cuff,False,False,uncertain,absent,,,False,False
catflux,11438_00,button hole,False,False,absent,absent,,,False,False
catflux,11438_00,button,False,False,absent,absent,,,False,False
catflux,11438_00,pocket,False,False,absent,absent,,,False,False
catflux,11438_00,zipper,False,False,absent,absent,,,False,False
catflux,11438_00,sleeve,True,True,present,present,0.3199891746044159,0.31021997332572937,False,False
catflux,11438_00,shoulder,True,True,present,present,0.3686823844909668,0.3686823844909668,False,False
catflux,11438_00,logo,False,False,absent,absent,,,False,False
catflux,11556_00,collar,False,False,absent,absent,,,False,False
catflux,11556_00,lapel,False,False,absent,absent,,,False,False
catflux,11556_00,cuff,True,True,present,present,0.4162134528160095,0.556926429271698,False,False
catflux,11556_00,button hole,False,False,absent,absent,,,False,False
catflux,11556_00,button,False,False,absent,absent,,,False,False
catflux,11556_00,pocket,False,False,absent,absent,,,False,False
catflux,11556_00,zipper,False,False,absent,absent,,,False,False
catflux,11556_00,sleeve,True,True,present,present,0.4957394599914551,0.7558978199958801,False,False
catflux,11556_00,shoulder,True,True,present,present,0.45340028405189514,0.48127448558807373,False,False
catflux,11556_00,logo,False,False,absent,absent,,,False,False
catflux,11600_00,collar,True,False,present,absent,0.16936972737312317,,True,False
catflux,11600_00,lapel,False,False,absent,absent,,,False,False
catflux,11600_00,cuff,False,False,absent,absent,,,False,False
catflux,11600_00,button hole,False,False,absent,absent,,,False,False
catflux,11600_00,button,False,False,absent,absent,,,False,False
catflux,11600_00,pocket,False,False,absent,absent,,,False,False
catflux,11600_00,zipper,False,False,absent,absent,,,False,False
catflux,11600_00,sleeve,False,False,absent,absent,,,False,False
catflux,11600_00,shoulder,True,True,present,present,0.17711524665355682,0.17901216447353363,False,False
catflux,11600_00,logo,False,False,absent,absent,,,False,False
catflux,11709_00,collar,True,True,present,present,0.5998007655143738,0.5998007655143738,False,False
catflux,11709_00,lapel,False,False,absent,absent,,,False,False
catflux,11709_00,cuff,False,False,absent,absent,,,False,False
catflux,11709_00,button hole,False,False,absent,absent,,,False,False
catflux,11709_00,button,False,False,absent,absent,,,False,False
catflux,11709_00,pocket,False,False,absent,absent,,,False,False
catflux,11709_00,zipper,False,False,absent,absent,,,False,False
catflux,11709_00,sleeve,True,True,present,present,0.5382105708122253,0.5846176147460938,False,False
catflux,11709_00,shoulder,True,True,present,present,0.5335809588432312,0.6084173917770386,False,False
catflux,11709_00,logo,False,False,absent,absent,,,False,False
catflux,11766_00,collar,True,False,present,uncertain,0.22884836792945862,,True,False
catflux,11766_00,lapel,False,False,absent,absent,,,False,False
catflux,11766_00,cuff,False,False,absent,absent,,,False,False
catflux,11766_00,button hole,False,False,absent,absent,,,False,False
catflux,11766_00,button,False,False,absent,absent,,,False,False
catflux,11766_00,pocket,False,False,absent,absent,,,False,False
catflux,11766_00,zipper,False,False,absent,absent,,,False,False
catflux,11766_00,sleeve,True,True,present,present,0.18431930243968964,0.18431931734085083,False,False
catflux,11766_00,shoulder,True,True,present,present,0.21422342956066132,0.21676002442836761,False,False
catflux,11766_00,logo,False,False,absent,absent,,,False,False
catflux,11799_00,collar,True,True,present,present,0.31109195947647095,0.3314415514469147,False,False
catflux,11799_00,lapel,False,False,absent,absent,,,False,False
catflux,11799_00,cuff,False,False,absent,uncertain,,,False,False
catflux,11799_00,button hole,False,False,absent,absent,,,False,False
catflux,11799_00,button,False,False,absent,absent,,,False,False
catflux,11799_00,pocket,False,False,absent,absent,,,False,False
catflux,11799_00,zipper,False,False,absent,absent,,,False,False
catflux,11799_00,sleeve,True,True,present,present,0.40426018834114075,0.7014398574829102,False,False
catflux,11799_00,shoulder,True,True,present,present,0.32760336995124817,0.32760336995124817,False,False
catflux,11799_00,logo,False,False,absent,absent,,,False,False
catflux,11892_00,collar,False,False,absent,absent,,,False,False
catflux,11892_00,lapel,False,False,absent,absent,,,False,False
catflux,11892_00,cuff,False,False,absent,absent,,,False,False
catflux,11892_00,button hole,False,False,absent,absent,,,False,False
catflux,11892_00,button,False,False,absent,absent,,,False,False
catflux,11892_00,pocket,False,False,absent,absent,,,False,False
catflux,11892_00,zipper,False,False,absent,absent,,,False,False
catflux,11892_00,sleeve,False,False,absent,absent,,,False,False
catflux,11892_00,shoulder,True,True,present,present,0.3733516037464142,0.3733516037464142,False,False
catflux,11892_00,logo,False,False,absent,absent,,,False,False
catflux,11913_00,collar,False,False,absent,absent,,,False,False
catflux,11913_00,lapel,False,False,absent,absent,,,False,False
catflux,11913_00,cuff,False,False,absent,absent,,,False,False
catflux,11913_00,button hole,False,False,absent,absent,,,False,False
catflux,11913_00,button,False,False,absent,absent,,,False,False
catflux,11913_00,pocket,False,False,absent,absent,,,False,False
catflux,11913_00,zipper,False,False,absent,absent,,,False,False
catflux,11913_00,sleeve,False,False,absent,absent,,,False,False
catflux,11913_00,shoulder,True,True,present,present,0.29426270723342896,0.2928997874259949,False,False
catflux,11913_00,logo,False,False,absent,absent,,,False,False
catflux,11985_00,collar,False,False,absent,absent,,,False,False
catflux,11985_00,lapel,False,False,absent,absent,,,False,False
catflux,11985_00,cuff,False,False,absent,absent,,,False,False
catflux,11985_00,button hole,False,False,absent,absent,,,False,False
catflux,11985_00,button,False,False,absent,absent,,,False,False
catflux,11985_00,pocket,False,False,absent,absent,,,False,False
catflux,11985_00,zipper,False,False,absent,absent,,,False,False
catflux,11985_00,sleeve,True,True,present,present,0.715495765209198,0.6780033111572266,False,False
catflux,11985_00,shoulder,True,True,present,present,0.817001223564148,0.7507342100143433,False,False
catflux,11985_00,logo,False,False,absent,absent,,,False,False
catflux,11993_00,collar,True,False,present,absent,0.38970693945884705,,True,False
catflux,11993_00,lapel,False,False,absent,absent,,,False,False
catflux,11993_00,cuff,True,True,present,present,0.3359850347042084,0.4489988684654236,False,False
catflux,11993_00,button hole,False,False,absent,absent,,,False,False
catflux,11993_00,button,False,False,absent,absent,,,False,False
catflux,11993_00,pocket,False,False,absent,absent,,,False,False
catflux,11993_00,zipper,False,False,absent,absent,,,False,False
catflux,11993_00,sleeve,True,True,present,present,0.3414323329925537,0.33745306730270386,False,False
catflux,11993_00,shoulder,True,True,present,present,0.3257058262825012,0.3239368796348572,False,False
catflux,11993_00,logo,False,False,absent,absent,,,False,False
catflux,11994_00,collar,True,True,present,present,0.4868652820587158,0.47219762206077576,False,False
catflux,11994_00,lapel,False,False,absent,absent,,,False,False
catflux,11994_00,cuff,False,True,uncertain,present,,,False,False
catflux,11994_00,button hole,False,False,absent,absent,,,False,False
catflux,11994_00,button,True,True,present,present,0.5165876150131226,0.5278142690658569,False,False
catflux,11994_00,pocket,False,False,absent,absent,,,False,False
catflux,11994_00,zipper,False,False,absent,absent,,,False,False
catflux,11994_00,sleeve,True,True,present,present,0.5265592932701111,0.8750808835029602,False,False
catflux,11994_00,shoulder,True,True,present,present,0.5230297446250916,0.5014398097991943,False,False
catflux,11994_00,logo,False,False,absent,absent,,,False,False
catflux,12362_00,collar,False,True,uncertain,present,,,False,False
catflux,12362_00,lapel,False,False,absent,absent,,,False,False
catflux,12362_00,cuff,False,False,absent,uncertain,,,False,False
catflux,12362_00,button hole,False,False,absent,absent,,,False,False
catflux,12362_00,button,False,False,absent,absent,,,False,False
catflux,12362_00,pocket,False,False,absent,absent,,,False,False
catflux,12362_00,zipper,False,False,absent,absent,,,False,False
catflux,12362_00,sleeve,True,True,present,present,0.1989976316690445,0.21924617886543274,False,False
catflux,12362_00,shoulder,True,True,present,present,0.17375336587429047,0.17375341057777405,False,False
catflux,12362_00,logo,True,True,present,present,0.2231089174747467,0.2231089025735855,False,False
catflux,12365_00,collar,False,False,absent,absent,,,False,False
catflux,12365_00,lapel,False,False,absent,absent,,,False,False
catflux,12365_00,cuff,False,False,absent,absent,,,False,False
catflux,12365_00,button hole,False,False,absent,absent,,,False,False
catflux,12365_00,button,False,False,absent,absent,,,False,False
catflux,12365_00,pocket,False,False,absent,absent,,,False,False
catflux,12365_00,zipper,False,False,absent,absent,,,False,False
catflux,12365_00,sleeve,False,False,absent,absent,,,False,False
catflux,12365_00,shoulder,True,True,present,present,0.26336315274238586,0.26336315274238586,False,False
catflux,12365_00,logo,False,False,absent,absent,,,False,False
catflux,12419_00,collar,False,False,absent,absent,,,False,False
catflux,12419_00,lapel,False,False,absent,absent,,,False,False
catflux,12419_00,cuff,False,False,absent,absent,,,False,False
catflux,12419_00,button hole,False,False,absent,absent,,,False,False
catflux,12419_00,button,False,False,absent,absent,,,False,False
catflux,12419_00,pocket,False,False,absent,absent,,,False,False
catflux,12419_00,zipper,False,False,absent,absent,,,False,False
catflux,12419_00,sleeve,False,False,absent,absent,,,False,False
catflux,12419_00,shoulder,True,True,present,present,0.21016111969947815,0.24720759689807892,False,False
catflux,12419_00,logo,False,False,absent,absent,,,False,False
catflux,12541_00,collar,False,False,absent,absent,,,False,False
catflux,12541_00,lapel,False,False,absent,absent,,,False,False
catflux,12541_00,cuff,False,False,absent,absent,,,False,False
catflux,12541_00,button hole,False,False,absent,absent,,,False,False
catflux,12541_00,button,False,False,absent,absent,,,False,False
catflux,12541_00,pocket,False,False,absent,absent,,,False,False
catflux,12541_00,zipper,False,False,absent,absent,,,False,False
catflux,12541_00,sleeve,False,False,absent,absent,,,False,False
catflux,12541_00,shoulder,True,True,present,present,0.18360312283039093,0.18360312283039093,False,False
catflux,12541_00,logo,False,False,absent,absent,,,False,False
catflux,12572_00,collar,False,False,absent,absent,,,False,False
catflux,12572_00,lapel,False,False,absent,absent,,,False,False
catflux,12572_00,cuff,False,False,absent,absent,,,False,False
catflux,12572_00,button hole,False,False,absent,absent,,,False,False
catflux,12572_00,button,False,False,absent,absent,,,False,False
catflux,12572_00,pocket,False,False,absent,absent,,,False,False
catflux,12572_00,zipper,False,False,absent,absent,,,False,False
catflux,12572_00,sleeve,True,True,present,present,0.657788872718811,0.5132988691329956,False,False
catflux,12572_00,shoulder,True,True,present,present,0.6284374594688416,0.5957136750221252,False,False
catflux,12572_00,logo,False,False,absent,absent,,,False,False
catflux,12651_00,collar,False,False,absent,absent,,,False,False
catflux,12651_00,lapel,False,False,absent,absent,,,False,False
catflux,12651_00,cuff,True,True,present,present,0.7656351327896118,0.7656351327896118,False,False
catflux,12651_00,button hole,False,False,absent,absent,,,False,False
catflux,12651_00,button,False,False,absent,absent,,,False,False
catflux,12651_00,pocket,False,False,absent,absent,,,False,False
catflux,12651_00,zipper,False,False,absent,absent,,,False,False
catflux,12651_00,sleeve,True,True,present,present,0.6371229290962219,0.647709310054779,False,False
catflux,12651_00,shoulder,True,True,present,present,0.6500702500343323,0.7866193056106567,False,False
catflux,12651_00,logo,False,False,absent,absent,,,False,False
catflux,12661_00,collar,False,False,absent,absent,,,False,False
catflux,12661_00,lapel,False,False,absent,absent,,,False,False
catflux,12661_00,cuff,False,False,absent,absent,,,False,False
catflux,12661_00,button hole,False,False,absent,absent,,,False,False
catflux,12661_00,button,False,False,absent,absent,,,False,False
catflux,12661_00,pocket,False,False,absent,absent,,,False,False
catflux,12661_00,zipper,False,False,absent,absent,,,False,False
catflux,12661_00,sleeve,True,True,present,present,0.34248998761177063,0.6300032138824463,False,False
catflux,12661_00,shoulder,True,True,present,present,0.4277242124080658,0.5535934567451477,False,False
catflux,12661_00,logo,False,False,absent,absent,,,False,False
catflux,12749_00,collar,False,False,absent,absent,,,False,False
catflux,12749_00,lapel,False,False,absent,absent,,,False,False
catflux,12749_00,cuff,False,False,absent,absent,,,False,False
catflux,12749_00,button hole,False,False,absent,absent,,,False,False
catflux,12749_00,button,False,False,absent,absent,,,False,False
catflux,12749_00,pocket,False,False,absent,absent,,,False,False
catflux,12749_00,zipper,False,False,absent,absent,,,False,False
catflux,12749_00,sleeve,True,True,present,present,0.20241981744766235,0.21151964366436005,False,False
catflux,12749_00,shoulder,True,True,present,present,0.2689972519874573,0.4083005487918854,False,False
catflux,12749_00,logo,False,False,absent,uncertain,,,False,False
catflux,13126_00,collar,False,False,absent,absent,,,False,False
catflux,13126_00,lapel,False,False,absent,absent,,,False,False
catflux,13126_00,cuff,False,False,absent,absent,,,False,False
catflux,13126_00,button hole,False,False,absent,absent,,,False,False
catflux,13126_00,button,False,False,absent,absent,,,False,False
catflux,13126_00,pocket,False,False,absent,absent,,,False,False
catflux,13126_00,zipper,False,False,absent,absent,,,False,False
catflux,13126_00,sleeve,True,True,present,present,0.27878060936927795,0.3075081408023834,False,False
catflux,13126_00,shoulder,True,True,present,present,0.18383897840976715,0.18383897840976715,False,False
catflux,13126_00,logo,False,False,absent,absent,,,False,False
catflux,13140_00,collar,False,False,absent,absent,,,False,False
catflux,13140_00,lapel,False,False,absent,absent,,,False,False
catflux,13140_00,cuff,True,False,present,absent,0.36307594180107117,,True,False
catflux,13140_00,button hole,False,False,absent,absent,,,False,False
catflux,13140_00,button,False,False,absent,absent,,,False,False
catflux,13140_00,pocket,False,False,absent,absent,,,False,False
catflux,13140_00,zipper,False,False,absent,absent,,,False,False
catflux,13140_00,sleeve,True,True,present,present,0.3827975392341614,0.5515281558036804,False,False
catflux,13140_00,shoulder,True,True,present,present,0.48187175393104553,0.7426044940948486,False,False
catflux,13140_00,logo,False,False,absent,absent,,,False,False
catflux,13172_00,collar,True,True,present,present,0.37193620204925537,0.2644708454608917,False,False
catflux,13172_00,lapel,False,False,absent,absent,,,False,False
catflux,13172_00,cuff,False,False,absent,absent,,,False,False
catflux,13172_00,button hole,False,False,absent,absent,,,False,False
catflux,13172_00,button,False,False,absent,absent,,,False,False
catflux,13172_00,pocket,False,False,absent,absent,,,False,False
catflux,13172_00,zipper,False,False,absent,absent,,,False,False
catflux,13172_00,sleeve,True,True,present,present,0.16229479014873505,0.14788177609443665,False,False
catflux,13172_00,shoulder,True,True,present,present,0.31099724769592285,0.31565606594085693,False,False
catflux,13172_00,logo,True,True,present,present,0.17737361788749695,0.17594054341316223,False,False
catflux,13491_00,collar,False,False,absent,absent,,,False,False
catflux,13491_00,lapel,False,False,absent,absent,,,False,False
catflux,13491_00,cuff,False,False,absent,absent,,,False,False
catflux,13491_00,button hole,False,False,absent,absent,,,False,False
catflux,13491_00,button,False,False,absent,absent,,,False,False
catflux,13491_00,pocket,False,False,absent,absent,,,False,False
catflux,13491_00,zipper,False,False,absent,absent,,,False,False
catflux,13491_00,sleeve,True,True,present,present,0.2854210436344147,0.26748496294021606,False,False
catflux,13491_00,shoulder,True,False,present,present,0.466050386428833,,True,False
catflux,13491_00,logo,True,True,present,present,0.6157816052436829,0.6695563197135925,False,False
catflux,13517_00,collar,True,False,present,present,0.582808256149292,,True,False
catflux,13517_00,lapel,False,False,absent,absent,,,False,False
catflux,13517_00,cuff,False,False,absent,absent,,,False,False
catflux,13517_00,button hole,False,False,absent,absent,,,False,False
catflux,13517_00,button,False,False,absent,absent,,,False,False
catflux,13517_00,pocket,False,False,absent,absent,,,False,False
catflux,13517_00,zipper,False,False,absent,absent,,,False,False
catflux,13517_00,sleeve,False,False,absent,absent,,,False,False
catflux,13517_00,shoulder,True,True,present,present,0.5696479678153992,0.6674197912216187,False,False
catflux,13517_00,logo,False,False,absent,absent,,,False,False
catflux,13589_00,collar,False,False,absent,absent,,,False,False
catflux,13589_00,lapel,False,False,absent,absent,,,False,False
catflux,13589_00,cuff,False,False,absent,absent,,,False,False
catflux,13589_00,button hole,False,False,absent,absent,,,False,False
catflux,13589_00,button,False,False,absent,absent,,,False,False
catflux,13589_00,pocket,False,False,absent,absent,,,False,False
catflux,13589_00,zipper,False,False,absent,absent,,,False,False
catflux,13589_00,sleeve,True,True,present,present,0.37457576394081116,0.3937433958053589,False,False
catflux,13589_00,shoulder,True,False,present,present,0.4592743515968323,,True,False
catflux,13589_00,logo,False,False,absent,absent,,,False,False
catflux,13967_00,collar,False,False,absent,absent,,,False,False
catflux,13967_00,lapel,False,False,absent,absent,,,False,False
catflux,13967_00,cuff,False,False,absent,absent,,,False,False
catflux,13967_00,button hole,False,False,absent,absent,,,False,False
catflux,13967_00,button,False,False,absent,absent,,,False,False
catflux,13967_00,pocket,False,False,absent,absent,,,False,False
catflux,13967_00,zipper,False,False,absent,absent,,,False,False
catflux,13967_00,sleeve,True,True,present,present,0.3099702000617981,0.2993834316730499,False,False
catflux,13967_00,shoulder,True,True,present,present,0.29576748609542847,0.3168310225009918,False,False
catflux,13967_00,logo,False,False,absent,absent,,,False,False
catflux,13988_00,collar,False,False,absent,absent,,,False,False
catflux,13988_00,lapel,False,False,absent,absent,,,False,False
catflux,13988_00,cuff,False,False,absent,absent,,,False,False
catflux,13988_00,button hole,False,False,absent,absent,,,False,False
catflux,13988_00,button,False,False,absent,absent,,,False,False
catflux,13988_00,pocket,False,False,absent,absent,,,False,False
catflux,13988_00,zipper,False,False,absent,absent,,,False,False
catflux,13988_00,sleeve,True,True,present,present,0.29576459527015686,0.3136012554168701,False,False
catflux,13988_00,shoulder,True,True,present,present,0.30304282903671265,0.4301230013370514,False,False
catflux,13988_00,logo,False,False,absent,absent,,,False,False
catflux,14009_00,collar,True,False,present,absent,0.43751269578933716,,True,False
catflux,14009_00,lapel,False,False,absent,absent,,,False,False
catflux,14009_00,cuff,False,False,absent,absent,,,False,False
catflux,14009_00,button hole,False,False,absent,absent,,,False,False
catflux,14009_00,button,False,False,absent,absent,,,False,False
catflux,14009_00,pocket,False,False,absent,absent,,,False,False
catflux,14009_00,zipper,False,False,absent,absent,,,False,False
catflux,14009_00,sleeve,False,False,absent,absent,,,False,False
catflux,14009_00,shoulder,True,True,present,present,0.4422104060649872,0.4347497224807739,False,False
catflux,14009_00,logo,False,False,absent,absent,,,False,False
catflux,14059_00,collar,False,False,absent,absent,,,False,False
catflux,14059_00,lapel,False,False,absent,absent,,,False,False
catflux,14059_00,cuff,False,False,absent,absent,,,False,False
catflux,14059_00,button hole,False,False,absent,absent,,,False,False
catflux,14059_00,button,False,False,absent,absent,,,False,False
catflux,14059_00,pocket,False,False,absent,absent,,,False,False
catflux,14059_00,zipper,False,False,absent,absent,,,False,False
catflux,14059_00,sleeve,False,False,absent,absent,,,False,False
catflux,14059_00,shoulder,True,True,present,present,0.40835389494895935,0.40835389494895935,False,False
catflux,14059_00,logo,False,False,absent,absent,,,False,False
catflux,14173_00,collar,False,False,absent,absent,,,False,False
catflux,14173_00,lapel,False,False,absent,absent,,,False,False
catflux,14173_00,cuff,True,True,present,present,0.41823673248291016,0.5126352310180664,False,False
catflux,14173_00,button hole,False,False,absent,absent,,,False,False
catflux,14173_00,button,False,False,absent,absent,,,False,False
catflux,14173_00,pocket,False,False,absent,absent,,,False,False
catflux,14173_00,zipper,False,False,absent,absent,,,False,False
catflux,14173_00,sleeve,True,True,present,present,0.5647543668746948,0.5453697443008423,False,False
catflux,14173_00,shoulder,True,True,present,present,0.3708399534225464,0.7322198748588562,False,False
catflux,14173_00,logo,False,False,absent,absent,,,False,False
catflux,14181_00,collar,True,True,present,present,0.2124568670988083,0.21245689690113068,False,False
catflux,14181_00,lapel,False,False,absent,absent,,,False,False
catflux,14181_00,cuff,True,True,present,present,0.1831969916820526,0.4249103367328644,False,False
catflux,14181_00,button hole,False,False,absent,absent,,,False,False
catflux,14181_00,button,False,False,absent,absent,,,False,False
catflux,14181_00,pocket,False,False,absent,absent,,,False,False
catflux,14181_00,zipper,False,False,absent,absent,,,False,False
catflux,14181_00,sleeve,True,True,present,present,0.1942729502916336,0.37006106972694397,False,False
catflux,14181_00,shoulder,True,False,present,present,0.1981074959039688,,True,False
catflux,14181_00,logo,True,True,present,present,0.2611413598060608,0.2611413300037384,False,False
catflux,14189_00,collar,False,False,uncertain,absent,,,False,False
catflux,14189_00,lapel,False,False,absent,absent,,,False,False
catflux,14189_00,cuff,False,False,absent,absent,,,False,False
catflux,14189_00,button hole,False,False,absent,absent,,,False,False
catflux,14189_00,button,False,False,absent,absent,,,False,False
catflux,14189_00,pocket,False,False,absent,absent,,,False,False
catflux,14189_00,zipper,False,False,absent,absent,,,False,False
catflux,14189_00,sleeve,True,True,present,present,0.21343526244163513,0.22943274676799774,False,False
catflux,14189_00,shoulder,True,True,present,present,0.21320216357707977,0.25778016448020935,False,False
catflux,14189_00,logo,False,False,absent,absent,,,False,False
catflux,14471_00,collar,False,False,uncertain,absent,,,False,False
catflux,14471_00,lapel,False,False,absent,absent,,,False,False
catflux,14471_00,cuff,True,True,present,present,0.28732287883758545,0.5237497687339783,False,False
catflux,14471_00,button hole,False,False,absent,absent,,,False,False
catflux,14471_00,button,False,False,absent,absent,,,False,False
catflux,14471_00,pocket,False,False,absent,absent,,,False,False
catflux,14471_00,zipper,False,False,absent,absent,,,False,False
catflux,14471_00,sleeve,True,True,present,present,0.33763808012008667,0.3521314561367035,False,False
catflux,14471_00,shoulder,True,True,present,present,0.447068452835083,0.4649744927883148,False,False
catflux,14471_00,logo,False,False,absent,absent,,,False,False
catflux,14651_00,collar,True,True,present,present,0.4817546010017395,0.48175448179244995,False,False
catflux,14651_00,lapel,False,False,absent,absent,,,False,False
catflux,14651_00,cuff,True,False,present,absent,0.30717775225639343,,True,False
catflux,14651_00,button hole,False,False,absent,absent,,,False,False
catflux,14651_00,button,False,False,absent,absent,,,False,False
catflux,14651_00,pocket,False,False,absent,absent,,,False,False
catflux,14651_00,zipper,False,False,absent,absent,,,False,False
catflux,14651_00,sleeve,True,True,present,present,0.34151217341423035,0.37746262550354004,False,False
catflux,14651_00,shoulder,True,True,present,present,0.4112095832824707,0.42318087816238403,False,False
catflux,14651_00,logo,False,False,uncertain,uncertain,,,False,False
catvton,00013_00,collar,True,False,present,present,0.3370872139930725,,True,False
catvton,00013_00,lapel,False,False,absent,absent,,,False,False
catvton,00013_00,cuff,True,True,present,present,0.29821813106536865,0.29821813106536865,False,False
catvton,00013_00,button hole,False,False,absent,absent,,,False,False
catvton,00013_00,button,False,False,absent,absent,,,False,False
catvton,00013_00,pocket,False,False,absent,absent,,,False,False
catvton,00013_00,zipper,False,False,absent,absent,,,False,False
catvton,00013_00,sleeve,True,True,present,present,0.30016347765922546,0.41982316970825195,False,False
catvton,00013_00,shoulder,True,True,present,present,0.29675060510635376,0.30771371722221375,False,False
catvton,00013_00,logo,True,False,present,uncertain,0.3791169822216034,,True,False
catvton,00272_00,collar,False,False,absent,absent,,,False,False
catvton,00272_00,lapel,False,False,absent,absent,,,False,False
catvton,00272_00,cuff,False,False,absent,absent,,,False,False
catvton,00272_00,button hole,False,False,absent,absent,,,False,False
catvton,00272_00,button,False,False,absent,absent,,,False,False
catvton,00272_00,pocket,False,False,absent,absent,,,False,False
catvton,00272_00,zipper,False,False,absent,absent,,,False,False
catvton,00272_00,sleeve,False,False,absent,absent,,,False,False
catvton,00272_00,shoulder,True,True,present,present,0.5107696652412415,0.5530670285224915,False,False
catvton,00272_00,logo,False,False,absent,absent,,,False,False
catvton,00401_00,collar,True,True,present,present,0.5342361927032471,0.5342361927032471,False,False
catvton,00401_00,lapel,False,False,absent,absent,,,False,False
catvton,00401_00,cuff,True,True,present,present,0.44500675797462463,0.5866828560829163,False,False
catvton,00401_00,button hole,False,False,absent,absent,,,False,False
catvton,00401_00,button,False,False,absent,absent,,,False,False
catvton,00401_00,pocket,False,False,absent,absent,,,False,False
catvton,00401_00,zipper,False,False,absent,absent,,,False,False
catvton,00401_00,sleeve,True,True,present,present,0.42910027503967285,0.7715208530426025,False,False
catvton,00401_00,shoulder,False,True,present,present,,,False,False
catvton,00401_00,logo,False,False,absent,absent,,,False,False
catvton,00494_00,collar,False,False,uncertain,absent,,,False,False
catvton,00494_00,lapel,False,False,absent,absent,,,False,False
catvton,00494_00,cuff,True,True,present,present,0.31728753447532654,0.31728753447532654,False,False
catvton,00494_00,button hole,False,False,absent,absent,,,False,False
catvton,00494_00,button,False,False,absent,absent,,,False,False
catvton,00494_00,pocket,False,False,absent,absent,,,False,False
catvton,00494_00,zipper,False,False,absent,absent,,,False,False
catvton,00494_00,sleeve,True,True,present,present,0.5882689952850342,0.761340320110321,False,False
catvton,00494_00,shoulder,False,False,present,present,,,False,False
catvton,00494_00,logo,True,True,present,present,0.6392477750778198,0.6942777633666992,False,False
catvton,00698_00,collar,False,False,absent,absent,,,False,False
catvton,00698_00,lapel,False,False,absent,absent,,,False,False
catvton,00698_00,cuff,False,False,absent,absent,,,False,False
catvton,00698_00,button hole,False,False,absent,absent,,,False,False
catvton,00698_00,button,False,False,present,present,,,False,False
catvton,00698_00,pocket,False,False,absent,absent,,,False,False
catvton,00698_00,zipper,False,False,absent,absent,,,False,False
catvton,00698_00,sleeve,True,True,present,present,0.2691066861152649,0.3184610903263092,False,False
catvton,00698_00,shoulder,True,True,present,present,0.2950538396835327,0.34163743257522583,False,False
catvton,00698_00,logo,False,False,absent,absent,,,False,False
catvton,00827_00,collar,False,False,absent,absent,,,False,False
catvton,00827_00,lapel,False,False,absent,absent,,,False,False
catvton,00827_00,cuff,False,False,absent,absent,,,False,False
catvton,00827_00,button hole,False,False,absent,absent,,,False,False
catvton,00827_00,button,False,False,absent,absent,,,False,False
catvton,00827_00,pocket,False,False,absent,absent,,,False,False
catvton,00827_00,zipper,False,False,absent,absent,,,False,False
catvton,00827_00,sleeve,False,False,absent,absent,,,False,False
catvton,00827_00,shoulder,True,True,present,present,0.48703432083129883,0.520849347114563,False,False
catvton,00827_00,logo,False,False,absent,absent,,,False,False
catvton,01026_00,collar,True,False,present,absent,0.5794270634651184,,True,False
catvton,01026_00,lapel,False,False,absent,absent,,,False,False
catvton,01026_00,cuff,True,True,present,present,0.47391700744628906,0.6446836590766907,False,False
catvton,01026_00,button hole,False,False,absent,absent,,,False,False
catvton,01026_00,button,False,False,absent,absent,,,False,False
catvton,01026_00,pocket,False,False,absent,absent,,,False,False
catvton,01026_00,zipper,False,False,absent,absent,,,False,False
catvton,01026_00,sleeve,True,True,present,present,0.5155460834503174,0.741194486618042,False,False
catvton,01026_00,shoulder,True,True,present,present,0.5533810257911682,0.5565634369850159,False,False
catvton,01026_00,logo,False,False,uncertain,absent,,,False,False
catvton,01046_00,collar,False,False,absent,absent,,,False,False
catvton,01046_00,lapel,False,False,absent,absent,,,False,False
catvton,01046_00,cuff,True,True,present,present,0.5165166258811951,0.5165166258811951,False,False
catvton,01046_00,button hole,False,False,absent,absent,,,False,False
catvton,01046_00,button,True,True,present,present,0.49326589703559875,0.4776475429534912,False,False
catvton,01046_00,pocket,False,False,absent,absent,,,False,False
catvton,01046_00,zipper,False,False,absent,absent,,,False,False
catvton,01046_00,sleeve,True,True,present,present,0.39121130108833313,0.5212528109550476,False,False
catvton,01046_00,shoulder,False,True,present,present,,,False,False
catvton,01046_00,logo,False,False,absent,absent,,,False,False
catvton,01090_00,collar,True,False,present,present,0.5754736661911011,,True,False
catvton,01090_00,lapel,False,False,absent,absent,,,False,False
catvton,01090_00,cuff,True,True,present,present,0.2380564957857132,0.3037862777709961,False,False
catvton,01090_00,button hole,False,False,absent,absent,,,False,False
catvton,01090_00,button,False,False,absent,absent,,,False,False
catvton,01090_00,pocket,False,False,absent,absent,,,False,False
catvton,01090_00,zipper,False,False,absent,absent,,,False,False
catvton,01090_00,sleeve,True,True,present,present,0.531682014465332,0.531682014465332,False,False
catvton,01090_00,shoulder,True,True,present,present,0.5725370645523071,0.5534420609474182,False,False
catvton,01090_00,logo,False,False,absent,absent,,,False,False
catvton,01386_00,collar,True,False,present,uncertain,0.33606961369514465,,True,False
catvton,01386_00,lapel,False,False,absent,absent,,,False,False
catvton,01386_00,cuff,False,False,absent,uncertain,,,False,False
catvton,01386_00,button hole,False,False,absent,absent,,,False,False
catvton,01386_00,button,False,False,absent,absent,,,False,False
catvton,01386_00,pocket,False,False,absent,absent,,,False,False
catvton,01386_00,zipper,False,False,absent,absent,,,False,False
catvton,01386_00,sleeve,True,True,present,present,0.3272450268268585,0.33685529232025146,False,False
catvton,01386_00,shoulder,True,False,present,present,0.3552498519420624,,True,False
catvton,01386_00,logo,False,False,absent,absent,,,False,False
catvton,01503_00,collar,False,False,uncertain,present,,,False,False
catvton,01503_00,lapel,False,False,absent,absent,,,False,False
catvton,01503_00,cuff,False,False,uncertain,absent,,,False,False
catvton,01503_00,button hole,False,False,absent,absent,,,False,False
catvton,01503_00,button,False,False,absent,absent,,,False,False
catvton,01503_00,pocket,False,False,absent,absent,,,False,False
catvton,01503_00,zipper,False,False,absent,absent,,,False,False
catvton,01503_00,sleeve,True,True,present,present,0.3801826238632202,0.39975666999816895,False,False
catvton,01503_00,shoulder,True,True,present,present,0.49859800934791565,0.5193044543266296,False,False
catvton,01503_00,logo,False,False,absent,absent,,,False,False
catvton,01767_00,collar,False,False,absent,present,,,False,False
catvton,01767_00,lapel,False,False,absent,absent,,,False,False
catvton,01767_00,cuff,False,False,absent,absent,,,False,False
catvton,01767_00,button hole,False,False,absent,absent,,,False,False
catvton,01767_00,button,True,False,present,absent,0.4578262269496918,,True,False
catvton,01767_00,pocket,False,False,absent,absent,,,False,False
catvton,01767_00,zipper,False,False,absent,absent,,,False,False
catvton,01767_00,sleeve,True,True,present,present,0.46950027346611023,0.4675103724002838,False,False
catvton,01767_00,shoulder,True,True,present,present,0.4192546308040619,0.4219508469104767,False,False
catvton,01767_00,logo,False,False,present,present,,,False,False
catvton,01801_00,collar,False,False,absent,absent,,,False,False
catvton,01801_00,lapel,False,False,absent,absent,,,False,False
catvton,01801_00,cuff,False,False,absent,absent,,,False,False
catvton,01801_00,button hole,False,False,absent,absent,,,False,False
catvton,01801_00,button,False,False,absent,absent,,,False,False
catvton,01801_00,pocket,False,False,absent,absent,,,False,False
catvton,01801_00,zipper,False,False,absent,absent,,,False,False
catvton,01801_00,sleeve,False,False,absent,absent,,,False,False
catvton,01801_00,shoulder,True,True,present,present,0.36629754304885864,0.591346263885498,False,False
catvton,01801_00,logo,False,False,absent,absent,,,False,False
catvton,01827_00,collar,True,False,present,absent,0.3492741286754608,,True,False
catvton,01827_00,lapel,False,False,absent,absent,,,False,False
catvton,01827_00,cuff,False,True,absent,present,,,False,True
catvton,01827_00,button hole,False,False,absent,absent,,,False,False
catvton,01827_00,button,False,False,absent,absent,,,False,False
catvton,01827_00,pocket,True,True,present,present,0.3141946494579315,0.35654714703559875,False,False
catvton,01827_00,zipper,False,False,absent,absent,,,False,False
catvton,01827_00,sleeve,True,True,present,present,0.20419423282146454,0.1997303068637848,False,False
catvton,01827_00,shoulder,True,False,present,present,0.22636695206165314,,True,False
catvton,01827_00,logo,False,False,absent,absent,,,False,False
catvton,01832_00,collar,True,True,present,present,0.18737319111824036,0.24409915506839752,False,False
catvton,01832_00,lapel,False,False,absent,absent,,,False,False
catvton,01832_00,cuff,False,False,absent,absent,,,False,False
catvton,01832_00,button hole,False,False,absent,absent,,,False,False
catvton,01832_00,button,False,False,absent,absent,,,False,False
catvton,01832_00,pocket,False,False,absent,absent,,,False,False
catvton,01832_00,zipper,False,False,absent,absent,,,False,False
catvton,01832_00,sleeve,True,True,present,present,0.22497345507144928,0.2845248579978943,False,False
catvton,01832_00,shoulder,True,True,present,present,0.2730705142021179,0.2502315938472748,False,False
catvton,01832_00,logo,False,False,absent,absent,,,False,False
catvton,01877_00,collar,True,False,present,absent,0.5827049016952515,,True,False
catvton,01877_00,lapel,False,False,absent,absent,,,False,False
catvton,01877_00,cuff,False,False,absent,absent,,,False,False
catvton,01877_00,button hole,False,False,absent,absent,,,False,False
catvton,01877_00,button,False,False,absent,absent,,,False,False
catvton,01877_00,pocket,False,False,absent,absent,,,False,False
catvton,01877_00,zipper,False,False,absent,absent,,,False,False
catvton,01877_00,sleeve,True,True,present,present,0.4335356652736664,0.42997390031814575,False,False
catvton,01877_00,shoulder,True,True,present,present,0.45214352011680603,0.4589225947856903,False,False
catvton,01877_00,logo,False,False,present,present,,,False,False
catvton,01900_00,collar,False,False,absent,absent,,,False,False
catvton,01900_00,lapel,False,False,absent,absent,,,False,False
catvton,01900_00,cuff,True,False,present,uncertain,0.3011344075202942,,True,False
catvton,01900_00,button hole,False,False,absent,absent,,,False,False
catvton,01900_00,button,False,False,absent,absent,,,False,False
catvton,01900_00,pocket,False,False,absent,absent,,,False,False
catvton,01900_00,zipper,False,False,absent,absent,,,False,False
catvton,01900_00,sleeve,True,True,present,present,0.41294774413108826,0.4445027709007263,False,False
catvton,01900_00,shoulder,True,True,present,present,0.32645565271377563,0.5139986872673035,False,False
catvton,01900_00,logo,False,False,absent,absent,,,False,False
catvton,01917_00,collar,True,True,present,present,0.33287885785102844,0.4057617783546448,False,False
catvton,01917_00,lapel,False,False,absent,absent,,,False,False
catvton,01917_00,cuff,False,False,absent,absent,,,False,False
catvton,01917_00,button hole,False,False,absent,absent,,,False,False
catvton,01917_00,button,False,False,absent,absent,,,False,False
catvton,01917_00,pocket,False,False,absent,absent,,,False,False
catvton,01917_00,zipper,False,False,absent,absent,,,False,False
catvton,01917_00,sleeve,True,True,present,present,0.3004894554615021,0.40564560890197754,False,False
catvton,01917_00,shoulder,True,True,present,present,0.3430498540401459,0.5526272058486938,False,False
catvton,01917_00,logo,False,False,absent,absent,,,False,False
catvton,01994_00,collar,False,False,absent,absent,,,False,False
catvton,01994_00,lapel,False,False,absent,absent,,,False,False
catvton,01994_00,cuff,False,False,absent,absent,,,False,False
catvton,01994_00,button hole,False,False,absent,absent,,,False,False
catvton,01994_00,button,False,False,absent,absent,,,False,False
catvton,01994_00,pocket,False,False,absent,absent,,,False,False
catvton,01994_00,zipper,False,False,absent,absent,,,False,False
catvton,01994_00,sleeve,True,True,present,present,0.38217565417289734,0.3601415455341339,False,False
catvton,01994_00,shoulder,True,True,present,present,0.4462529122829437,0.5397859215736389,False,False
catvton,01994_00,logo,False,False,absent,absent,,,False,False
catvton,02180_00,collar,True,True,present,present,0.32257360219955444,0.3161013722419739,False,False
catvton,02180_00,lapel,False,False,absent,absent,,,False,False
catvton,02180_00,cuff,False,False,uncertain,absent,,,False,False
catvton,02180_00,button hole,False,False,absent,absent,,,False,False
catvton,02180_00,button,False,False,absent,absent,,,False,False
catvton,02180_00,pocket,False,False,absent,absent,,,False,False
catvton,02180_00,zipper,False,False,absent,absent,,,False,False
catvton,02180_00,sleeve,True,True,present,present,0.4460560083389282,0.44259893894195557,False,False
catvton,02180_00,shoulder,True,True,present,present,0.3423652648925781,0.3458881676197052,False,False
catvton,02180_00,logo,True,False,present,absent,0.39276009798049927,,True,False
catvton,02253_00,collar,False,False,uncertain,uncertain,,,False,False
catvton,02253_00,lapel,False,False,absent,absent,,,False,False
catvton,02253_00,cuff,True,False,present,absent,0.5546671748161316,,True,False
catvton,02253_00,button hole,False,False,absent,absent,,,False,False
catvton,02253_00,button,False,False,absent,absent,,,False,False
catvton,02253_00,pocket,False,False,absent,absent,,,False,False
catvton,02253_00,zipper,False,False,absent,absent,,,False,False
catvton,02253_00,sleeve,True,True,present,present,0.45523977279663086,0.4503288269042969,False,False
catvton,02253_00,shoulder,True,True,present,present,0.40014082193374634,0.33434414863586426,False,False
catvton,02253_00,logo,False,False,absent,absent,,,False,False
catvton,02327_00,collar,True,False,present,absent,0.7654048800468445,,True,False
catvton,02327_00,lapel,False,False,absent,absent,,,False,False
catvton,02327_00,cuff,False,False,absent,absent,,,False,False
catvton,02327_00,button hole,False,False,absent,absent,,,False,False
catvton,02327_00,button,False,False,absent,absent,,,False,False
catvton,02327_00,pocket,False,False,absent,absent,,,False,False
catvton,02327_00,zipper,False,False,absent,absent,,,False,False
catvton,02327_00,sleeve,False,True,present,present,,,False,False
catvton,02327_00,shoulder,True,True,present,present,0.6548710465431213,0.7616122364997864,False,False
catvton,02327_00,logo,False,False,absent,absent,,,False,False
catvton,02336_00,collar,False,False,absent,absent,,,False,False
catvton,02336_00,lapel,False,False,absent,absent,,,False,False
catvton,02336_00,cuff,False,False,absent,absent,,,False,False
catvton,02336_00,button hole,False,False,absent,absent,,,False,False
catvton,02336_00,button,False,False,absent,absent,,,False,False
catvton,02336_00,pocket,False,False,absent,absent,,,False,False
catvton,02336_00,zipper,False,False,absent,absent,,,False,False
catvton,02336_00,sleeve,False,False,absent,absent,,,False,False
catvton,02336_00,shoulder,True,True,present,present,0.5806240439414978,0.5806240439414978,False,False
catvton,02336_00,logo,False,False,absent,absent,,,False,False
catvton,02372_00,collar,False,False,absent,absent,,,False,False
catvton,02372_00,lapel,False,False,absent,absent,,,False,False
catvton,02372_00,cuff,False,False,absent,absent,,,False,False
catvton,02372_00,button hole,False,False,absent,absent,,,False,False
catvton,02372_00,button,False,False,absent,absent,,,False,False
catvton,02372_00,pocket,False,False,absent,absent,,,False,False
catvton,02372_00,zipper,False,False,absent,absent,,,False,False
catvton,02372_00,sleeve,False,False,absent,absent,,,False,False
catvton,02372_00,shoulder,True,True,present,present,0.3978261649608612,0.5706201791763306,False,False
catvton,02372_00,logo,False,False,absent,absent,,,False,False
catvton,02388_00,collar,True,True,present,present,0.396969199180603,0.396969199180603,False,False
catvton,02388_00,lapel,False,False,absent,absent,,,False,False
catvton,02388_00,cuff,False,False,absent,absent,,,False,False
catvton,02388_00,button hole,False,False,absent,absent,,,False,False
catvton,02388_00,button,False,False,absent,absent,,,False,False
catvton,02388_00,pocket,False,False,absent,absent,,,False,False
catvton,02388_00,zipper,False,False,absent,absent,,,False,False
catvton,02388_00,sleeve,True,True,present,present,0.49968230724334717,0.5183970332145691,False,False
catvton,02388_00,shoulder,True,True,present,present,0.4728950262069702,0.4728950262069702,False,False
catvton,02388_00,logo,False,False,absent,absent,,,False,False
catvton,02400_00,collar,False,False,absent,absent,,,False,False
catvton,02400_00,lapel,False,False,absent,absent,,,False,False
catvton,02400_00,cuff,False,False,absent,absent,,,False,False
catvton,02400_00,button hole,False,False,absent,absent,,,False,False
catvton,02400_00,button,False,False,absent,absent,,,False,False
catvton,02400_00,pocket,False,False,absent,absent,,,False,False
catvton,02400_00,zipper,False,False,absent,absent,,,False,False
catvton,02400_00,sleeve,True,True,present,present,0.5938818454742432,0.5307451486587524,False,False
catvton,02400_00,shoulder,True,True,present,present,0.6969746351242065,0.7077210545539856,False,False
catvton,02400_00,logo,False,False,absent,absent,,,False,False
catvton,02457_00,collar,False,False,absent,absent,,,False,False
catvton,02457_00,lapel,False,False,absent,absent,,,False,False
catvton,02457_00,cuff,False,False,absent,absent,,,False,False
catvton,02457_00,button hole,False,False,absent,absent,,,False,False
catvton,02457_00,button,False,False,absent,absent,,,False,False
catvton,02457_00,pocket,False,False,absent,absent,,,False,False
catvton,02457_00,zipper,False,False,absent,absent,,,False,False
catvton,02457_00,sleeve,True,True,present,present,0.4638180136680603,0.4901404082775116,False,False
catvton,02457_00,shoulder,True,True,present,present,0.4507335126399994,0.3977915942668915,False,False
catvton,02457_00,logo,False,False,absent,absent,,,False,False
catvton,02743_00,collar,True,True,present,present,0.3988608419895172,0.43316560983657837,False,False
catvton,02743_00,lapel,False,False,absent,absent,,,False,False
catvton,02743_00,cuff,True,True,present,present,0.2540287971496582,0.46832796931266785,False,False
catvton,02743_00,button hole,False,False,absent,absent,,,False,False
catvton,02743_00,button,False,False,absent,absent,,,False,False
catvton,02743_00,pocket,False,False,absent,absent,,,False,False
catvton,02743_00,zipper,False,False,absent,absent,,,False,False
catvton,02743_00,sleeve,True,True,present,present,0.3401503562927246,0.49922242760658264,False,False
catvton,02743_00,shoulder,True,True,present,present,0.3522341847419739,0.3480376899242401,False,False
catvton,02743_00,logo,True,True,present,present,0.3790041506290436,0.3790041506290436,False,False
catvton,02810_00,collar,False,False,absent,absent,,,False,False
catvton,02810_00,lapel,False,False,absent,absent,,,False,False
catvton,02810_00,cuff,False,False,absent,absent,,,False,False
catvton,02810_00,button hole,False,False,absent,absent,,,False,False
catvton,02810_00,button,False,False,absent,absent,,,False,False
catvton,02810_00,pocket,True,False,present,absent,0.4104906916618347,,True,False
catvton,02810_00,zipper,False,False,absent,absent,,,False,False
catvton,02810_00,sleeve,True,True,present,present,0.29873767495155334,0.29873770475387573,False,False
catvton,02810_00,shoulder,True,True,present,present,0.4737227261066437,0.4697602391242981,False,False
catvton,02810_00,logo,False,False,absent,absent,,,False,False
catvton,02871_00,collar,True,False,present,present,0.3142419755458832,,True,False
catvton,02871_00,lapel,False,False,absent,absent,,,False,False
catvton,02871_00,cuff,False,False,uncertain,absent,,,False,False
catvton,02871_00,button hole,False,False,absent,absent,,,False,False
catvton,02871_00,button,False,False,absent,absent,,,False,False
catvton,02871_00,pocket,False,False,absent,absent,,,False,False
catvton,02871_00,zipper,False,False,absent,absent,,,False,False
catvton,02871_00,sleeve,True,True,present,present,0.3374907374382019,0.3601538836956024,False,False
catvton,02871_00,shoulder,True,True,present,present,0.2912488281726837,0.2912488579750061,False,False
catvton,02871_00,logo,True,True,present,present,0.3775249421596527,0.37752479314804077,False,False
catvton,03013_00,collar,True,False,present,uncertain,0.21304605901241302,,True,False
catvton,03013_00,lapel,False,False,absent,absent,,,False,False
catvton,03013_00,cuff,False,False,absent,absent,,,False,False
catvton,03013_00,button hole,False,False,absent,absent,,,False,False
catvton,03013_00,button,False,False,absent,absent,,,False,False
catvton,03013_00,pocket,False,False,absent,absent,,,False,False
catvton,03013_00,zipper,False,False,absent,absent,,,False,False
catvton,03013_00,sleeve,True,True,present,present,0.22532615065574646,0.22532625496387482,False,False
catvton,03013_00,shoulder,True,True,present,present,0.24912436306476593,0.22024093568325043,False,False
catvton,03013_00,logo,False,False,absent,absent,,,False,False
catvton,03191_00,collar,False,False,absent,absent,,,False,False
catvton,03191_00,lapel,False,False,absent,absent,,,False,False
catvton,03191_00,cuff,False,True,uncertain,present,,,False,False
catvton,03191_00,button hole,False,False,absent,absent,,,False,False
catvton,03191_00,button,False,False,absent,absent,,,False,False
catvton,03191_00,pocket,False,False,absent,absent,,,False,False
catvton,03191_00,zipper,False,False,absent,absent,,,False,False
catvton,03191_00,sleeve,True,True,present,present,0.32210665941238403,0.4085482954978943,False,False
catvton,03191_00,shoulder,True,True,present,present,0.30471712350845337,0.3142922818660736,False,False
catvton,03191_00,logo,False,False,absent,absent,,,False,False
catvton,03608_00,collar,True,False,present,present,0.47669902443885803,,True,False
catvton,03608_00,lapel,False,False,absent,absent,,,False,False
catvton,03608_00,cuff,True,True,present,present,0.47326943278312683,0.47530895471572876,False,False
catvton,03608_00,button hole,False,False,absent,absent,,,False,False
catvton,03608_00,button,False,False,absent,absent,,,False,False
catvton,03608_00,pocket,False,False,absent,absent,,,False,False
catvton,03608_00,zipper,False,False,absent,absent,,,False,False
catvton,03608_00,sleeve,True,True,present,present,0.5971044301986694,0.6023333668708801,False,False
catvton,03608_00,shoulder,True,True,present,present,0.5007700324058533,0.47587844729423523,False,False
catvton,03608_00,logo,False,False,absent,absent,,,False,False
catvton,03935_00,collar,True,False,present,absent,0.586976945400238,,True,False
catvton,03935_00,lapel,False,False,absent,absent,,,False,False
catvton,03935_00,cuff,True,False,present,absent,0.6276308298110962,,True,False
catvton,03935_00,button hole,False,False,absent,absent,,,False,False
catvton,03935_00,button,False,False,absent,absent,,,False,False
catvton,03935_00,pocket,False,False,absent,absent,,,False,False
catvton,03935_00,zipper,False,False,absent,absent,,,False,False
catvton,03935_00,sleeve,True,True,present,present,0.5848037600517273,0.6301994323730469,False,False
catvton,03935_00,shoulder,True,True,present,present,0.48861801624298096,0.5559191703796387,False,False
catvton,03935_00,logo,False,False,absent,absent,,,False,False
catvton,03950_00,collar,False,False,absent,absent,,,False,False
catvton,03950_00,lapel,False,False,absent,absent,,,False,False
catvton,03950_00,cuff,False,False,absent,uncertain,,,False,False
catvton,03950_00,button hole,False,False,absent,absent,,,False,False
catvton,03950_00,button,False,False,absent,absent,,,False,False
catvton,03950_00,pocket,False,False,absent,absent,,,False,False
catvton,03950_00,zipper,False,False,absent,absent,,,False,False
catvton,03950_00,sleeve,True,True,present,present,0.39700257778167725,0.3970024883747101,False,False
catvton,03950_00,shoulder,True,False,present,present,0.35753947496414185,,True,False
catvton,03950_00,logo,False,False,absent,absent,,,False,False
catvton,03991_00,collar,True,False,present,present,0.5008367300033569,,True,False
catvton,03991_00,lapel,False,False,absent,absent,,,False,False
catvton,03991_00,cuff,False,False,absent,absent,,,False,False
catvton,03991_00,button hole,False,False,absent,absent,,,False,False
catvton,03991_00,button,False,False,absent,absent,,,False,False
catvton,03991_00,pocket,False,False,absent,absent,,,False,False
catvton,03991_00,zipper,False,False,absent,absent,,,False,False
catvton,03991_00,sleeve,False,False,absent,absent,,,False,False
catvton,03991_00,shoulder,True,False,present,uncertain,0.4471518397331238,,True,False
catvton,03991_00,logo,False,False,absent,absent,,,False,False
catvton,04430_00,collar,True,True,present,present,0.36860010027885437,0.36860010027885437,False,False
catvton,04430_00,lapel,False,False,absent,absent,,,False,False
catvton,04430_00,cuff,False,False,absent,absent,,,False,False
catvton,04430_00,button hole,False,False,absent,absent,,,False,False
catvton,04430_00,button,False,False,absent,absent,,,False,False
catvton,04430_00,pocket,False,False,absent,absent,,,False,False
catvton,04430_00,zipper,False,False,absent,absent,,,False,False
catvton,04430_00,sleeve,True,True,present,present,0.47070327401161194,0.43984439969062805,False,False
catvton,04430_00,shoulder,True,True,present,present,0.34213021397590637,0.5959509015083313,False,False
catvton,04430_00,logo,False,False,absent,absent,,,False,False
catvton,04562_00,collar,True,True,present,present,0.7685235738754272,0.8182597756385803,False,False
catvton,04562_00,lapel,False,False,absent,absent,,,False,False
catvton,04562_00,cuff,False,True,absent,present,,,False,True
catvton,04562_00,button hole,False,False,absent,absent,,,False,False
catvton,04562_00,button,False,False,absent,absent,,,False,False
catvton,04562_00,pocket,False,False,absent,absent,,,False,False
catvton,04562_00,zipper,False,False,absent,absent,,,False,False
catvton,04562_00,sleeve,True,True,present,present,0.41620326042175293,0.4686656892299652,False,False
catvton,04562_00,shoulder,True,True,present,present,0.5453901886940002,0.5453901886940002,False,False
catvton,04562_00,logo,False,False,absent,absent,,,False,False
catvton,04652_00,collar,False,False,absent,absent,,,False,False
catvton,04652_00,lapel,False,False,absent,absent,,,False,False
catvton,04652_00,cuff,False,False,absent,absent,,,False,False
catvton,04652_00,button hole,False,False,absent,absent,,,False,False
catvton,04652_00,button,False,False,absent,absent,,,False,False
catvton,04652_00,pocket,False,False,absent,absent,,,False,False
catvton,04652_00,zipper,False,False,absent,absent,,,False,False
catvton,04652_00,sleeve,True,True,present,present,0.5411539673805237,0.5511680245399475,False,False
catvton,04652_00,shoulder,True,True,present,present,0.4102959930896759,0.611396074295044,False,False
catvton,04652_00,logo,False,False,absent,absent,,,False,False
catvton,04680_00,collar,False,False,uncertain,absent,,,False,False
catvton,04680_00,lapel,False,False,absent,absent,,,False,False
catvton,04680_00,cuff,False,False,absent,absent,,,False,False
catvton,04680_00,button hole,False,False,absent,absent,,,False,False
catvton,04680_00,button,True,True,present,present,0.3884178698062897,0.4131491780281067,False,False
catvton,04680_00,pocket,False,False,absent,absent,,,False,False
catvton,04680_00,zipper,False,False,absent,absent,,,False,False
catvton,04680_00,sleeve,False,False,absent,absent,,,False,False
catvton,04680_00,shoulder,True,True,present,present,0.5098749995231628,0.5129169821739197,False,False
catvton,04680_00,logo,False,False,absent,absent,,,False,False
catvton,04699_00,collar,False,False,absent,absent,,,False,False
catvton,04699_00,lapel,False,False,absent,absent,,,False,False
catvton,04699_00,cuff,False,False,uncertain,uncertain,,,False,False
catvton,04699_00,button hole,False,False,absent,absent,,,False,False
catvton,04699_00,button,False,False,absent,absent,,,False,False
catvton,04699_00,pocket,False,False,absent,absent,,,False,False
catvton,04699_00,zipper,False,False,absent,absent,,,False,False
catvton,04699_00,sleeve,True,True,present,present,0.6349725723266602,0.621793270111084,False,False
catvton,04699_00,shoulder,True,True,present,present,0.4867614507675171,0.4872434735298157,False,False
catvton,04699_00,logo,False,False,absent,absent,,,False,False
catvton,04847_00,collar,True,True,present,present,0.5327901244163513,0.584002673625946,False,False
catvton,04847_00,lapel,False,False,absent,absent,,,False,False
catvton,04847_00,cuff,False,False,absent,absent,,,False,False
catvton,04847_00,button hole,False,False,absent,absent,,,False,False
catvton,04847_00,button,False,False,absent,absent,,,False,False
catvton,04847_00,pocket,False,False,absent,absent,,,False,False
catvton,04847_00,zipper,False,False,absent,absent,,,False,False
catvton,04847_00,sleeve,True,True,present,present,0.3992166817188263,0.527553141117096,False,False
catvton,04847_00,shoulder,False,False,present,present,,,False,False
catvton,04847_00,logo,True,False,present,present,0.5937642455101013,,True,False
catvton,04893_00,collar,False,False,absent,absent,,,False,False
catvton,04893_00,lapel,False,False,absent,absent,,,False,False
catvton,04893_00,cuff,False,False,absent,absent,,,False,False
catvton,04893_00,button hole,False,False,absent,absent,,,False,False
catvton,04893_00,button,False,False,absent,absent,,,False,False
catvton,04893_00,pocket,False,False,absent,absent,,,False,False
catvton,04893_00,zipper,False,False,absent,absent,,,False,False
catvton,04893_00,sleeve,True,True,present,present,0.34651339054107666,0.4233396649360657,False,False
catvton,04893_00,shoulder,True,True,present,present,0.38010117411613464,0.49068111181259155,False,False
catvton,04893_00,logo,False,False,absent,absent,,,False,False
catvton,04944_00,collar,True,True,present,present,0.36379674077033997,0.36379674077033997,False,False
catvton,04944_00,lapel,False,False,absent,absent,,,False,False
catvton,04944_00,cuff,False,False,absent,uncertain,,,False,False
catvton,04944_00,button hole,False,False,absent,absent,,,False,False
catvton,04944_00,button,False,False,absent,absent,,,False,False
catvton,04944_00,pocket,False,False,absent,absent,,,False,False
catvton,04944_00,zipper,False,False,absent,absent,,,False,False
catvton,04944_00,sleeve,True,True,present,present,0.334767609834671,0.31334489583969116,False,False
catvton,04944_00,shoulder,True,True,present,present,0.4082081913948059,0.3699321150779724,False,False
catvton,04944_00,logo,False,False,absent,absent,,,False,False
catvton,05156_00,collar,True,True,present,present,0.4061478078365326,0.3892924189567566,False,False
catvton,05156_00,lapel,False,False,absent,absent,,,False,False
catvton,05156_00,cuff,True,True,present,present,0.22820086777210236,0.2269839346408844,False,False
catvton,05156_00,button hole,False,False,absent,absent,,,False,False
catvton,05156_00,button,False,False,absent,absent,,,False,False
catvton,05156_00,pocket,False,False,absent,absent,,,False,False
catvton,05156_00,zipper,False,False,absent,absent,,,False,False
catvton,05156_00,sleeve,True,True,present,present,0.23016685247421265,0.23016685247421265,False,False
catvton,05156_00,shoulder,True,True,present,present,0.30424848198890686,0.3378922641277313,False,False
catvton,05156_00,logo,False,False,absent,absent,,,False,False
catvton,05329_00,collar,False,False,absent,uncertain,,,False,False
catvton,05329_00,lapel,False,False,absent,absent,,,False,False
catvton,05329_00,cuff,False,False,absent,absent,,,False,False
catvton,05329_00,button hole,False,False,absent,absent,,,False,False
catvton,05329_00,button,False,False,absent,absent,,,False,False
catvton,05329_00,pocket,False,False,absent,absent,,,False,False
catvton,05329_00,zipper,False,False,absent,absent,,,False,False
catvton,05329_00,sleeve,True,True,present,present,0.5171934962272644,0.6168977618217468,False,False
catvton,05329_00,shoulder,True,True,present,present,0.5365761518478394,0.47162309288978577,False,False
catvton,05329_00,logo,False,False,absent,absent,,,False,False
catvton,05544_00,collar,True,True,present,present,0.46383196115493774,0.46383196115493774,False,False
catvton,05544_00,lapel,False,False,absent,absent,,,False,False
catvton,05544_00,cuff,False,False,absent,absent,,,False,False
catvton,05544_00,button hole,False,False,absent,absent,,,False,False
catvton,05544_00,button,False,False,absent,absent,,,False,False
catvton,05544_00,pocket,False,False,absent,absent,,,False,False
catvton,05544_00,zipper,False,False,absent,absent,,,False,False
catvton,05544_00,sleeve,False,False,absent,absent,,,False,False
catvton,05544_00,shoulder,False,False,uncertain,absent,,,False,False
catvton,05544_00,logo,False,False,absent,absent,,,False,False
catvton,05910_00,collar,False,False,absent,absent,,,False,False
catvton,05910_00,lapel,False,False,absent,absent,,,False,False
catvton,05910_00,cuff,False,False,absent,absent,,,False,False
catvton,05910_00,button hole,False,False,absent,absent,,,False,False
catvton,05910_00,button,False,False,absent,absent,,,False,False
catvton,05910_00,pocket,False,False,absent,absent,,,False,False
catvton,05910_00,zipper,False,False,absent,absent,,,False,False
catvton,05910_00,sleeve,False,False,absent,absent,,,False,False
catvton,05910_00,shoulder,True,True,present,present,0.595975399017334,0.6369342803955078,False,False
catvton,05910_00,logo,False,False,absent,absent,,,False,False
catvton,05961_00,collar,False,False,absent,uncertain,,,False,False
catvton,05961_00,lapel,False,False,absent,absent,,,False,False
catvton,05961_00,cuff,False,False,absent,absent,,,False,False
catvton,05961_00,button hole,False,False,absent,absent,,,False,False
catvton,05961_00,button,False,False,absent,absent,,,False,False
catvton,05961_00,pocket,False,False,absent,absent,,,False,False
catvton,05961_00,zipper,False,False,absent,absent,,,False,False
catvton,05961_00,sleeve,True,True,present,present,0.36587199568748474,0.34883370995521545,False,False
catvton,05961_00,shoulder,True,True,present,present,0.3652871549129486,0.4265558123588562,False,False
catvton,05961_00,logo,False,False,absent,absent,,,False,False
catvton,06192_00,collar,True,False,present,uncertain,0.46627798676490784,,True,False
catvton,06192_00,lapel,False,False,absent,absent,,,False,False
catvton,06192_00,cuff,True,True,present,present,0.2568678557872772,0.25686779618263245,False,False
catvton,06192_00,button hole,False,False,absent,absent,,,False,False
catvton,06192_00,button,False,False,absent,absent,,,False,False
catvton,06192_00,pocket,False,False,absent,absent,,,False,False
catvton,06192_00,zipper,False,False,absent,absent,,,False,False
catvton,06192_00,sleeve,True,True,present,present,0.38811755180358887,0.4215182363986969,False,False
catvton,06192_00,shoulder,True,True,present,present,0.49818187952041626,0.49818190932273865,False,False
catvton,06192_00,logo,False,False,absent,absent,,,False,False
catvton,06730_00,collar,True,True,present,present,0.2612740397453308,0.2612740397453308,False,False
catvton,06730_00,lapel,False,False,absent,absent,,,False,False
catvton,06730_00,cuff,True,True,present,present,0.3106648027896881,0.31312501430511475,False,False
catvton,06730_00,button hole,False,False,absent,absent,,,False,False
catvton,06730_00,button,False,False,absent,absent,,,False,False
catvton,06730_00,pocket,False,False,absent,absent,,,False,False
catvton,06730_00,zipper,False,False,absent,absent,,,False,False
catvton,06730_00,sleeve,True,True,present,present,0.3066853880882263,0.30956706404685974,False,False
catvton,06730_00,shoulder,True,True,present,present,0.2782362699508667,0.2735118567943573,False,False
catvton,06730_00,logo,False,False,absent,absent,,,False,False
catvton,06753_00,collar,False,False,uncertain,absent,,,False,False
catvton,06753_00,lapel,False,False,absent,absent,,,False,False
catvton,06753_00,cuff,False,False,absent,absent,,,False,False
catvton,06753_00,button hole,False,False,absent,absent,,,False,False
catvton,06753_00,button,False,False,absent,absent,,,False,False
catvton,06753_00,pocket,False,False,absent,absent,,,False,False
catvton,06753_00,zipper,False,False,absent,absent,,,False,False
catvton,06753_00,sleeve,True,True,present,present,0.34172236919403076,0.32234635949134827,False,False
catvton,06753_00,shoulder,True,False,present,present,0.37447232007980347,,True,False
catvton,06753_00,logo,False,False,absent,absent,,,False,False
catvton,06939_00,collar,True,True,present,present,0.4358375072479248,0.4358375668525696,False,False
catvton,06939_00,lapel,False,False,absent,absent,,,False,False
catvton,06939_00,cuff,False,False,absent,absent,,,False,False
catvton,06939_00,button hole,False,False,absent,absent,,,False,False
catvton,06939_00,button,False,False,absent,absent,,,False,False
catvton,06939_00,pocket,False,False,absent,absent,,,False,False
catvton,06939_00,zipper,False,False,absent,absent,,,False,False
catvton,06939_00,sleeve,True,True,present,present,0.40195104479789734,0.5333182215690613,False,False
catvton,06939_00,shoulder,True,True,present,present,0.386040061712265,0.3584858179092407,False,False
catvton,06939_00,logo,True,False,present,uncertain,0.407375693321228,,True,False
catvton,06978_00,collar,False,False,absent,absent,,,False,False
catvton,06978_00,lapel,False,False,absent,absent,,,False,False
catvton,06978_00,cuff,False,False,absent,absent,,,False,False
catvton,06978_00,button hole,False,False,absent,absent,,,False,False
catvton,06978_00,button,False,False,absent,absent,,,False,False
catvton,06978_00,pocket,False,False,absent,absent,,,False,False
catvton,06978_00,zipper,False,False,absent,absent,,,False,False
catvton,06978_00,sleeve,True,True,present,present,0.36238205432891846,0.36799824237823486,False,False
catvton,06978_00,shoulder,True,True,present,present,0.39054250717163086,0.38910797238349915,False,False
catvton,06978_00,logo,False,False,absent,absent,,,False,False
catvton,07150_00,collar,True,True,present,present,0.30698269605636597,0.40035709738731384,False,False
catvton,07150_00,lapel,False,False,absent,absent,,,False,False
catvton,07150_00,cuff,False,False,absent,absent,,,False,False
catvton,07150_00,button hole,False,False,absent,absent,,,False,False
catvton,07150_00,button,False,False,absent,absent,,,False,False
catvton,07150_00,pocket,False,False,absent,absent,,,False,False
catvton,07150_00,zipper,False,False,absent,absent,,,False,False
catvton,07150_00,sleeve,True,True,present,present,0.2716924846172333,0.3061419725418091,False,False
catvton,07150_00,shoulder,True,True,present,present,0.24990206956863403,0.26231059432029724,False,False
catvton,07150_00,logo,False,False,uncertain,uncertain,,,False,False
catvton,07212_00,collar,False,False,absent,absent,,,False,False
catvton,07212_00,lapel,False,False,absent,absent,,,False,False
catvton,07212_00,cuff,True,False,present,absent,0.2570177912712097,,True,False
catvton,07212_00,button hole,False,False,absent,absent,,,False,False
catvton,07212_00,button,True,True,present,present,0.6661756038665771,0.681614339351654,False,False
catvton,07212_00,pocket,False,False,absent,absent,,,False,False
catvton,07212_00,zipper,False,False,absent,absent,,,False,False
catvton,07212_00,sleeve,True,True,present,present,0.5491060614585876,0.521346926689148,False,False
catvton,07212_00,shoulder,True,True,present,present,0.4098118841648102,0.5785156488418579,False,False
catvton,07212_00,logo,False,False,uncertain,uncertain,,,False,False
catvton,07396_00,collar,False,False,absent,absent,,,False,False
catvton,07396_00,lapel,False,False,absent,absent,,,False,False
catvton,07396_00,cuff,False,False,uncertain,absent,,,False,False
catvton,07396_00,button hole,False,False,absent,absent,,,False,False
catvton,07396_00,button,False,False,absent,absent,,,False,False
catvton,07396_00,pocket,False,False,absent,absent,,,False,False
catvton,07396_00,zipper,False,False,absent,absent,,,False,False
catvton,07396_00,sleeve,True,True,present,present,0.6094062924385071,0.6164776086807251,False,False
catvton,07396_00,shoulder,True,True,present,present,0.6725290417671204,0.8104420900344849,False,False
catvton,07396_00,logo,False,False,absent,absent,,,False,False
catvton,07573_00,collar,False,False,absent,absent,,,False,False
catvton,07573_00,lapel,False,False,absent,absent,,,False,False
catvton,07573_00,cuff,False,False,absent,absent,,,False,False
catvton,07573_00,button hole,False,False,absent,absent,,,False,False
catvton,07573_00,button,False,False,absent,absent,,,False,False
catvton,07573_00,pocket,False,False,absent,absent,,,False,False
catvton,07573_00,zipper,False,False,absent,absent,,,False,False
catvton,07573_00,sleeve,True,True,present,present,0.41128310561180115,0.38935914635658264,False,False
catvton,07573_00,shoulder,True,True,present,present,0.4100579619407654,0.41057470440864563,False,False
catvton,07573_00,logo,False,False,absent,absent,,,False,False
catvton,07599_00,collar,True,True,present,present,0.8349347114562988,0.9139667749404907,False,False
catvton,07599_00,lapel,False,False,absent,absent,,,False,False
catvton,07599_00,cuff,False,False,absent,absent,,,False,False
catvton,07599_00,button hole,False,False,absent,absent,,,False,False
catvton,07599_00,button,False,False,absent,absent,,,False,False
catvton,07599_00,pocket,False,False,absent,absent,,,False,False
catvton,07599_00,zipper,False,False,absent,absent,,,False,False
catvton,07599_00,sleeve,False,False,absent,absent,,,False,False
catvton,07599_00,shoulder,True,True,present,present,0.6910221576690674,0.7080227136611938,False,False
catvton,07599_00,logo,False,False,absent,absent,,,False,False
catvton,07694_00,collar,True,False,present,present,0.28403377532958984,,True,False
catvton,07694_00,lapel,False,False,absent,absent,,,False,False
catvton,07694_00,cuff,False,False,absent,absent,,,False,False
catvton,07694_00,button hole,False,False,absent,absent,,,False,False
catvton,07694_00,button,False,False,absent,absent,,,False,False
catvton,07694_00,pocket,False,False,absent,absent,,,False,False
catvton,07694_00,zipper,False,False,absent,absent,,,False,False
catvton,07694_00,sleeve,True,True,present,present,0.23317939043045044,0.2423425316810608,False,False
catvton,07694_00,shoulder,True,True,present,present,0.2608538866043091,0.25760841369628906,False,False
catvton,07694_00,logo,True,False,present,absent,0.29664111137390137,,True,False
catvton,07707_00,collar,False,False,absent,absent,,,False,False
catvton,07707_00,lapel,False,False,absent,absent,,,False,False
catvton,07707_00,cuff,False,False,absent,absent,,,False,False
catvton,07707_00,button hole,False,False,absent,absent,,,False,False
catvton,07707_00,button,False,False,absent,absent,,,False,False
catvton,07707_00,pocket,False,False,absent,absent,,,False,False
catvton,07707_00,zipper,False,False,absent,absent,,,False,False
catvton,07707_00,sleeve,False,False,absent,absent,,,False,False
catvton,07707_00,shoulder,True,True,present,present,0.20982378721237183,0.2345031201839447,False,False
catvton,07707_00,logo,False,False,absent,absent,,,False,False
catvton,07825_00,collar,True,True,present,present,0.38248759508132935,0.38248759508132935,False,False
catvton,07825_00,lapel,False,False,absent,absent,,,False,False
catvton,07825_00,cuff,True,True,present,present,0.3246045708656311,0.42880505323410034,False,False
catvton,07825_00,button hole,False,False,absent,absent,,,False,False
catvton,07825_00,button,False,False,absent,absent,,,False,False
catvton,07825_00,pocket,False,False,absent,absent,,,False,False
catvton,07825_00,zipper,False,False,absent,absent,,,False,False
catvton,07825_00,sleeve,True,True,present,present,0.4322468936443329,0.4220545291900635,False,False
catvton,07825_00,shoulder,True,True,present,present,0.44794681668281555,0.5021264553070068,False,False
catvton,07825_00,logo,False,False,absent,absent,,,False,False
catvton,07847_00,collar,False,False,absent,absent,,,False,False
catvton,07847_00,lapel,False,False,absent,absent,,,False,False
catvton,07847_00,cuff,False,False,absent,absent,,,False,False
catvton,07847_00,button hole,False,False,absent,absent,,,False,False
catvton,07847_00,button,False,False,absent,absent,,,False,False
catvton,07847_00,pocket,False,False,absent,absent,,,False,False
catvton,07847_00,zipper,False,False,absent,absent,,,False,False
catvton,07847_00,sleeve,True,False,present,absent,0.5686215758323669,,True,False
catvton,07847_00,shoulder,True,True,present,present,0.5403974652290344,0.5874301195144653,False,False
catvton,07847_00,logo,False,False,absent,absent,,,False,False
catvton,07884_00,collar,True,True,present,present,0.2750759422779083,0.2750760316848755,False,False
catvton,07884_00,lapel,False,False,absent,absent,,,False,False
catvton,07884_00,cuff,False,False,absent,absent,,,False,False
catvton,07884_00,button hole,False,False,absent,absent,,,False,False
catvton,07884_00,button,False,False,absent,absent,,,False,False
catvton,07884_00,pocket,False,False,absent,absent,,,False,False
catvton,07884_00,zipper,False,False,absent,absent,,,False,False
catvton,07884_00,sleeve,True,True,present,present,0.197105273604393,0.2504274249076843,False,False
catvton,07884_00,shoulder,True,False,present,present,0.1870538294315338,,True,False
catvton,07884_00,logo,True,True,present,present,0.33423832058906555,0.3507974147796631,False,False
catvton,07965_00,collar,True,True,present,present,0.2783356010913849,0.2783356010913849,False,False
catvton,07965_00,lapel,False,False,absent,absent,,,False,False
catvton,07965_00,cuff,True,True,present,present,0.420625776052475,0.6251571178436279,False,False
catvton,07965_00,button hole,False,False,absent,absent,,,False,False
catvton,07965_00,button,False,False,absent,absent,,,False,False
catvton,07965_00,pocket,False,False,absent,absent,,,False,False
catvton,07965_00,zipper,False,False,absent,absent,,,False,False
catvton,07965_00,sleeve,True,True,present,present,0.3445310890674591,0.3445310890674591,False,False
catvton,07965_00,shoulder,True,True,present,present,0.3206172287464142,0.3206172287464142,False,False
catvton,07965_00,logo,False,False,absent,absent,,,False,False
catvton,07966_00,collar,False,True,uncertain,present,,,False,False
catvton,07966_00,lapel,False,False,absent,absent,,,False,False
catvton,07966_00,cuff,False,False,uncertain,uncertain,,,False,False
catvton,07966_00,button hole,False,False,absent,absent,,,False,False
catvton,07966_00,button,False,False,absent,absent,,,False,False
catvton,07966_00,pocket,False,False,absent,absent,,,False,False
catvton,07966_00,zipper,False,False,absent,absent,,,False,False
catvton,07966_00,sleeve,True,True,present,present,0.3098635673522949,0.29359790682792664,False,False
catvton,07966_00,shoulder,True,True,present,present,0.2605815529823303,0.2792079746723175,False,False
catvton,07966_00,logo,False,False,absent,absent,,,False,False
catvton,08102_00,collar,True,True,present,present,0.6136205792427063,0.6136206984519958,False,False
catvton,08102_00,lapel,False,False,absent,absent,,,False,False
catvton,08102_00,cuff,False,False,absent,absent,,,False,False
catvton,08102_00,button hole,False,False,absent,absent,,,False,False
catvton,08102_00,button,False,False,absent,absent,,,False,False
catvton,08102_00,pocket,False,False,absent,absent,,,False,False
catvton,08102_00,zipper,False,False,absent,absent,,,False,False
catvton,08102_00,sleeve,True,True,present,present,0.5432493686676025,1.00667405128479,False,False
catvton,08102_00,shoulder,False,False,present,present,,,False,False
catvton,08102_00,logo,False,True,uncertain,present,,,False,False
catvton,08149_00,collar,False,False,absent,present,,,False,False
catvton,08149_00,lapel,False,False,absent,absent,,,False,False
catvton,08149_00,cuff,True,True,present,present,0.5645744204521179,0.5866615176200867,False,False
catvton,08149_00,button hole,False,False,absent,absent,,,False,False
catvton,08149_00,button,False,False,absent,absent,,,False,False
catvton,08149_00,pocket,False,False,absent,absent,,,False,False
catvton,08149_00,zipper,False,False,absent,absent,,,False,False
catvton,08149_00,sleeve,True,True,present,present,0.5883330702781677,0.5826911330223083,False,False
catvton,08149_00,shoulder,True,True,present,present,0.5260619521141052,0.5603569149971008,False,False
catvton,08149_00,logo,False,False,absent,absent,,,False,False
catvton,08158_00,collar,True,False,present,absent,0.3638453483581543,,True,False
catvton,08158_00,lapel,False,False,absent,absent,,,False,False
catvton,08158_00,cuff,True,True,present,present,0.2766988277435303,0.27669888734817505,False,False
catvton,08158_00,button hole,False,False,absent,absent,,,False,False
catvton,08158_00,button,False,False,absent,absent,,,False,False
catvton,08158_00,pocket,False,False,absent,absent,,,False,False
catvton,08158_00,zipper,False,False,absent,absent,,,False,False
catvton,08158_00,sleeve,True,True,present,present,0.32153916358947754,0.3215391933917999,False,False
catvton,08158_00,shoulder,True,True,present,present,0.3466881811618805,0.3817763328552246,False,False
catvton,08158_00,logo,False,False,absent,absent,,,False,False
catvton,08232_00,collar,True,True,present,present,0.35530373454093933,0.3370646834373474,False,False
catvton,08232_00,lapel,False,False,absent,absent,,,False,False
catvton,08232_00,cuff,False,False,absent,absent,,,False,False
catvton,08232_00,button hole,False,False,absent,absent,,,False,False
catvton,08232_00,button,True,True,present,present,0.349692165851593,0.36176279187202454,False,False
catvton,08232_00,pocket,False,False,absent,absent,,,False,False
catvton,08232_00,zipper,False,False,absent,absent,,,False,False
catvton,08232_00,sleeve,True,True,present,present,0.5742090940475464,0.5980066657066345,False,False
catvton,08232_00,shoulder,True,True,present,present,0.3485220670700073,0.5759795308113098,False,False
catvton,08232_00,logo,False,False,absent,absent,,,False,False
catvton,08314_00,collar,False,False,absent,absent,,,False,False
catvton,08314_00,lapel,False,False,absent,absent,,,False,False
catvton,08314_00,cuff,False,False,absent,absent,,,False,False
catvton,08314_00,button hole,False,False,absent,absent,,,False,False
catvton,08314_00,button,False,False,absent,absent,,,False,False
catvton,08314_00,pocket,False,False,absent,absent,,,False,False
catvton,08314_00,zipper,False,False,absent,absent,,,False,False
catvton,08314_00,sleeve,True,True,present,present,0.296785831451416,0.3540882170200348,False,False
catvton,08314_00,shoulder,True,True,present,present,0.5111715793609619,0.5111715793609619,False,False
catvton,08314_00,logo,False,False,absent,absent,,,False,False
catvton,08316_00,collar,True,False,present,absent,0.399156779050827,,True,False
catvton,08316_00,lapel,False,False,absent,absent,,,False,False
catvton,08316_00,cuff,False,False,absent,uncertain,,,False,False
catvton,08316_00,button hole,False,False,absent,absent,,,False,False
catvton,08316_00,button,True,True,present,present,0.3184511363506317,0.3184511363506317,False,False
catvton,08316_00,pocket,False,False,absent,absent,,,False,False
catvton,08316_00,zipper,False,False,absent,absent,,,False,False
catvton,08316_00,sleeve,True,True,present,present,0.24302901327610016,0.4611302614212036,False,False
catvton,08316_00,shoulder,True,False,present,present,0.32964932918548584,,True,False
catvton,08316_00,logo,False,False,absent,absent,,,False,False
catvton,08650_00,collar,False,False,absent,absent,,,False,False
catvton,08650_00,lapel,False,False,absent,absent,,,False,False
catvton,08650_00,cuff,False,False,absent,absent,,,False,False
catvton,08650_00,button hole,False,False,absent,absent,,,False,False
catvton,08650_00,button,False,False,absent,absent,,,False,False
catvton,08650_00,pocket,False,False,absent,absent,,,False,False
catvton,08650_00,zipper,False,False,absent,absent,,,False,False
catvton,08650_00,sleeve,False,False,uncertain,absent,,,False,False
catvton,08650_00,shoulder,True,True,present,present,0.3740628659725189,0.3709116578102112,False,False
catvton,08650_00,logo,False,False,absent,absent,,,False,False
catvton,09067_00,collar,False,False,absent,absent,,,False,False
catvton,09067_00,lapel,False,False,absent,absent,,,False,False
catvton,09067_00,cuff,True,True,present,present,0.18949034810066223,0.17853045463562012,False,False
catvton,09067_00,button hole,False,False,absent,absent,,,False,False
catvton,09067_00,button,True,True,present,present,0.43211397528648376,0.41906243562698364,False,False
catvton,09067_00,pocket,False,False,absent,absent,,,False,False
catvton,09067_00,zipper,False,False,absent,absent,,,False,False
catvton,09067_00,sleeve,True,True,present,present,0.30427616834640503,0.3349943459033966,False,False
catvton,09067_00,shoulder,True,True,present,present,0.45203688740730286,0.4438489079475403,False,False
catvton,09067_00,logo,False,False,absent,absent,,,False,False
catvton,09215_00,collar,True,False,present,present,0.3078095018863678,,True,False
catvton,09215_00,lapel,False,False,absent,absent,,,False,False
catvton,09215_00,cuff,False,False,absent,absent,,,False,False
catvton,09215_00,button hole,False,False,absent,absent,,,False,False
catvton,09215_00,button,False,False,absent,absent,,,False,False
catvton,09215_00,pocket,False,False,absent,absent,,,False,False
catvton,09215_00,zipper,False,False,absent,absent,,,False,False
catvton,09215_00,sleeve,True,True,present,present,0.3928167223930359,0.36445385217666626,False,False
catvton,09215_00,shoulder,True,True,present,present,0.35463231801986694,0.3325054943561554,False,False
catvton,09215_00,logo,False,False,absent,absent,,,False,False
catvton,09412_00,collar,False,False,present,present,,,False,False
catvton,09412_00,lapel,False,False,absent,absent,,,False,False
catvton,09412_00,cuff,False,False,absent,absent,,,False,False
catvton,09412_00,button hole,False,False,absent,absent,,,False,False
catvton,09412_00,button,False,False,absent,absent,,,False,False
catvton,09412_00,pocket,False,False,absent,absent,,,False,False
catvton,09412_00,zipper,False,False,absent,absent,,,False,False
catvton,09412_00,sleeve,True,True,present,present,0.34747937321662903,0.8519987463951111,False,False
catvton,09412_00,shoulder,True,True,present,present,0.6308341026306152,0.6402842998504639,False,False
catvton,09412_00,logo,False,False,absent,absent,,,False,False
catvton,09487_00,collar,True,False,present,present,0.5896697640419006,,True,False
catvton,09487_00,lapel,False,False,absent,absent,,,False,False
catvton,09487_00,cuff,True,True,present,present,0.6456361413002014,0.7334046363830566,False,False
catvton,09487_00,button hole,False,False,absent,absent,,,False,False
catvton,09487_00,button,False,False,absent,absent,,,False,False
catvton,09487_00,pocket,False,False,absent,absent,,,False,False
catvton,09487_00,zipper,False,False,absent,absent,,,False,False
catvton,09487_00,sleeve,True,True,present,present,0.7751593589782715,0.8428326845169067,False,False
catvton,09487_00,shoulder,True,True,present,present,0.6642168164253235,0.7253508567810059,False,False
catvton,09487_00,logo,False,False,absent,absent,,,False,False
catvton,09751_00,collar,True,True,present,present,0.47338101267814636,0.6905432939529419,False,False
catvton,09751_00,lapel,False,False,absent,absent,,,False,False
catvton,09751_00,cuff,False,False,absent,absent,,,False,False
catvton,09751_00,button hole,False,False,absent,absent,,,False,False
catvton,09751_00,button,False,False,absent,absent,,,False,False
catvton,09751_00,pocket,True,True,present,present,0.37179434299468994,0.37179434299468994,False,False
catvton,09751_00,zipper,False,False,absent,absent,,,False,False
catvton,09751_00,sleeve,False,False,absent,absent,,,False,False
catvton,09751_00,shoulder,True,True,present,present,0.4570942521095276,0.4862748682498932,False,False
catvton,09751_00,logo,False,False,absent,absent,,,False,False
catvton,09845_00,collar,False,False,absent,absent,,,False,False
catvton,09845_00,lapel,False,False,absent,absent,,,False,False
catvton,09845_00,cuff,False,False,absent,absent,,,False,False
catvton,09845_00,button hole,False,False,absent,absent,,,False,False
catvton,09845_00,button,False,False,absent,absent,,,False,False
catvton,09845_00,pocket,False,False,absent,absent,,,False,False
catvton,09845_00,zipper,False,False,absent,absent,,,False,False
catvton,09845_00,sleeve,False,False,absent,absent,,,False,False
catvton,09845_00,shoulder,True,True,present,present,0.3585018813610077,0.3585018813610077,False,False
catvton,09845_00,logo,False,False,absent,absent,,,False,False
catvton,09912_00,collar,False,False,absent,absent,,,False,False
catvton,09912_00,lapel,False,False,absent,absent,,,False,False
catvton,09912_00,cuff,False,False,absent,absent,,,False,False
catvton,09912_00,button hole,False,False,absent,absent,,,False,False
catvton,09912_00,button,False,False,absent,absent,,,False,False
catvton,09912_00,pocket,False,False,absent,absent,,,False,False
catvton,09912_00,zipper,False,False,absent,absent,,,False,False
catvton,09912_00,sleeve,True,True,present,present,0.35965627431869507,0.41796088218688965,False,False
catvton,09912_00,shoulder,True,True,present,present,0.39300236105918884,0.3369564414024353,False,False
catvton,09912_00,logo,False,False,absent,absent,,,False,False
catvton,09940_00,collar,False,False,absent,absent,,,False,False
catvton,09940_00,lapel,False,False,absent,absent,,,False,False
catvton,09940_00,cuff,False,False,absent,absent,,,False,False
catvton,09940_00,button hole,False,False,absent,absent,,,False,False
catvton,09940_00,button,False,False,absent,absent,,,False,False
catvton,09940_00,pocket,False,False,absent,absent,,,False,False
catvton,09940_00,zipper,False,False,absent,absent,,,False,False
catvton,09940_00,sleeve,False,False,uncertain,absent,,,False,False
catvton,09940_00,shoulder,True,True,present,present,0.4033171236515045,0.42228734493255615,False,False
catvton,09940_00,logo,False,False,absent,absent,,,False,False
catvton,09949_00,collar,False,False,absent,absent,,,False,False
catvton,09949_00,lapel,False,False,absent,absent,,,False,False
catvton,09949_00,cuff,False,False,absent,absent,,,False,False
catvton,09949_00,button hole,False,False,absent,absent,,,False,False
catvton,09949_00,button,False,False,absent,absent,,,False,False
catvton,09949_00,pocket,False,False,absent,absent,,,False,False
catvton,09949_00,zipper,False,False,absent,absent,,,False,False
catvton,09949_00,sleeve,True,True,present,present,0.5839303135871887,0.5839303135871887,False,False
catvton,09949_00,shoulder,True,True,present,present,0.5955440998077393,0.46356692910194397,False,False
catvton,09949_00,logo,False,False,absent,absent,,,False,False
catvton,10265_00,collar,False,False,absent,absent,,,False,False
catvton,10265_00,lapel,False,False,absent,absent,,,False,False
catvton,10265_00,cuff,False,False,absent,absent,,,False,False
catvton,10265_00,button hole,False,False,absent,absent,,,False,False
catvton,10265_00,button,False,False,absent,absent,,,False,False
catvton,10265_00,pocket,False,False,absent,absent,,,False,False
catvton,10265_00,zipper,False,False,absent,absent,,,False,False
catvton,10265_00,sleeve,False,False,present,absent,,,False,False
catvton,10265_00,shoulder,True,True,present,present,0.6763157844543457,0.7212234139442444,False,False
catvton,10265_00,logo,False,False,absent,absent,,,False,False
catvton,10352_00,collar,True,True,present,present,0.6054609417915344,0.6236936450004578,False,False
catvton,10352_00,lapel,False,False,absent,absent,,,False,False
catvton,10352_00,cuff,False,False,absent,absent,,,False,False
catvton,10352_00,button hole,False,False,absent,absent,,,False,False
catvton,10352_00,button,False,False,absent,absent,,,False,False
catvton,10352_00,pocket,False,False,absent,absent,,,False,False
catvton,10352_00,zipper,False,False,absent,absent,,,False,False
catvton,10352_00,sleeve,True,True,present,present,0.48277783393859863,0.5112090110778809,False,False
catvton,10352_00,shoulder,True,True,present,present,0.5770131945610046,0.6226940751075745,False,False
catvton,10352_00,logo,False,False,absent,absent,,,False,False
catvton,10428_00,collar,False,False,absent,absent,,,False,False
catvton,10428_00,lapel,False,False,absent,absent,,,False,False
catvton,10428_00,cuff,False,False,uncertain,absent,,,False,False
catvton,10428_00,button hole,False,False,absent,absent,,,False,False
catvton,10428_00,button,False,False,absent,absent,,,False,False
catvton,10428_00,pocket,False,False,absent,absent,,,False,False
catvton,10428_00,zipper,False,False,absent,absent,,,False,False
catvton,10428_00,sleeve,True,True,present,present,0.48126792907714844,0.5286865234375,False,False
catvton,10428_00,shoulder,True,True,present,present,0.3759153187274933,0.34422338008880615,False,False
catvton,10428_00,logo,False,False,absent,absent,,,False,False
catvton,10495_00,collar,False,False,absent,absent,,,False,False
catvton,10495_00,lapel,False,False,absent,absent,,,False,False
catvton,10495_00,cuff,False,False,absent,absent,,,False,False
catvton,10495_00,button hole,False,False,absent,absent,,,False,False
catvton,10495_00,button,False,False,absent,absent,,,False,False
catvton,10495_00,pocket,False,False,absent,absent,,,False,False
catvton,10495_00,zipper,False,False,absent,absent,,,False,False
catvton,10495_00,sleeve,False,False,absent,absent,,,False,False
catvton,10495_00,shoulder,True,True,present,present,0.45265713334083557,0.621861457824707,False,False
catvton,10495_00,logo,False,False,absent,absent,,,False,False
catvton,10657_00,collar,False,False,absent,absent,,,False,False
catvton,10657_00,lapel,False,False,absent,absent,,,False,False
catvton,10657_00,cuff,True,True,present,present,0.7875446677207947,0.8091259598731995,False,False
catvton,10657_00,button hole,False,False,absent,absent,,,False,False
catvton,10657_00,button,False,False,absent,absent,,,False,False
catvton,10657_00,pocket,False,False,absent,absent,,,False,False
catvton,10657_00,zipper,False,False,absent,absent,,,False,False
catvton,10657_00,sleeve,True,True,present,present,0.7278846502304077,0.7289447784423828,False,False
catvton,10657_00,shoulder,True,True,present,present,0.7337865829467773,0.7016795873641968,False,False
catvton,10657_00,logo,False,False,absent,absent,,,False,False
catvton,10680_00,collar,False,False,uncertain,absent,,,False,False
catvton,10680_00,lapel,False,False,absent,absent,,,False,False
catvton,10680_00,cuff,True,True,present,present,0.5761753916740417,0.5761753916740417,False,False
catvton,10680_00,button hole,False,False,absent,absent,,,False,False
catvton,10680_00,button,False,False,absent,absent,,,False,False
catvton,10680_00,pocket,False,False,absent,absent,,,False,False
catvton,10680_00,zipper,False,False,absent,absent,,,False,False
catvton,10680_00,sleeve,True,True,present,present,0.6065122485160828,0.6265356540679932,False,False
catvton,10680_00,shoulder,True,True,present,present,0.5210061073303223,0.6248805522918701,False,False
catvton,10680_00,logo,False,False,absent,absent,,,False,False
catvton,10731_00,collar,True,True,present,present,0.3740226924419403,0.4185815155506134,False,False
catvton,10731_00,lapel,False,False,absent,absent,,,False,False
catvton,10731_00,cuff,False,False,absent,absent,,,False,False
catvton,10731_00,button hole,False,False,absent,absent,,,False,False
catvton,10731_00,button,False,False,absent,absent,,,False,False
catvton,10731_00,pocket,False,False,absent,absent,,,False,False
catvton,10731_00,zipper,False,False,absent,absent,,,False,False
catvton,10731_00,sleeve,True,True,present,present,0.49634870886802673,0.5564925670623779,False,False
catvton,10731_00,shoulder,True,True,present,present,0.37422436475753784,0.37422436475753784,False,False
catvton,10731_00,logo,False,False,absent,absent,,,False,False
catvton,10843_00,collar,False,False,absent,uncertain,,,False,False
catvton,10843_00,lapel,False,False,absent,absent,,,False,False
catvton,10843_00,cuff,False,False,absent,present,,,False,False
catvton,10843_00,button hole,False,False,absent,absent,,,False,False
catvton,10843_00,button,False,False,absent,absent,,,False,False
catvton,10843_00,pocket,False,False,absent,absent,,,False,False
catvton,10843_00,zipper,False,False,absent,absent,,,False,False
catvton,10843_00,sleeve,True,True,present,present,0.6014431715011597,0.6333892941474915,False,False
catvton,10843_00,shoulder,True,True,present,present,0.6074900031089783,0.5902025699615479,False,False
catvton,10843_00,logo,False,False,absent,absent,,,False,False
catvton,11001_00,collar,False,False,absent,absent,,,False,False
catvton,11001_00,lapel,False,False,absent,absent,,,False,False
catvton,11001_00,cuff,False,False,absent,uncertain,,,False,False
catvton,11001_00,button hole,False,False,absent,absent,,,False,False
catvton,11001_00,button,False,False,absent,absent,,,False,False
catvton,11001_00,pocket,False,False,absent,absent,,,False,False
catvton,11001_00,zipper,False,False,absent,absent,,,False,False
catvton,11001_00,sleeve,True,True,present,present,0.5165279507637024,0.5165279507637024,False,False
catvton,11001_00,shoulder,True,True,present,present,0.4082474112510681,0.3961387574672699,False,False
catvton,11001_00,logo,False,False,absent,absent,,,False,False
catvton,11054_00,collar,True,False,present,uncertain,0.7440970540046692,,True,False
catvton,11054_00,lapel,False,False,absent,absent,,,False,False
catvton,11054_00,cuff,True,True,present,present,0.9185863137245178,0.8284916877746582,False,False
catvton,11054_00,button hole,False,False,absent,absent,,,False,False
catvton,11054_00,button,False,False,absent,absent,,,False,False
catvton,11054_00,pocket,False,False,absent,absent,,,False,False
catvton,11054_00,zipper,False,False,absent,absent,,,False,False
catvton,11054_00,sleeve,True,True,present,present,0.9152423739433289,0.9683006405830383,False,False
catvton,11054_00,shoulder,True,True,present,present,0.6222996115684509,0.6741371154785156,False,False
catvton,11054_00,logo,False,False,absent,absent,,,False,False
catvton,11206_00,collar,False,False,absent,absent,,,False,False
catvton,11206_00,lapel,False,False,absent,absent,,,False,False
catvton,11206_00,cuff,False,False,absent,absent,,,False,False
catvton,11206_00,button hole,False,False,absent,absent,,,False,False
catvton,11206_00,button,False,False,absent,absent,,,False,False
catvton,11206_00,pocket,False,False,absent,absent,,,False,False
catvton,11206_00,zipper,False,False,absent,absent,,,False,False
catvton,11206_00,sleeve,True,True,present,present,0.5362851619720459,0.8248453736305237,False,False
catvton,11206_00,shoulder,True,True,present,present,0.44836971163749695,0.5105952620506287,False,False
catvton,11206_00,logo,False,False,absent,absent,,,False,False
catvton,11372_00,collar,False,False,absent,absent,,,False,False
catvton,11372_00,lapel,False,False,absent,absent,,,False,False
catvton,11372_00,cuff,False,False,absent,absent,,,False,False
catvton,11372_00,button hole,False,False,absent,absent,,,False,False
catvton,11372_00,button,False,False,absent,absent,,,False,False
catvton,11372_00,pocket,False,False,absent,absent,,,False,False
catvton,11372_00,zipper,False,False,absent,absent,,,False,False
catvton,11372_00,sleeve,True,True,present,present,0.3262801170349121,0.41933944821357727,False,False
catvton,11372_00,shoulder,True,True,present,present,0.4180523157119751,0.475861132144928,False,False
catvton,11372_00,logo,False,False,absent,absent,,,False,False
catvton,11438_00,collar,False,False,absent,absent,,,False,False
catvton,11438_00,lapel,False,False,absent,absent,,,False,False
catvton,11438_00,cuff,False,False,uncertain,uncertain,,,False,False
catvton,11438_00,button hole,False,False,absent,absent,,,False,False
catvton,11438_00,button,False,False,absent,absent,,,False,False
catvton,11438_00,pocket,False,False,absent,uncertain,,,False,False
catvton,11438_00,zipper,False,False,absent,absent,,,False,False
catvton,11438_00,sleeve,True,True,present,present,0.22810645401477814,0.22810645401477814,False,False
catvton,11438_00,shoulder,True,True,present,present,0.3301685154438019,0.5060634016990662,False,False
catvton,11438_00,logo,False,False,absent,absent,,,False,False
catvton,11556_00,collar,False,False,absent,absent,,,False,False
catvton,11556_00,lapel,False,False,absent,absent,,,False,False
catvton,11556_00,cuff,True,True,present,present,0.6057850122451782,0.9283000230789185,False,False
catvton,11556_00,button hole,False,False,absent,absent,,,False,False
catvton,11556_00,button,False,False,absent,absent,,,False,False
catvton,11556_00,pocket,False,False,absent,absent,,,False,False
catvton,11556_00,zipper,False,False,absent,absent,,,False,False
catvton,11556_00,sleeve,True,True,present,present,0.7249640822410583,0.7051509618759155,False,False
catvton,11556_00,shoulder,True,True,present,present,0.620373010635376,0.5715851783752441,False,False
catvton,11556_00,logo,False,False,absent,uncertain,,,False,False
catvton,11600_00,collar,True,False,present,absent,0.276572048664093,,True,False
catvton,11600_00,lapel,False,False,absent,absent,,,False,False
catvton,11600_00,cuff,False,False,absent,absent,,,False,False
catvton,11600_00,button hole,False,False,absent,absent,,,False,False
catvton,11600_00,button,False,False,absent,absent,,,False,False
catvton,11600_00,pocket,False,False,absent,absent,,,False,False
catvton,11600_00,zipper,False,False,absent,absent,,,False,False
catvton,11600_00,sleeve,False,False,absent,absent,,,False,False
catvton,11600_00,shoulder,True,True,present,present,0.32469040155410767,0.32024189829826355,False,False
catvton,11600_00,logo,False,False,absent,absent,,,False,False
catvton,11709_00,collar,True,True,present,present,0.6540498733520508,0.705825686454773,False,False
catvton,11709_00,lapel,False,False,absent,absent,,,False,False
catvton,11709_00,cuff,False,True,absent,present,,,False,True
catvton,11709_00,button hole,False,False,absent,absent,,,False,False
catvton,11709_00,button,False,False,absent,absent,,,False,False
catvton,11709_00,pocket,False,False,absent,absent,,,False,False
catvton,11709_00,zipper,False,False,absent,absent,,,False,False
catvton,11709_00,sleeve,True,True,present,present,0.5965010523796082,0.7551964521408081,False,False
catvton,11709_00,shoulder,True,True,present,present,0.6604929566383362,0.7291817665100098,False,False
catvton,11709_00,logo,False,False,absent,absent,,,False,False
catvton,11766_00,collar,True,False,present,uncertain,0.2506564259529114,,True,False
catvton,11766_00,lapel,False,False,absent,absent,,,False,False
catvton,11766_00,cuff,False,False,absent,absent,,,False,False
catvton,11766_00,button hole,False,False,absent,absent,,,False,False
catvton,11766_00,button,False,False,absent,absent,,,False,False
catvton,11766_00,pocket,False,False,absent,absent,,,False,False
catvton,11766_00,zipper,False,False,absent,absent,,,False,False
catvton,11766_00,sleeve,True,True,present,present,0.21844857931137085,0.21844850480556488,False,False
catvton,11766_00,shoulder,True,True,present,present,0.2072574943304062,0.1968003809452057,False,False
catvton,11766_00,logo,False,False,absent,absent,,,False,False
catvton,11799_00,collar,True,True,present,present,0.4204777479171753,0.3781554400920868,False,False
catvton,11799_00,lapel,False,False,absent,absent,,,False,False
catvton,11799_00,cuff,False,False,absent,uncertain,,,False,False
catvton,11799_00,button hole,False,False,absent,absent,,,False,False
catvton,11799_00,button,False,False,absent,absent,,,False,False
catvton,11799_00,pocket,False,False,absent,absent,,,False,False
catvton,11799_00,zipper,False,False,absent,absent,,,False,False
catvton,11799_00,sleeve,True,True,present,present,0.5861116647720337,0.6203030943870544,False,False
catvton,11799_00,shoulder,True,True,present,present,0.4586155414581299,0.47497355937957764,False,False
catvton,11799_00,logo,False,False,absent,absent,,,False,False
catvton,11892_00,collar,False,False,absent,absent,,,False,False
catvton,11892_00,lapel,False,False,absent,absent,,,False,False
catvton,11892_00,cuff,False,False,absent,absent,,,False,False
catvton,11892_00,button hole,False,False,absent,absent,,,False,False
catvton,11892_00,button,False,False,absent,absent,,,False,False
catvton,11892_00,pocket,False,False,absent,absent,,,False,False
catvton,11892_00,zipper,False,False,absent,absent,,,False,False
catvton,11892_00,sleeve,False,False,absent,absent,,,False,False
catvton,11892_00,shoulder,True,True,present,present,0.523767352104187,0.7139014005661011,False,False
catvton,11892_00,logo,False,False,absent,absent,,,False,False
catvton,11913_00,collar,False,False,absent,absent,,,False,False
catvton,11913_00,lapel,False,False,absent,absent,,,False,False
catvton,11913_00,cuff,False,False,absent,absent,,,False,False
catvton,11913_00,button hole,False,False,absent,absent,,,False,False
catvton,11913_00,button,False,False,absent,absent,,,False,False
catvton,11913_00,pocket,False,False,absent,absent,,,False,False
catvton,11913_00,zipper,False,False,absent,absent,,,False,False
catvton,11913_00,sleeve,False,False,absent,absent,,,False,False
catvton,11913_00,shoulder,True,True,present,present,0.3478420674800873,0.3608003258705139,False,False
catvton,11913_00,logo,False,False,absent,absent,,,False,False
catvton,11985_00,collar,False,False,absent,absent,,,False,False
catvton,11985_00,lapel,False,False,absent,absent,,,False,False
catvton,11985_00,cuff,False,False,absent,absent,,,False,False
catvton,11985_00,button hole,False,False,absent,absent,,,False,False
catvton,11985_00,button,False,False,absent,absent,,,False,False
catvton,11985_00,pocket,False,False,absent,absent,,,False,False
catvton,11985_00,zipper,False,False,absent,absent,,,False,False
catvton,11985_00,sleeve,True,True,present,present,0.7508492469787598,0.7654992938041687,False,False
catvton,11985_00,shoulder,True,True,present,present,0.9425563216209412,0.9906620383262634,False,False
catvton,11985_00,logo,False,False,absent,absent,,,False,False
catvton,11993_00,collar,True,True,present,present,0.4817848205566406,0.5314722657203674,False,False
catvton,11993_00,lapel,False,False,absent,absent,,,False,False
catvton,11993_00,cuff,True,True,present,present,0.4116351902484894,0.7010703086853027,False,False
catvton,11993_00,button hole,False,False,absent,absent,,,False,False
catvton,11993_00,button,False,False,absent,absent,,,False,False
catvton,11993_00,pocket,False,False,absent,absent,,,False,False
catvton,11993_00,zipper,False,False,absent,absent,,,False,False
catvton,11993_00,sleeve,True,True,present,present,0.47614914178848267,0.4485265910625458,False,False
catvton,11993_00,shoulder,True,True,present,present,0.47491198778152466,0.4511896073818207,False,False
catvton,11993_00,logo,False,False,absent,absent,,,False,False
catvton,11994_00,collar,True,True,present,present,0.5854958295822144,0.5854958891868591,False,False
catvton,11994_00,lapel,False,False,absent,absent,,,False,False
catvton,11994_00,cuff,False,False,uncertain,absent,,,False,False
catvton,11994_00,button hole,False,False,absent,absent,,,False,False
catvton,11994_00,button,True,False,present,absent,0.657827615737915,,True,False
catvton,11994_00,pocket,False,False,absent,absent,,,False,False
catvton,11994_00,zipper,False,False,absent,absent,,,False,False
catvton,11994_00,sleeve,True,True,present,present,0.5028075575828552,0.4878903329372406,False,False
catvton,11994_00,shoulder,True,True,present,present,0.55207359790802,0.5214704871177673,False,False
catvton,11994_00,logo,False,False,absent,absent,,,False,False
catvton,12362_00,collar,False,True,uncertain,present,,,False,False
catvton,12362_00,lapel,False,False,absent,absent,,,False,False
catvton,12362_00,cuff,False,False,absent,absent,,,False,False
catvton,12362_00,button hole,False,False,absent,absent,,,False,False
catvton,12362_00,button,False,False,absent,absent,,,False,False
catvton,12362_00,pocket,False,False,absent,absent,,,False,False
catvton,12362_00,zipper,False,False,absent,absent,,,False,False
catvton,12362_00,sleeve,True,True,present,present,0.260794460773468,0.2889310121536255,False,False
catvton,12362_00,shoulder,True,True,present,present,0.25058162212371826,0.27401411533355713,False,False
catvton,12362_00,logo,True,True,present,present,0.3106479346752167,0.3106479346752167,False,False
catvton,12365_00,collar,False,False,absent,absent,,,False,False
catvton,12365_00,lapel,False,False,absent,absent,,,False,False
catvton,12365_00,cuff,False,False,absent,absent,,,False,False
catvton,12365_00,button hole,False,False,absent,absent,,,False,False
catvton,12365_00,button,False,False,absent,absent,,,False,False
catvton,12365_00,pocket,False,False,absent,absent,,,False,False
catvton,12365_00,zipper,False,False,absent,absent,,,False,False
catvton,12365_00,sleeve,False,False,absent,absent,,,False,False
catvton,12365_00,shoulder,True,True,present,present,0.2885943651199341,0.2885943651199341,False,False
catvton,12365_00,logo,False,False,absent,absent,,,False,False
catvton,12419_00,collar,False,False,absent,absent,,,False,False
catvton,12419_00,lapel,False,False,absent,absent,,,False,False
catvton,12419_00,cuff,False,False,absent,absent,,,False,False
catvton,12419_00,button hole,False,False,absent,absent,,,False,False
catvton,12419_00,button,False,False,absent,absent,,,False,False
catvton,12419_00,pocket,False,False,absent,absent,,,False,False
catvton,12419_00,zipper,False,False,absent,absent,,,False,False
catvton,12419_00,sleeve,False,False,absent,absent,,,False,False
catvton,12419_00,shoulder,True,True,present,present,0.26694539189338684,0.3166441023349762,False,False
catvton,12419_00,logo,False,False,absent,absent,,,False,False
catvton,12541_00,collar,False,False,absent,absent,,,False,False
catvton,12541_00,lapel,False,False,absent,absent,,,False,False
catvton,12541_00,cuff,False,False,absent,absent,,,False,False
catvton,12541_00,button hole,False,False,absent,absent,,,False,False
catvton,12541_00,button,False,False,absent,absent,,,False,False
catvton,12541_00,pocket,False,False,absent,absent,,,False,False
catvton,12541_00,zipper,False,False,absent,absent,,,False,False
catvton,12541_00,sleeve,False,False,absent,absent,,,False,False
catvton,12541_00,shoulder,True,True,present,present,0.32087597250938416,0.32087597250938416,False,False
catvton,12541_00,logo,False,False,absent,absent,,,False,False
catvton,12572_00,collar,False,False,absent,absent,,,False,False
catvton,12572_00,lapel,False,False,absent,absent,,,False,False
catvton,12572_00,cuff,False,False,absent,absent,,,False,False
catvton,12572_00,button hole,False,False,absent,absent,,,False,False
catvton,12572_00,button,False,False,absent,absent,,,False,False
catvton,12572_00,pocket,False,False,absent,absent,,,False,False
catvton,12572_00,zipper,False,False,absent,absent,,,False,False
catvton,12572_00,sleeve,True,True,present,present,0.5613787770271301,0.46511945128440857,False,False
catvton,12572_00,shoulder,True,True,present,present,0.6858867406845093,0.6737504005432129,False,False
catvton,12572_00,logo,False,False,absent,absent,,,False,False
catvton,12651_00,collar,False,False,absent,absent,,,False,False
catvton,12651_00,lapel,False,False,absent,absent,,,False,False
catvton,12651_00,cuff,True,True,present,present,0.7758715152740479,0.7758715152740479,False,False
catvton,12651_00,button hole,False,False,absent,absent,,,False,False
catvton,12651_00,button,False,False,absent,absent,,,False,False
catvton,12651_00,pocket,False,False,absent,absent,,,False,False
catvton,12651_00,zipper,False,False,absent,absent,,,False,False
catvton,12651_00,sleeve,True,True,present,present,0.7279919981956482,0.9873375296592712,False,False
catvton,12651_00,shoulder,True,True,present,present,0.7548690438270569,0.7584125995635986,False,False
catvton,12651_00,logo,False,False,absent,absent,,,False,False
catvton,12661_00,collar,False,False,absent,absent,,,False,False
catvton,12661_00,lapel,False,False,absent,absent,,,False,False
catvton,12661_00,cuff,False,False,absent,absent,,,False,False
catvton,12661_00,button hole,False,False,absent,absent,,,False,False
catvton,12661_00,button,False,False,absent,absent,,,False,False
catvton,12661_00,pocket,False,False,absent,absent,,,False,False
catvton,12661_00,zipper,False,False,absent,absent,,,False,False
catvton,12661_00,sleeve,True,True,present,present,0.4711688458919525,0.553843080997467,False,False
catvton,12661_00,shoulder,True,True,present,present,0.7246682047843933,0.9421722292900085,False,False
catvton,12661_00,logo,False,False,absent,absent,,,False,False
catvton,12749_00,collar,False,False,absent,absent,,,False,False
catvton,12749_00,lapel,False,False,absent,absent,,,False,False
catvton,12749_00,cuff,False,False,absent,absent,,,False,False
catvton,12749_00,button hole,False,False,absent,absent,,,False,False
catvton,12749_00,button,False,False,absent,absent,,,False,False
catvton,12749_00,pocket,False,False,absent,absent,,,False,False
catvton,12749_00,zipper,False,False,absent,absent,,,False,False
catvton,12749_00,sleeve,True,True,present,present,0.6735532879829407,0.6315385699272156,False,False
catvton,12749_00,shoulder,True,True,present,present,0.46719565987586975,0.49497923254966736,False,False
catvton,12749_00,logo,False,False,absent,absent,,,False,False
catvton,13126_00,collar,False,False,absent,absent,,,False,False
catvton,13126_00,lapel,False,False,absent,absent,,,False,False
catvton,13126_00,cuff,False,False,absent,absent,,,False,False
catvton,13126_00,button hole,False,False,absent,absent,,,False,False
catvton,13126_00,button,False,False,absent,absent,,,False,False
catvton,13126_00,pocket,False,False,absent,absent,,,False,False
catvton,13126_00,zipper,False,False,absent,absent,,,False,False
catvton,13126_00,sleeve,True,True,present,present,0.44381943345069885,0.45834511518478394,False,False
catvton,13126_00,shoulder,True,True,present,present,0.3047610819339752,0.3915395736694336,False,False
catvton,13126_00,logo,False,False,absent,absent,,,False,False
catvton,13140_00,collar,False,False,absent,absent,,,False,False
catvton,13140_00,lapel,False,False,absent,absent,,,False,False
catvton,13140_00,cuff,True,False,present,absent,0.4322449266910553,,True,False
catvton,13140_00,button hole,False,False,absent,absent,,,False,False
catvton,13140_00,button,False,False,absent,absent,,,False,False
catvton,13140_00,pocket,False,False,absent,absent,,,False,False
catvton,13140_00,zipper,False,False,absent,absent,,,False,False
catvton,13140_00,sleeve,True,False,present,present,0.4172004461288452,,True,False
catvton,13140_00,shoulder,True,True,present,present,0.45763319730758667,0.631829023361206,False,False
catvton,13140_00,logo,False,False,absent,uncertain,,,False,False
catvton,13172_00,collar,True,True,present,present,0.299930602312088,0.36209481954574585,False,False
catvton,13172_00,lapel,False,False,absent,absent,,,False,False
catvton,13172_00,cuff,False,False,absent,absent,,,False,False
catvton,13172_00,button hole,False,False,absent,absent,,,False,False
catvton,13172_00,button,False,False,absent,absent,,,False,False
catvton,13172_00,pocket,False,False,absent,absent,,,False,False
catvton,13172_00,zipper,False,False,absent,absent,,,False,False
catvton,13172_00,sleeve,True,True,present,present,0.16254840791225433,0.17172788083553314,False,False
catvton,13172_00,shoulder,True,True,present,present,0.31318414211273193,0.27630650997161865,False,False
catvton,13172_00,logo,True,True,present,present,0.21200630068778992,0.24984942376613617,False,False
catvton,13491_00,collar,False,False,absent,absent,,,False,False
catvton,13491_00,lapel,False,False,absent,absent,,,False,False
catvton,13491_00,cuff,False,False,absent,absent,,,False,False
catvton,13491_00,button hole,False,False,absent,absent,,,False,False
catvton,13491_00,button,False,False,absent,absent,,,False,False
catvton,13491_00,pocket,False,False,absent,absent,,,False,False
catvton,13491_00,zipper,False,False,absent,absent,,,False,False
catvton,13491_00,sleeve,True,True,present,present,0.3354667127132416,0.3314811587333679,False,False
catvton,13491_00,shoulder,True,True,present,present,0.4905000925064087,0.4910750389099121,False,False
catvton,13491_00,logo,True,True,present,present,0.578659176826477,0.578659176826477,False,False
catvton,13517_00,collar,True,True,present,present,0.556361973285675,0.556361973285675,False,False
catvton,13517_00,lapel,False,False,absent,absent,,,False,False
catvton,13517_00,cuff,False,False,absent,absent,,,False,False
catvton,13517_00,button hole,False,False,absent,absent,,,False,False
catvton,13517_00,button,False,False,absent,absent,,,False,False
catvton,13517_00,pocket,False,False,absent,absent,,,False,False
catvton,13517_00,zipper,False,False,absent,absent,,,False,False
catvton,13517_00,sleeve,False,False,absent,absent,,,False,False
catvton,13517_00,shoulder,True,True,present,present,0.49967917799949646,0.49967917799949646,False,False
catvton,13517_00,logo,False,False,absent,absent,,,False,False
catvton,13589_00,collar,False,False,absent,absent,,,False,False
catvton,13589_00,lapel,False,False,absent,absent,,,False,False
catvton,13589_00,cuff,False,False,absent,absent,,,False,False
catvton,13589_00,button hole,False,False,absent,absent,,,False,False
catvton,13589_00,button,False,False,absent,absent,,,False,False
catvton,13589_00,pocket,False,False,absent,absent,,,False,False
catvton,13589_00,zipper,False,False,absent,absent,,,False,False
catvton,13589_00,sleeve,True,True,present,present,0.4145776629447937,0.33340173959732056,False,False
catvton,13589_00,shoulder,True,True,present,present,0.465226948261261,0.6508923768997192,False,False
catvton,13589_00,logo,False,False,absent,absent,,,False,False
catvton,13967_00,collar,False,False,absent,absent,,,False,False
catvton,13967_00,lapel,False,False,absent,absent,,,False,False
catvton,13967_00,cuff,False,False,absent,absent,,,False,False
catvton,13967_00,button hole,False,False,absent,absent,,,False,False
catvton,13967_00,button,False,False,absent,absent,,,False,False
catvton,13967_00,pocket,False,False,absent,absent,,,False,False
catvton,13967_00,zipper,False,False,absent,absent,,,False,False
catvton,13967_00,sleeve,True,False,present,absent,0.477679044008255,,True,False
catvton,13967_00,shoulder,True,False,present,present,0.5344842672348022,,True,False
catvton,13967_00,logo,False,False,absent,absent,,,False,False
catvton,13988_00,collar,False,False,absent,absent,,,False,False
catvton,13988_00,lapel,False,False,absent,absent,,,False,False
catvton,13988_00,cuff,False,False,absent,absent,,,False,False
catvton,13988_00,button hole,False,False,absent,absent,,,False,False
catvton,13988_00,button,False,False,absent,absent,,,False,False
catvton,13988_00,pocket,False,False,absent,absent,,,False,False
catvton,13988_00,zipper,False,False,absent,absent,,,False,False
catvton,13988_00,sleeve,True,True,present,present,0.45541197061538696,0.5441877245903015,False,False
catvton,13988_00,shoulder,True,True,present,present,0.4887630343437195,0.4887630343437195,False,False
catvton,13988_00,logo,False,False,absent,absent,,,False,False
catvton,14009_00,collar,True,False,present,absent,0.9625358581542969,,True,False
catvton,14009_00,lapel,False,False,absent,absent,,,False,False
catvton,14009_00,cuff,False,False,absent,absent,,,False,False
catvton,14009_00,button hole,False,False,absent,absent,,,False,False
catvton,14009_00,button,False,False,absent,absent,,,False,False
catvton,14009_00,pocket,False,False,absent,absent,,,False,False
catvton,14009_00,zipper,False,False,absent,absent,,,False,False
catvton,14009_00,sleeve,False,False,absent,absent,,,False,False
catvton,14009_00,shoulder,True,True,present,present,1.0025124549865723,0.9041060209274292,False,False
catvton,14009_00,logo,False,False,absent,absent,,,False,False
catvton,14059_00,collar,False,False,absent,absent,,,False,False
catvton,14059_00,lapel,False,False,absent,absent,,,False,False
catvton,14059_00,cuff,False,False,absent,absent,,,False,False
catvton,14059_00,button hole,False,False,absent,absent,,,False,False
catvton,14059_00,button,False,False,absent,absent,,,False,False
catvton,14059_00,pocket,False,False,absent,absent,,,False,False
catvton,14059_00,zipper,False,False,absent,absent,,,False,False
catvton,14059_00,sleeve,False,False,absent,absent,,,False,False
catvton,14059_00,shoulder,True,True,present,present,0.742274820804596,0.742274820804596,False,False
catvton,14059_00,logo,False,False,absent,absent,,,False,False
catvton,14173_00,collar,False,False,absent,absent,,,False,False
catvton,14173_00,lapel,False,False,absent,absent,,,False,False
catvton,14173_00,cuff,True,True,present,present,0.5741695761680603,0.5741695761680603,False,False
catvton,14173_00,button hole,False,False,absent,absent,,,False,False
catvton,14173_00,button,False,False,absent,absent,,,False,False
catvton,14173_00,pocket,False,False,absent,absent,,,False,False
catvton,14173_00,zipper,False,False,absent,absent,,,False,False
catvton,14173_00,sleeve,True,True,present,present,0.7422038316726685,0.813349723815918,False,False
catvton,14173_00,shoulder,True,True,present,present,0.4928244948387146,0.7918832302093506,False,False
catvton,14173_00,logo,False,False,absent,absent,,,False,False
catvton,14181_00,collar,True,True,present,present,0.29804250597953796,0.29804250597953796,False,False
catvton,14181_00,lapel,False,False,absent,absent,,,False,False
catvton,14181_00,cuff,True,True,present,present,0.2753423750400543,0.2637767493724823,False,False
catvton,14181_00,button hole,False,False,absent,absent,,,False,False
catvton,14181_00,button,False,False,absent,absent,,,False,False
catvton,14181_00,pocket,False,False,absent,absent,,,False,False
catvton,14181_00,zipper,False,False,absent,absent,,,False,False
catvton,14181_00,sleeve,True,True,present,present,0.24339556694030762,0.24339556694030762,False,False
catvton,14181_00,shoulder,True,True,present,present,0.2883836627006531,0.2883836627006531,False,False
catvton,14181_00,logo,True,True,present,present,0.2845108211040497,0.2891135811805725,False,False
catvton,14189_00,collar,False,False,uncertain,absent,,,False,False
catvton,14189_00,lapel,False,False,absent,absent,,,False,False
catvton,14189_00,cuff,False,False,absent,absent,,,False,False
catvton,14189_00,button hole,False,False,absent,absent,,,False,False
catvton,14189_00,button,False,False,absent,absent,,,False,False
catvton,14189_00,pocket,False,False,absent,absent,,,False,False
catvton,14189_00,zipper,False,False,absent,absent,,,False,False
catvton,14189_00,sleeve,True,True,present,present,0.23742708563804626,0.23742708563804626,False,False
catvton,14189_00,shoulder,True,True,present,present,0.2409934252500534,0.2409934252500534,False,False
catvton,14189_00,logo,False,False,absent,absent,,,False,False
catvton,14471_00,collar,False,True,uncertain,present,,,False,False
catvton,14471_00,lapel,False,False,absent,absent,,,False,False
catvton,14471_00,cuff,True,False,present,uncertain,0.35143575072288513,,True,False
catvton,14471_00,button hole,False,False,absent,absent,,,False,False
catvton,14471_00,button,False,False,absent,absent,,,False,False
catvton,14471_00,pocket,False,False,absent,absent,,,False,False
catvton,14471_00,zipper,False,False,absent,absent,,,False,False
catvton,14471_00,sleeve,True,True,present,present,0.3631349503993988,0.44129717350006104,False,False
catvton,14471_00,shoulder,True,True,present,present,0.45476046204566956,0.4366094172000885,False,False
catvton,14471_00,logo,False,False,absent,absent,,,False,False
catvton,14651_00,collar,True,True,present,present,0.639933705329895,0.6841878294944763,False,False
catvton,14651_00,lapel,False,False,absent,absent,,,False,False
catvton,14651_00,cuff,True,False,present,absent,0.5049987435340881,,True,False
catvton,14651_00,button hole,False,False,absent,absent,,,False,False
catvton,14651_00,button,False,False,absent,absent,,,False,False
catvton,14651_00,pocket,False,False,absent,absent,,,False,False
catvton,14651_00,zipper,False,False,absent,absent,,,False,False
catvton,14651_00,sleeve,True,False,present,absent,0.5176023244857788,,True,False
catvton,14651_00,shoulder,True,False,present,uncertain,0.587725043296814,,True,False
catvton,14651_00,logo,False,False,uncertain,uncertain,,,False,False
coral,00013_00,collar,True,True,present,present,0.3126122057437897,0.5009089708328247,False,False
coral,00013_00,lapel,False,False,absent,absent,,,False,False
coral,00013_00,cuff,True,True,present,present,0.25318753719329834,0.27313295006752014,False,False
coral,00013_00,button hole,False,False,absent,absent,,,False,False
coral,00013_00,button,False,False,absent,absent,,,False,False
coral,00013_00,pocket,False,False,absent,absent,,,False,False
coral,00013_00,zipper,False,False,absent,absent,,,False,False
coral,00013_00,sleeve,True,True,present,present,0.2731931805610657,0.3054257035255432,False,False
coral,00013_00,shoulder,True,True,present,present,0.28710219264030457,0.4362839162349701,False,False
coral,00013_00,logo,True,False,present,uncertain,0.38156747817993164,,True,False
coral,00272_00,collar,False,False,absent,absent,,,False,False
coral,00272_00,lapel,False,False,absent,absent,,,False,False
coral,00272_00,cuff,False,False,absent,absent,,,False,False
coral,00272_00,button hole,False,False,absent,absent,,,False,False
coral,00272_00,button,False,False,absent,absent,,,False,False
coral,00272_00,pocket,False,False,absent,absent,,,False,False
coral,00272_00,zipper,False,False,absent,absent,,,False,False
coral,00272_00,sleeve,False,False,absent,absent,,,False,False
coral,00272_00,shoulder,True,True,present,present,0.36889684200286865,0.38268759846687317,False,False
coral,00272_00,logo,False,False,absent,absent,,,False,False
coral,00401_00,collar,True,True,present,present,0.49703362584114075,0.4970335066318512,False,False
coral,00401_00,lapel,False,False,absent,absent,,,False,False
coral,00401_00,cuff,True,True,present,present,0.28836318850517273,0.2883633077144623,False,False
coral,00401_00,button hole,False,False,absent,absent,,,False,False
coral,00401_00,button,False,False,absent,absent,,,False,False
coral,00401_00,pocket,False,False,absent,absent,,,False,False
coral,00401_00,zipper,False,False,absent,absent,,,False,False
coral,00401_00,sleeve,True,True,present,present,0.35406339168548584,0.35406339168548584,False,False
coral,00401_00,shoulder,False,True,present,present,,,False,False
coral,00401_00,logo,False,False,absent,absent,,,False,False
coral,00494_00,collar,False,False,uncertain,uncertain,,,False,False
coral,00494_00,lapel,False,False,absent,absent,,,False,False
coral,00494_00,cuff,True,True,present,present,0.2508528232574463,0.2508530020713806,False,False
coral,00494_00,button hole,False,False,absent,absent,,,False,False
coral,00494_00,button,False,False,absent,absent,,,False,False
coral,00494_00,pocket,False,False,absent,absent,,,False,False
coral,00494_00,zipper,False,False,absent,absent,,,False,False
coral,00494_00,sleeve,True,True,present,present,0.5421556234359741,0.6576752066612244,False,False
coral,00494_00,shoulder,False,True,present,present,,,False,False
coral,00494_00,logo,True,True,present,present,0.5988879799842834,0.5249538421630859,False,False
coral,00698_00,collar,False,False,absent,absent,,,False,False
coral,00698_00,lapel,False,False,absent,absent,,,False,False
coral,00698_00,cuff,False,False,absent,absent,,,False,False
coral,00698_00,button hole,False,False,absent,absent,,,False,False
coral,00698_00,button,False,True,present,present,,,False,False
coral,00698_00,pocket,False,False,absent,absent,,,False,False
coral,00698_00,zipper,False,False,absent,absent,,,False,False
coral,00698_00,sleeve,True,True,present,present,0.23917394876480103,0.23917396366596222,False,False
coral,00698_00,shoulder,True,True,present,present,0.17994338274002075,0.23274579644203186,False,False
coral,00698_00,logo,False,False,absent,absent,,,False,False
coral,00827_00,collar,False,False,absent,absent,,,False,False
coral,00827_00,lapel,False,False,absent,absent,,,False,False
coral,00827_00,cuff,False,False,absent,absent,,,False,False
coral,00827_00,button hole,False,False,absent,absent,,,False,False
coral,00827_00,button,False,False,absent,absent,,,False,False
coral,00827_00,pocket,False,False,absent,absent,,,False,False
coral,00827_00,zipper,False,False,absent,absent,,,False,False
coral,00827_00,sleeve,False,False,absent,absent,,,False,False
coral,00827_00,shoulder,True,True,present,present,0.5152033567428589,0.530691385269165,False,False
coral,00827_00,logo,False,False,absent,absent,,,False,False
coral,01026_00,collar,True,True,present,present,0.46077582240104675,0.5116185545921326,False,False
coral,01026_00,lapel,False,False,absent,absent,,,False,False
coral,01026_00,cuff,True,True,present,present,0.4376905858516693,0.5861771702766418,False,False
coral,01026_00,button hole,False,False,absent,absent,,,False,False
coral,01026_00,button,False,False,absent,absent,,,False,False
coral,01026_00,pocket,False,False,absent,absent,,,False,False
coral,01026_00,zipper,False,False,absent,absent,,,False,False
coral,01026_00,sleeve,True,True,present,present,0.4435356855392456,0.6213640570640564,False,False
coral,01026_00,shoulder,True,True,present,present,0.4841187596321106,0.6398953199386597,False,False
coral,01026_00,logo,False,False,uncertain,absent,,,False,False
coral,01046_00,collar,False,False,absent,absent,,,False,False
coral,01046_00,lapel,False,False,absent,absent,,,False,False
coral,01046_00,cuff,True,True,present,present,0.3565956950187683,0.3565957248210907,False,False
coral,01046_00,button hole,False,False,absent,absent,,,False,False
coral,01046_00,button,True,True,present,present,0.4427628815174103,0.43808311223983765,False,False
coral,01046_00,pocket,False,False,absent,absent,,,False,False
coral,01046_00,zipper,False,False,absent,absent,,,False,False
coral,01046_00,sleeve,True,True,present,present,0.33806440234184265,0.405383825302124,False,False
coral,01046_00,shoulder,False,True,present,present,,,False,False
coral,01046_00,logo,False,False,absent,absent,,,False,False
coral,01090_00,collar,True,True,present,present,0.5983945727348328,0.5983945727348328,False,False
coral,01090_00,lapel,False,False,absent,absent,,,False,False
coral,01090_00,cuff,True,True,present,present,0.31432440876960754,0.3478240668773651,False,False
coral,01090_00,button hole,False,False,absent,absent,,,False,False
coral,01090_00,button,False,False,absent,absent,,,False,False
coral,01090_00,pocket,False,False,absent,absent,,,False,False
coral,01090_00,zipper,False,False,absent,absent,,,False,False
coral,01090_00,sleeve,True,True,present,present,0.6346354484558105,0.6346354484558105,False,False
coral,01090_00,shoulder,True,True,present,present,0.611450731754303,0.6135360598564148,False,False
coral,01090_00,logo,False,False,absent,absent,,,False,False
coral,01386_00,collar,True,True,present,present,0.6358550786972046,0.64031583070755,False,False
coral,01386_00,lapel,False,False,absent,absent,,,False,False
coral,01386_00,cuff,False,True,absent,present,,,False,True
coral,01386_00,button hole,False,False,absent,absent,,,False,False
coral,01386_00,button,False,False,absent,absent,,,False,False
coral,01386_00,pocket,False,False,absent,absent,,,False,False
coral,01386_00,zipper,False,False,absent,absent,,,False,False
coral,01386_00,sleeve,True,True,present,present,0.47152769565582275,0.47152775526046753,False,False
coral,01386_00,shoulder,True,True,present,present,0.6523069143295288,0.6352736353874207,False,False
coral,01386_00,logo,False,False,absent,absent,,,False,False
coral,01503_00,collar,False,False,uncertain,absent,,,False,False
coral,01503_00,lapel,False,False,absent,absent,,,False,False
coral,01503_00,cuff,False,False,uncertain,absent,,,False,False
coral,01503_00,button hole,False,False,absent,absent,,,False,False
coral,01503_00,button,False,False,absent,absent,,,False,False
coral,01503_00,pocket,False,False,absent,absent,,,False,False
coral,01503_00,zipper,False,False,absent,absent,,,False,False
coral,01503_00,sleeve,True,True,present,present,0.3737589120864868,0.3777531385421753,False,False
coral,01503_00,shoulder,True,True,present,present,0.44344860315322876,0.47415533661842346,False,False
coral,01503_00,logo,False,False,absent,absent,,,False,False
coral,01767_00,collar,False,True,absent,present,,,False,True
coral,01767_00,lapel,False,False,absent,absent,,,False,False
coral,01767_00,cuff,False,False,absent,absent,,,False,False
coral,01767_00,button hole,False,False,absent,absent,,,False,False
coral,01767_00,button,True,False,present,absent,0.2907279133796692,,True,False
coral,01767_00,pocket,False,False,absent,absent,,,False,False
coral,01767_00,zipper,False,False,absent,absent,,,False,False
coral,01767_00,sleeve,True,True,present,present,0.25753486156463623,0.25753486156463623,False,False
coral,01767_00,shoulder,True,True,present,present,0.26569297909736633,0.29089874029159546,False,False
coral,01767_00,logo,False,False,present,present,,,False,False
coral,01801_00,collar,False,False,absent,absent,,,False,False
coral,01801_00,lapel,False,False,absent,absent,,,False,False
coral,01801_00,cuff,False,False,absent,absent,,,False,False
coral,01801_00,button hole,False,False,absent,absent,,,False,False
coral,01801_00,button,False,False,absent,absent,,,False,False
coral,01801_00,pocket,False,False,absent,absent,,,False,False
coral,01801_00,zipper,False,False,absent,absent,,,False,False
coral,01801_00,sleeve,False,False,absent,absent,,,False,False
coral,01801_00,shoulder,True,True,present,present,0.3891327381134033,0.657905638217926,False,False
coral,01801_00,logo,False,False,absent,absent,,,False,False
coral,01827_00,collar,True,True,present,present,0.24059215188026428,0.43013039231300354,False,False
coral,01827_00,lapel,False,False,absent,absent,,,False,False
coral,01827_00,cuff,False,False,absent,absent,,,False,False
coral,01827_00,button hole,False,False,absent,absent,,,False,False
coral,01827_00,button,False,False,absent,absent,,,False,False
coral,01827_00,pocket,True,True,present,present,0.24508246779441833,0.24508246779441833,False,False
coral,01827_00,zipper,False,False,absent,absent,,,False,False
coral,01827_00,sleeve,True,True,present,present,0.2107256054878235,0.2107256054878235,False,False
coral,01827_00,shoulder,True,True,present,present,0.1820482760667801,0.1820482760667801,False,False
coral,01827_00,logo,False,False,absent,absent,,,False,False
coral,01832_00,collar,True,True,present,present,0.1286693662405014,0.16739346086978912,False,False
coral,01832_00,lapel,False,False,absent,absent,,,False,False
coral,01832_00,cuff,False,False,absent,absent,,,False,False
coral,01832_00,button hole,False,False,absent,absent,,,False,False
coral,01832_00,button,False,False,absent,uncertain,,,False,False
coral,01832_00,pocket,False,False,absent,absent,,,False,False
coral,01832_00,zipper,False,False,absent,absent,,,False,False
coral,01832_00,sleeve,True,True,present,present,0.17036177217960358,0.2393614947795868,False,False
coral,01832_00,shoulder,True,True,present,present,0.21081499755382538,0.21787145733833313,False,False
coral,01832_00,logo,False,False,absent,absent,,,False,False
coral,01877_00,collar,True,False,present,absent,0.5546669960021973,,True,False
coral,01877_00,lapel,False,False,absent,absent,,,False,False
coral,01877_00,cuff,False,False,absent,absent,,,False,False
coral,01877_00,button hole,False,False,absent,absent,,,False,False
coral,01877_00,button,False,False,absent,absent,,,False,False
coral,01877_00,pocket,False,False,absent,absent,,,False,False
coral,01877_00,zipper,False,False,absent,absent,,,False,False
coral,01877_00,sleeve,True,True,present,present,0.4546095132827759,0.5054795145988464,False,False
coral,01877_00,shoulder,True,True,present,present,0.4431765079498291,0.4431765675544739,False,False
coral,01877_00,logo,False,False,present,present,,,False,False
coral,01900_00,collar,False,False,absent,absent,,,False,False
coral,01900_00,lapel,False,False,absent,absent,,,False,False
coral,01900_00,cuff,True,False,present,absent,0.2731770873069763,,True,False
coral,01900_00,button hole,False,False,absent,absent,,,False,False
coral,01900_00,button,False,False,absent,absent,,,False,False
coral,01900_00,pocket,False,False,absent,absent,,,False,False
coral,01900_00,zipper,False,False,absent,absent,,,False,False
coral,01900_00,sleeve,True,True,present,present,0.3087994456291199,0.317084401845932,False,False
coral,01900_00,shoulder,True,True,present,present,0.30662986636161804,0.3005066514015198,False,False
coral,01900_00,logo,False,False,absent,absent,,,False,False
coral,01917_00,collar,True,True,present,present,0.27152881026268005,0.3319062292575836,False,False
coral,01917_00,lapel,False,False,absent,absent,,,False,False
coral,01917_00,cuff,False,False,absent,absent,,,False,False
coral,01917_00,button hole,False,False,absent,absent,,,False,False
coral,01917_00,button,False,False,absent,absent,,,False,False
coral,01917_00,pocket,False,False,absent,absent,,,False,False
coral,01917_00,zipper,False,False,absent,absent,,,False,False
coral,01917_00,sleeve,True,True,present,present,0.28618699312210083,0.5430160164833069,False,False
coral,01917_00,shoulder,True,True,present,present,0.36107221245765686,0.3947698473930359,False,False
coral,01917_00,logo,False,False,absent,absent,,,False,False
coral,01994_00,collar,False,False,absent,absent,,,False,False
coral,01994_00,lapel,False,False,absent,absent,,,False,False
coral,01994_00,cuff,False,False,absent,absent,,,False,False
coral,01994_00,button hole,False,False,absent,absent,,,False,False
coral,01994_00,button,False,False,absent,absent,,,False,False
coral,01994_00,pocket,False,False,absent,absent,,,False,False
coral,01994_00,zipper,False,False,absent,absent,,,False,False
coral,01994_00,sleeve,True,True,present,present,0.4582103192806244,0.5510079860687256,False,False
coral,01994_00,shoulder,True,True,present,present,0.5451860427856445,0.552196204662323,False,False
coral,01994_00,logo,False,False,absent,absent,,,False,False
coral,02180_00,collar,True,True,present,present,0.3631848096847534,0.3631848096847534,False,False
coral,02180_00,lapel,False,False,absent,absent,,,False,False
coral,02180_00,cuff,False,False,uncertain,absent,,,False,False
coral,02180_00,button hole,False,False,absent,absent,,,False,False
coral,02180_00,button,False,True,absent,present,,,False,True
coral,02180_00,pocket,False,False,absent,absent,,,False,False
coral,02180_00,zipper,False,False,absent,absent,,,False,False
coral,02180_00,sleeve,True,True,present,present,0.3592657148838043,0.39174017310142517,False,False
coral,02180_00,shoulder,True,True,present,present,0.3758919835090637,0.37589192390441895,False,False
coral,02180_00,logo,True,True,present,present,0.3969206213951111,0.4485638439655304,False,False
coral,02253_00,collar,False,False,uncertain,absent,,,False,False
coral,02253_00,lapel,False,False,absent,absent,,,False,False
coral,02253_00,cuff,True,True,present,present,0.888597309589386,0.9064279794692993,False,False
coral,02253_00,button hole,False,False,absent,absent,,,False,False
coral,02253_00,button,False,False,absent,absent,,,False,False
coral,02253_00,pocket,False,False,absent,absent,,,False,False
coral,02253_00,zipper,False,False,absent,absent,,,False,False
coral,02253_00,sleeve,True,True,present,present,0.5985247492790222,0.8003075122833252,False,False
coral,02253_00,shoulder,True,True,present,present,0.3729725778102875,0.5226208567619324,False,False
coral,02253_00,logo,False,False,absent,absent,,,False,False
coral,02327_00,collar,True,False,present,absent,0.6729650497436523,,True,False
coral,02327_00,lapel,False,False,absent,absent,,,False,False
coral,02327_00,cuff,False,False,absent,absent,,,False,False
coral,02327_00,button hole,False,False,absent,absent,,,False,False
coral,02327_00,button,False,False,absent,absent,,,False,False
coral,02327_00,pocket,False,False,absent,absent,,,False,False
coral,02327_00,zipper,False,False,absent,absent,,,False,False
coral,02327_00,sleeve,False,True,present,present,,,False,False
coral,02327_00,shoulder,True,True,present,present,0.6619265675544739,0.6805575489997864,False,False
coral,02327_00,logo,False,False,absent,absent,,,False,False
coral,02336_00,collar,False,False,absent,absent,,,False,False
coral,02336_00,lapel,False,False,absent,absent,,,False,False
coral,02336_00,cuff,False,False,absent,absent,,,False,False
coral,02336_00,button hole,False,False,absent,absent,,,False,False
coral,02336_00,button,False,False,absent,absent,,,False,False
coral,02336_00,pocket,False,False,absent,absent,,,False,False
coral,02336_00,zipper,False,False,absent,absent,,,False,False
coral,02336_00,sleeve,False,False,absent,absent,,,False,False
coral,02336_00,shoulder,True,True,present,present,0.5489282608032227,0.5590590834617615,False,False
coral,02336_00,logo,False,False,absent,absent,,,False,False
coral,02372_00,collar,False,False,absent,absent,,,False,False
coral,02372_00,lapel,False,False,absent,absent,,,False,False
coral,02372_00,cuff,False,False,absent,absent,,,False,False
coral,02372_00,button hole,False,False,absent,absent,,,False,False
coral,02372_00,button,False,False,absent,absent,,,False,False
coral,02372_00,pocket,False,False,absent,absent,,,False,False
coral,02372_00,zipper,False,False,absent,absent,,,False,False
coral,02372_00,sleeve,False,False,absent,absent,,,False,False
coral,02372_00,shoulder,True,True,present,present,0.28233131766319275,0.2912042438983917,False,False
coral,02372_00,logo,False,False,absent,absent,,,False,False
coral,02388_00,collar,True,True,present,present,0.48984742164611816,0.48984742164611816,False,False
coral,02388_00,lapel,False,False,absent,absent,,,False,False
coral,02388_00,cuff,False,False,absent,absent,,,False,False
coral,02388_00,button hole,False,False,absent,absent,,,False,False
coral,02388_00,button,False,False,absent,absent,,,False,False
coral,02388_00,pocket,False,False,absent,absent,,,False,False
coral,02388_00,zipper,False,False,absent,absent,,,False,False
coral,02388_00,sleeve,True,True,present,present,0.46863484382629395,0.6586883068084717,False,False
coral,02388_00,shoulder,True,True,present,present,0.4584517776966095,0.44737398624420166,False,False
coral,02388_00,logo,False,False,absent,absent,,,False,False
coral,02400_00,collar,False,False,absent,absent,,,False,False
coral,02400_00,lapel,False,False,absent,absent,,,False,False
coral,02400_00,cuff,False,False,absent,absent,,,False,False
coral,02400_00,button hole,False,False,absent,absent,,,False,False
coral,02400_00,button,False,False,absent,absent,,,False,False
coral,02400_00,pocket,False,False,absent,absent,,,False,False
coral,02400_00,zipper,False,False,absent,absent,,,False,False
coral,02400_00,sleeve,True,True,present,present,0.47089046239852905,0.4767565131187439,False,False
coral,02400_00,shoulder,True,True,present,present,0.6062017679214478,0.7179786562919617,False,False
coral,02400_00,logo,False,False,absent,absent,,,False,False
coral,02457_00,collar,False,False,absent,absent,,,False,False
coral,02457_00,lapel,False,False,absent,absent,,,False,False
coral,02457_00,cuff,False,False,absent,uncertain,,,False,False
coral,02457_00,button hole,False,False,absent,absent,,,False,False
coral,02457_00,button,False,False,absent,absent,,,False,False
coral,02457_00,pocket,False,False,absent,absent,,,False,False
coral,02457_00,zipper,False,False,absent,absent,,,False,False
coral,02457_00,sleeve,True,True,present,present,0.5255380272865295,0.5392770767211914,False,False
coral,02457_00,shoulder,True,True,present,present,0.39119356870651245,0.4858800172805786,False,False
coral,02457_00,logo,False,False,absent,absent,,,False,False
coral,02743_00,collar,True,True,present,present,0.5113762021064758,0.5113762021064758,False,False
coral,02743_00,lapel,False,False,absent,absent,,,False,False
coral,02743_00,cuff,True,True,present,present,0.3110966086387634,0.529585063457489,False,False
coral,02743_00,button hole,False,False,absent,absent,,,False,False
coral,02743_00,button,False,False,absent,absent,,,False,False
coral,02743_00,pocket,False,False,absent,absent,,,False,False
coral,02743_00,zipper,False,False,absent,absent,,,False,False
coral,02743_00,sleeve,True,True,present,present,0.3994329869747162,0.3994329869747162,False,False
coral,02743_00,shoulder,True,True,present,present,0.3527984917163849,0.37570685148239136,False,False
coral,02743_00,logo,True,True,present,present,0.34733471274375916,0.3313645124435425,False,False
coral,02810_00,collar,False,False,absent,absent,,,False,False
coral,02810_00,lapel,False,False,absent,absent,,,False,False
coral,02810_00,cuff,False,False,absent,absent,,,False,False
coral,02810_00,button hole,False,False,absent,absent,,,False,False
coral,02810_00,button,False,False,absent,absent,,,False,False
coral,02810_00,pocket,True,True,present,present,0.3784612715244293,0.39422938227653503,False,False
coral,02810_00,zipper,False,False,absent,absent,,,False,False
coral,02810_00,sleeve,True,True,present,present,0.26185593008995056,0.26185593008995056,False,False
coral,02810_00,shoulder,True,True,present,present,0.30781540274620056,0.35877299308776855,False,False
coral,02810_00,logo,False,False,absent,absent,,,False,False
coral,02871_00,collar,True,True,present,present,0.3715967535972595,0.5312774777412415,False,False
coral,02871_00,lapel,False,False,absent,absent,,,False,False
coral,02871_00,cuff,False,False,uncertain,absent,,,False,False
coral,02871_00,button hole,False,False,absent,absent,,,False,False
coral,02871_00,button,False,False,absent,absent,,,False,False
coral,02871_00,pocket,False,False,absent,absent,,,False,False
coral,02871_00,zipper,False,False,absent,absent,,,False,False
coral,02871_00,sleeve,True,True,present,present,0.3287685811519623,0.3287685811519623,False,False
coral,02871_00,shoulder,True,True,present,present,0.3895856440067291,0.41990897059440613,False,False
coral,02871_00,logo,True,True,present,present,0.3956340551376343,0.3956340551376343,False,False
coral,03013_00,collar,True,True,present,present,0.3228488266468048,0.3228488266468048,False,False
coral,03013_00,lapel,False,False,absent,absent,,,False,False
coral,03013_00,cuff,False,False,absent,absent,,,False,False
coral,03013_00,button hole,False,False,absent,absent,,,False,False
coral,03013_00,button,False,False,absent,absent,,,False,False
coral,03013_00,pocket,False,False,absent,absent,,,False,False
coral,03013_00,zipper,False,False,absent,absent,,,False,False
coral,03013_00,sleeve,True,True,present,present,0.3597392439842224,0.44044730067253113,False,False
coral,03013_00,shoulder,True,True,present,present,0.30031630396842957,0.34429529309272766,False,False
coral,03013_00,logo,False,False,absent,absent,,,False,False
coral,03191_00,collar,False,False,absent,absent,,,False,False
coral,03191_00,lapel,False,False,absent,absent,,,False,False
coral,03191_00,cuff,False,True,uncertain,present,,,False,False
coral,03191_00,button hole,False,False,absent,absent,,,False,False
coral,03191_00,button,False,False,absent,absent,,,False,False
coral,03191_00,pocket,False,False,absent,absent,,,False,False
coral,03191_00,zipper,False,False,absent,absent,,,False,False
coral,03191_00,sleeve,True,True,present,present,0.3799911439418793,0.3979496657848358,False,False
coral,03191_00,shoulder,True,True,present,present,0.25925755500793457,0.26035377383232117,False,False
coral,03191_00,logo,False,False,absent,absent,,,False,False
coral,03608_00,collar,True,False,present,present,0.36589813232421875,,True,False
coral,03608_00,lapel,False,False,absent,absent,,,False,False
coral,03608_00,cuff,True,True,present,present,0.34684252738952637,0.3454288840293884,False,False
coral,03608_00,button hole,False,False,absent,absent,,,False,False
coral,03608_00,button,False,False,absent,absent,,,False,False
coral,03608_00,pocket,False,False,absent,absent,,,False,False
coral,03608_00,zipper,False,False,absent,absent,,,False,False
coral,03608_00,sleeve,True,True,present,present,0.37417811155319214,0.37417805194854736,False,False
coral,03608_00,shoulder,True,False,present,present,0.36897751688957214,,True,False
coral,03608_00,logo,False,False,absent,absent,,,False,False
coral,03935_00,collar,True,False,present,absent,0.29335400462150574,,True,False
coral,03935_00,lapel,False,False,absent,absent,,,False,False
coral,03935_00,cuff,True,True,present,present,0.42242515087127686,0.40463098883628845,False,False
coral,03935_00,button hole,False,False,absent,absent,,,False,False
coral,03935_00,button,False,False,absent,absent,,,False,False
coral,03935_00,pocket,False,False,absent,absent,,,False,False
coral,03935_00,zipper,False,False,absent,absent,,,False,False
coral,03935_00,sleeve,True,True,present,present,0.3538716733455658,0.3712846338748932,False,False
coral,03935_00,shoulder,True,True,present,present,0.25996294617652893,0.32138943672180176,False,False
coral,03935_00,logo,False,False,absent,absent,,,False,False
coral,03950_00,collar,False,False,absent,absent,,,False,False
coral,03950_00,lapel,False,False,absent,absent,,,False,False
coral,03950_00,cuff,False,False,absent,absent,,,False,False
coral,03950_00,button hole,False,False,absent,absent,,,False,False
coral,03950_00,button,False,False,absent,absent,,,False,False
coral,03950_00,pocket,False,False,absent,absent,,,False,False
coral,03950_00,zipper,False,False,absent,absent,,,False,False
coral,03950_00,sleeve,True,True,present,present,0.657315194606781,0.657315194606781,False,False
coral,03950_00,shoulder,True,True,present,present,0.40325602889060974,0.40325602889060974,False,False
coral,03950_00,logo,False,False,absent,absent,,,False,False
coral,03991_00,collar,True,True,present,present,0.44088783860206604,0.44088783860206604,False,False
coral,03991_00,lapel,False,False,absent,absent,,,False,False
coral,03991_00,cuff,False,False,absent,absent,,,False,False
coral,03991_00,button hole,False,False,absent,absent,,,False,False
coral,03991_00,button,False,False,absent,absent,,,False,False
coral,03991_00,pocket,False,False,absent,absent,,,False,False
coral,03991_00,zipper,False,False,absent,absent,,,False,False
coral,03991_00,sleeve,False,False,absent,absent,,,False,False
coral,03991_00,shoulder,True,True,present,present,0.4005018472671509,0.4005018472671509,False,False
coral,03991_00,logo,False,False,absent,absent,,,False,False
coral,04430_00,collar,True,True,present,present,0.2064245194196701,0.2064245194196701,False,False
coral,04430_00,lapel,False,False,absent,absent,,,False,False
coral,04430_00,cuff,False,False,absent,absent,,,False,False
coral,04430_00,button hole,False,False,absent,absent,,,False,False
coral,04430_00,button,False,False,absent,absent,,,False,False
coral,04430_00,pocket,False,False,absent,absent,,,False,False
coral,04430_00,zipper,False,False,absent,absent,,,False,False
coral,04430_00,sleeve,True,True,present,present,0.25900545716285706,0.2653828263282776,False,False
coral,04430_00,shoulder,True,True,present,present,0.2385326772928238,0.2649292051792145,False,False
coral,04430_00,logo,False,False,absent,absent,,,False,False
coral,04562_00,collar,True,True,present,present,0.4800150394439697,0.5388128757476807,False,False
coral,04562_00,lapel,False,False,absent,absent,,,False,False
coral,04562_00,cuff,False,True,absent,present,,,False,True
coral,04562_00,button hole,False,False,absent,absent,,,False,False
coral,04562_00,button,False,False,absent,absent,,,False,False
coral,04562_00,pocket,False,False,absent,absent,,,False,False
coral,04562_00,zipper,False,False,absent,absent,,,False,False
coral,04562_00,sleeve,True,True,present,present,0.34602779150009155,0.5478065013885498,False,False
coral,04562_00,shoulder,True,True,present,present,0.42056572437286377,0.47589313983917236,False,False
coral,04562_00,logo,False,False,absent,absent,,,False,False
coral,04652_00,collar,False,False,absent,absent,,,False,False
coral,04652_00,lapel,False,False,absent,absent,,,False,False
coral,04652_00,cuff,False,False,absent,absent,,,False,False
coral,04652_00,button hole,False,False,absent,absent,,,False,False
coral,04652_00,button,False,False,absent,absent,,,False,False
coral,04652_00,pocket,False,False,absent,uncertain,,,False,False
coral,04652_00,zipper,False,False,absent,absent,,,False,False
coral,04652_00,sleeve,True,True,present,present,0.6258698105812073,0.6139022707939148,False,False
coral,04652_00,shoulder,True,True,present,present,0.7027360200881958,0.8723349571228027,False,False
coral,04652_00,logo,False,False,absent,absent,,,False,False
coral,04680_00,collar,False,False,uncertain,absent,,,False,False
coral,04680_00,lapel,False,False,absent,absent,,,False,False
coral,04680_00,cuff,False,False,absent,absent,,,False,False
coral,04680_00,button hole,False,False,absent,absent,,,False,False
coral,04680_00,button,True,True,present,present,0.3901962339878082,0.3953140079975128,False,False
coral,04680_00,pocket,False,False,absent,absent,,,False,False
coral,04680_00,zipper,False,False,absent,absent,,,False,False
coral,04680_00,sleeve,False,False,absent,absent,,,False,False
coral,04680_00,shoulder,True,True,present,present,0.4107927083969116,0.4107927083969116,False,False
coral,04680_00,logo,False,False,absent,absent,,,False,False
coral,04699_00,collar,False,False,absent,absent,,,False,False
coral,04699_00,lapel,False,False,absent,absent,,,False,False
coral,04699_00,cuff,False,True,uncertain,present,,,False,False
coral,04699_00,button hole,False,False,absent,absent,,,False,False
coral,04699_00,button,False,False,absent,absent,,,False,False
coral,04699_00,pocket,False,False,absent,absent,,,False,False
coral,04699_00,zipper,False,False,absent,absent,,,False,False
coral,04699_00,sleeve,True,True,present,present,0.4413719177246094,0.4413720965385437,False,False
coral,04699_00,shoulder,True,True,present,present,0.37268778681755066,0.378362238407135,False,False
coral,04699_00,logo,False,False,absent,absent,,,False,False
coral,04847_00,collar,True,True,present,present,0.6627552509307861,0.721413254737854,False,False
coral,04847_00,lapel,False,False,absent,absent,,,False,False
coral,04847_00,cuff,False,False,absent,absent,,,False,False
coral,04847_00,button hole,False,False,absent,absent,,,False,False
coral,04847_00,button,False,False,absent,absent,,,False,False
coral,04847_00,pocket,False,False,absent,absent,,,False,False
coral,04847_00,zipper,False,False,absent,absent,,,False,False
coral,04847_00,sleeve,True,True,present,present,0.5221778154373169,0.47902730107307434,False,False
coral,04847_00,shoulder,False,False,present,present,,,False,False
coral,04847_00,logo,True,False,present,present,0.7470569610595703,,True,False
coral,04893_00,collar,False,False,absent,absent,,,False,False
coral,04893_00,lapel,False,False,absent,absent,,,False,False
coral,04893_00,cuff,False,False,absent,absent,,,False,False
coral,04893_00,button hole,False,False,absent,absent,,,False,False
coral,04893_00,button,False,False,absent,absent,,,False,False
coral,04893_00,pocket,False,False,absent,absent,,,False,False
coral,04893_00,zipper,False,False,absent,absent,,,False,False
coral,04893_00,sleeve,True,True,present,present,0.33306100964546204,0.3093191981315613,False,False
coral,04893_00,shoulder,True,True,present,present,0.3267797529697418,0.39734315872192383,False,False
coral,04893_00,logo,False,False,absent,absent,,,False,False
coral,04944_00,collar,True,True,present,present,0.5360109210014343,0.5357692837715149,False,False
coral,04944_00,lapel,False,False,absent,absent,,,False,False
coral,04944_00,cuff,False,False,absent,absent,,,False,False
coral,04944_00,button hole,False,False,absent,absent,,,False,False
coral,04944_00,button,False,False,absent,absent,,,False,False
coral,04944_00,pocket,False,False,absent,absent,,,False,False
coral,04944_00,zipper,False,False,absent,absent,,,False,False
coral,04944_00,sleeve,True,True,present,present,0.32822364568710327,0.411313533782959,False,False
coral,04944_00,shoulder,True,True,present,present,0.5239834785461426,0.5099496841430664,False,False
coral,04944_00,logo,False,False,absent,absent,,,False,False
coral,05156_00,collar,True,True,present,present,0.47444260120391846,0.4738011658191681,False,False
coral,05156_00,lapel,False,False,absent,absent,,,False,False
coral,05156_00,cuff,True,True,present,present,0.2660762667655945,0.3677041828632355,False,False
coral,05156_00,button hole,False,False,absent,absent,,,False,False
coral,05156_00,button,False,False,absent,absent,,,False,False
coral,05156_00,pocket,False,False,absent,absent,,,False,False
coral,05156_00,zipper,False,False,absent,absent,,,False,False
coral,05156_00,sleeve,True,True,present,present,0.32711029052734375,0.32711029052734375,False,False
coral,05156_00,shoulder,True,True,present,present,0.3876838684082031,0.41209307312965393,False,False
coral,05156_00,logo,False,False,absent,absent,,,False,False
coral,05329_00,collar,False,False,absent,absent,,,False,False
coral,05329_00,lapel,False,False,absent,absent,,,False,False
coral,05329_00,cuff,False,False,absent,absent,,,False,False
coral,05329_00,button hole,False,False,absent,absent,,,False,False
coral,05329_00,button,False,False,absent,absent,,,False,False
coral,05329_00,pocket,False,False,absent,absent,,,False,False
coral,05329_00,zipper,False,False,absent,absent,,,False,False
coral,05329_00,sleeve,True,True,present,present,0.3076295852661133,0.459427148103714,False,False
coral,05329_00,shoulder,True,True,present,present,0.3727906346321106,0.41608312726020813,False,False
coral,05329_00,logo,False,False,absent,absent,,,False,False
coral,05544_00,collar,True,True,present,present,0.35402312874794006,0.3832080066204071,False,False
coral,05544_00,lapel,False,False,absent,absent,,,False,False
coral,05544_00,cuff,False,False,absent,absent,,,False,False
coral,05544_00,button hole,False,False,absent,absent,,,False,False
coral,05544_00,button,False,False,absent,absent,,,False,False
coral,05544_00,pocket,False,False,absent,absent,,,False,False
coral,05544_00,zipper,False,False,absent,absent,,,False,False
coral,05544_00,sleeve,False,False,absent,absent,,,False,False
coral,05544_00,shoulder,False,True,uncertain,present,,,False,False
coral,05544_00,logo,False,False,absent,absent,,,False,False
coral,05910_00,collar,False,False,absent,absent,,,False,False
coral,05910_00,lapel,False,False,absent,absent,,,False,False
coral,05910_00,cuff,False,False,absent,absent,,,False,False
coral,05910_00,button hole,False,False,absent,absent,,,False,False
coral,05910_00,button,False,False,absent,absent,,,False,False
coral,05910_00,pocket,False,False,absent,absent,,,False,False
coral,05910_00,zipper,False,False,absent,absent,,,False,False
coral,05910_00,sleeve,False,False,absent,absent,,,False,False
coral,05910_00,shoulder,True,True,present,present,0.631096363067627,0.631096363067627,False,False
coral,05910_00,logo,False,False,absent,absent,,,False,False
coral,05961_00,collar,False,True,absent,present,,,False,True
coral,05961_00,lapel,False,False,absent,absent,,,False,False
coral,05961_00,cuff,False,False,absent,absent,,,False,False
coral,05961_00,button hole,False,False,absent,absent,,,False,False
coral,05961_00,button,False,False,absent,absent,,,False,False
coral,05961_00,pocket,False,False,absent,absent,,,False,False
coral,05961_00,zipper,False,False,absent,absent,,,False,False
coral,05961_00,sleeve,True,True,present,present,0.24106091260910034,0.2589169442653656,False,False
coral,05961_00,shoulder,True,True,present,present,0.31401288509368896,0.4000706076622009,False,False
coral,05961_00,logo,False,False,absent,absent,,,False,False
coral,06192_00,collar,True,False,present,absent,0.313020795583725,,True,False
coral,06192_00,lapel,False,False,absent,absent,,,False,False
coral,06192_00,cuff,True,True,present,present,0.31169283390045166,0.31169289350509644,False,False
coral,06192_00,button hole,False,False,absent,absent,,,False,False
coral,06192_00,button,False,False,absent,absent,,,False,False
coral,06192_00,pocket,False,False,absent,absent,,,False,False
coral,06192_00,zipper,False,False,absent,absent,,,False,False
coral,06192_00,sleeve,True,True,present,present,0.3335081934928894,0.33350813388824463,False,False
coral,06192_00,shoulder,True,True,present,present,0.35151180624961853,0.35151174664497375,False,False
coral,06192_00,logo,False,False,absent,absent,,,False,False
coral,06730_00,collar,True,False,present,present,0.2346499115228653,,True,False
coral,06730_00,lapel,False,False,absent,absent,,,False,False
coral,06730_00,cuff,True,True,present,present,0.2922274172306061,0.2922274172306061,False,False
coral,06730_00,button hole,False,False,absent,absent,,,False,False
coral,06730_00,button,False,False,absent,absent,,,False,False
coral,06730_00,pocket,False,False,absent,absent,,,False,False
coral,06730_00,zipper,False,False,absent,absent,,,False,False
coral,06730_00,sleeve,True,True,present,present,0.2541726231575012,0.256618469953537,False,False
coral,06730_00,shoulder,True,True,present,present,0.3246302306652069,0.36254188418388367,False,False
coral,06730_00,logo,False,False,absent,absent,,,False,False
coral,06753_00,collar,False,False,uncertain,absent,,,False,False
coral,06753_00,lapel,False,False,absent,absent,,,False,False
coral,06753_00,cuff,False,False,absent,absent,,,False,False
coral,06753_00,button hole,False,False,absent,absent,,,False,False
coral,06753_00,button,False,False,absent,absent,,,False,False
coral,06753_00,pocket,False,False,absent,absent,,,False,False
coral,06753_00,zipper,False,False,absent,absent,,,False,False
coral,06753_00,sleeve,True,True,present,present,0.25956296920776367,0.27849093079566956,False,False
coral,06753_00,shoulder,True,True,present,present,0.3114168047904968,0.3114168047904968,False,False
coral,06753_00,logo,False,False,absent,absent,,,False,False
coral,06939_00,collar,True,True,present,present,0.2911721169948578,0.2911721169948578,False,False
coral,06939_00,lapel,False,False,absent,absent,,,False,False
coral,06939_00,cuff,False,False,absent,absent,,,False,False
coral,06939_00,button hole,False,False,absent,absent,,,False,False
coral,06939_00,button,False,False,absent,absent,,,False,False
coral,06939_00,pocket,False,False,absent,absent,,,False,False
coral,06939_00,zipper,False,False,absent,absent,,,False,False
coral,06939_00,sleeve,True,True,present,present,0.26938286423683167,0.3135637044906616,False,False
coral,06939_00,shoulder,True,True,present,present,0.2839447855949402,0.27440932393074036,False,False
coral,06939_00,logo,True,False,present,uncertain,0.26816418766975403,,True,False
coral,06978_00,collar,False,False,absent,absent,,,False,False
coral,06978_00,lapel,False,False,absent,absent,,,False,False
coral,06978_00,cuff,False,False,absent,absent,,,False,False
coral,06978_00,button hole,False,False,absent,absent,,,False,False
coral,06978_00,button,False,False,absent,absent,,,False,False
coral,06978_00,pocket,False,False,absent,absent,,,False,False
coral,06978_00,zipper,False,False,absent,absent,,,False,False
coral,06978_00,sleeve,True,True,present,present,0.29300835728645325,0.29300835728645325,False,False
coral,06978_00,shoulder,True,True,present,present,0.3396342098712921,0.33941203355789185,False,False
coral,06978_00,logo,False,False,absent,absent,,,False,False
coral,07150_00,collar,True,True,present,present,0.17218446731567383,0.3159419000148773,False,False
coral,07150_00,lapel,False,False,absent,absent,,,False,False
coral,07150_00,cuff,False,False,absent,absent,,,False,False
coral,07150_00,button hole,False,False,absent,absent,,,False,False
coral,07150_00,button,False,False,absent,absent,,,False,False
coral,07150_00,pocket,False,False,absent,absent,,,False,False
coral,07150_00,zipper,False,False,absent,absent,,,False,False
coral,07150_00,sleeve,True,True,present,present,0.19426386058330536,0.19426386058330536,False,False
coral,07150_00,shoulder,True,True,present,present,0.17062513530254364,0.17062513530254364,False,False
coral,07150_00,logo,False,False,uncertain,uncertain,,,False,False
coral,07212_00,collar,False,False,absent,uncertain,,,False,False
coral,07212_00,lapel,False,False,absent,absent,,,False,False
coral,07212_00,cuff,True,False,present,absent,0.11694914847612381,,True,False
coral,07212_00,button hole,False,False,absent,absent,,,False,False
coral,07212_00,button,True,True,present,present,0.4028407633304596,0.405379980802536,False,False
coral,07212_00,pocket,False,False,absent,absent,,,False,False
coral,07212_00,zipper,False,False,absent,absent,,,False,False
coral,07212_00,sleeve,True,True,present,present,0.31002044677734375,0.31002044677734375,False,False
coral,07212_00,shoulder,True,True,present,present,0.3582506775856018,0.40865832567214966,False,False
coral,07212_00,logo,False,True,uncertain,present,,,False,False
coral,07396_00,collar,False,False,absent,uncertain,,,False,False
coral,07396_00,lapel,False,False,absent,absent,,,False,False
coral,07396_00,cuff,False,False,uncertain,absent,,,False,False
coral,07396_00,button hole,False,False,absent,absent,,,False,False
coral,07396_00,button,False,False,absent,absent,,,False,False
coral,07396_00,pocket,False,False,absent,absent,,,False,False
coral,07396_00,zipper,False,False,absent,absent,,,False,False
coral,07396_00,sleeve,True,True,present,present,0.4972250163555145,0.5188474655151367,False,False
coral,07396_00,shoulder,True,True,present,present,0.5776223540306091,0.5398373007774353,False,False
coral,07396_00,logo,False,False,absent,absent,,,False,False
coral,07573_00,collar,False,False,absent,absent,,,False,False
coral,07573_00,lapel,False,False,absent,absent,,,False,False
coral,07573_00,cuff,False,False,absent,absent,,,False,False
coral,07573_00,button hole,False,False,absent,absent,,,False,False
coral,07573_00,button,False,False,absent,absent,,,False,False
coral,07573_00,pocket,False,False,absent,absent,,,False,False
coral,07573_00,zipper,False,False,absent,absent,,,False,False
coral,07573_00,sleeve,True,True,present,present,0.31508201360702515,0.34212493896484375,False,False
coral,07573_00,shoulder,True,True,present,present,0.378083735704422,0.378083735704422,False,False
coral,07573_00,logo,False,False,absent,absent,,,False,False
coral,07599_00,collar,True,True,present,present,0.8129627108573914,0.8129627108573914,False,False
coral,07599_00,lapel,False,False,absent,absent,,,False,False
coral,07599_00,cuff,False,False,absent,absent,,,False,False
coral,07599_00,button hole,False,False,absent,absent,,,False,False
coral,07599_00,button,False,False,absent,absent,,,False,False
coral,07599_00,pocket,False,False,absent,absent,,,False,False
coral,07599_00,zipper,False,False,absent,absent,,,False,False
coral,07599_00,sleeve,False,False,absent,absent,,,False,False
coral,07599_00,shoulder,True,True,present,present,0.6649659872055054,0.6524909138679504,False,False
coral,07599_00,logo,False,False,absent,absent,,,False,False
coral,07694_00,collar,True,False,present,present,0.34872597455978394,,True,False
coral,07694_00,lapel,False,False,absent,absent,,,False,False
coral,07694_00,cuff,False,False,absent,absent,,,False,False
coral,07694_00,button hole,False,False,absent,absent,,,False,False
coral,07694_00,button,False,False,absent,absent,,,False,False
coral,07694_00,pocket,False,False,absent,absent,,,False,False
coral,07694_00,zipper,False,False,absent,absent,,,False,False
coral,07694_00,sleeve,True,True,present,present,0.26574617624282837,0.26574617624282837,False,False
coral,07694_00,shoulder,True,True,present,present,0.2670716941356659,0.2670717239379883,False,False
coral,07694_00,logo,True,True,present,present,0.37237709760665894,0.37237709760665894,False,False
coral,07707_00,collar,False,False,absent,absent,,,False,False
coral,07707_00,lapel,False,False,absent,absent,,,False,False
coral,07707_00,cuff,False,False,absent,absent,,,False,False
coral,07707_00,button hole,False,False,absent,absent,,,False,False
coral,07707_00,button,False,False,absent,absent,,,False,False
coral,07707_00,pocket,False,False,absent,absent,,,False,False
coral,07707_00,zipper,False,False,absent,absent,,,False,False
coral,07707_00,sleeve,False,False,absent,absent,,,False,False
coral,07707_00,shoulder,True,True,present,present,0.13943111896514893,0.1686333417892456,False,False
coral,07707_00,logo,False,False,absent,absent,,,False,False
coral,07825_00,collar,True,True,present,present,0.4577068090438843,0.4577068090438843,False,False
coral,07825_00,lapel,False,False,absent,absent,,,False,False
coral,07825_00,cuff,True,True,present,present,0.368979275226593,0.368979275226593,False,False
coral,07825_00,button hole,False,False,absent,absent,,,False,False
coral,07825_00,button,False,False,absent,absent,,,False,False
coral,07825_00,pocket,False,False,absent,absent,,,False,False
coral,07825_00,zipper,False,False,absent,absent,,,False,False
coral,07825_00,sleeve,True,True,present,present,0.42384687066078186,0.42060723900794983,False,False
coral,07825_00,shoulder,True,True,present,present,0.5290853381156921,0.6472795605659485,False,False
coral,07825_00,logo,False,False,absent,absent,,,False,False
coral,07847_00,collar,False,False,absent,absent,,,False,False
coral,07847_00,lapel,False,False,absent,absent,,,False,False
coral,07847_00,cuff,False,False,absent,absent,,,False,False
coral,07847_00,button hole,False,False,absent,absent,,,False,False
coral,07847_00,button,False,False,absent,absent,,,False,False
coral,07847_00,pocket,False,False,absent,absent,,,False,False
coral,07847_00,zipper,False,False,absent,absent,,,False,False
coral,07847_00,sleeve,True,True,present,present,0.43873387575149536,0.5889805555343628,False,False
coral,07847_00,shoulder,True,True,present,present,0.4768868386745453,0.4470306634902954,False,False
coral,07847_00,logo,False,False,absent,absent,,,False,False
coral,07884_00,collar,True,True,present,present,0.2105950117111206,0.3137604892253876,False,False
coral,07884_00,lapel,False,False,absent,absent,,,False,False
coral,07884_00,cuff,False,False,absent,absent,,,False,False
coral,07884_00,button hole,False,False,absent,absent,,,False,False
coral,07884_00,button,False,False,absent,absent,,,False,False
coral,07884_00,pocket,False,False,absent,absent,,,False,False
coral,07884_00,zipper,False,False,absent,absent,,,False,False
coral,07884_00,sleeve,True,True,present,present,0.19374682009220123,0.1904831975698471,False,False
coral,07884_00,shoulder,True,False,present,present,0.22918400168418884,,True,False
coral,07884_00,logo,True,True,present,present,0.23105843365192413,0.2556498050689697,False,False
coral,07965_00,collar,True,True,present,present,0.20549561083316803,0.20549561083316803,False,False
coral,07965_00,lapel,False,False,absent,absent,,,False,False
coral,07965_00,cuff,True,True,present,present,0.3730925917625427,0.4739152789115906,False,False
coral,07965_00,button hole,False,False,absent,absent,,,False,False
coral,07965_00,button,False,False,absent,absent,,,False,False
coral,07965_00,pocket,False,False,absent,absent,,,False,False
coral,07965_00,zipper,False,False,absent,absent,,,False,False
coral,07965_00,sleeve,True,True,present,present,0.28648775815963745,0.315656840801239,False,False
coral,07965_00,shoulder,True,True,present,present,0.248166024684906,0.26691946387290955,False,False
coral,07965_00,logo,False,False,absent,absent,,,False,False
coral,07966_00,collar,False,True,uncertain,present,,,False,False
coral,07966_00,lapel,False,False,absent,absent,,,False,False
coral,07966_00,cuff,False,False,uncertain,uncertain,,,False,False
coral,07966_00,button hole,False,False,absent,absent,,,False,False
coral,07966_00,button,False,False,absent,absent,,,False,False
coral,07966_00,pocket,False,False,absent,absent,,,False,False
coral,07966_00,zipper,False,False,absent,absent,,,False,False
coral,07966_00,sleeve,True,True,present,present,0.3160124719142914,0.3160124719142914,False,False
coral,07966_00,shoulder,True,False,present,present,0.2624038755893707,,True,False
coral,07966_00,logo,False,False,absent,absent,,,False,False
coral,08102_00,collar,True,False,present,uncertain,0.4157413840293884,,True,False
coral,08102_00,lapel,False,False,absent,absent,,,False,False
coral,08102_00,cuff,False,False,absent,absent,,,False,False
coral,08102_00,button hole,False,False,absent,absent,,,False,False
coral,08102_00,button,False,False,absent,absent,,,False,False
coral,08102_00,pocket,False,False,absent,absent,,,False,False
coral,08102_00,zipper,False,False,absent,absent,,,False,False
coral,08102_00,sleeve,True,True,present,present,0.38665735721588135,0.6070836782455444,False,False
coral,08102_00,shoulder,False,False,present,present,,,False,False
coral,08102_00,logo,False,True,uncertain,present,,,False,False
coral,08149_00,collar,False,False,absent,absent,,,False,False
coral,08149_00,lapel,False,False,absent,absent,,,False,False
coral,08149_00,cuff,True,False,present,uncertain,0.5448152422904968,,True,False
coral,08149_00,button hole,False,False,absent,absent,,,False,False
coral,08149_00,button,False,False,absent,absent,,,False,False
coral,08149_00,pocket,False,False,absent,absent,,,False,False
coral,08149_00,zipper,False,False,absent,absent,,,False,False
coral,08149_00,sleeve,True,True,present,present,0.6138240098953247,0.6274383068084717,False,False
coral,08149_00,shoulder,True,True,present,present,0.5307412147521973,0.5307411551475525,False,False
coral,08149_00,logo,False,False,absent,absent,,,False,False
coral,08158_00,collar,True,True,present,present,0.24939629435539246,0.24939629435539246,False,False
coral,08158_00,lapel,False,False,absent,absent,,,False,False
coral,08158_00,cuff,True,True,present,present,0.3273099362850189,0.3273099362850189,False,False
coral,08158_00,button hole,False,False,absent,absent,,,False,False
coral,08158_00,button,False,False,absent,absent,,,False,False
coral,08158_00,pocket,False,False,absent,absent,,,False,False
coral,08158_00,zipper,False,False,absent,absent,,,False,False
coral,08158_00,sleeve,True,True,present,present,0.4052736461162567,0.4052736461162567,False,False
coral,08158_00,shoulder,True,True,present,present,0.2622361183166504,0.2622361183166504,False,False
coral,08158_00,logo,False,False,absent,absent,,,False,False
coral,08232_00,collar,True,True,present,present,0.3032262325286865,0.27901047468185425,False,False
coral,08232_00,lapel,False,False,absent,absent,,,False,False
coral,08232_00,cuff,False,False,absent,uncertain,,,False,False
coral,08232_00,button hole,False,False,absent,absent,,,False,False
coral,08232_00,button,True,True,present,present,0.3030235171318054,0.3539360761642456,False,False
coral,08232_00,pocket,False,False,absent,absent,,,False,False
coral,08232_00,zipper,False,False,absent,absent,,,False,False
coral,08232_00,sleeve,True,True,present,present,0.4773501753807068,0.5197519659996033,False,False
coral,08232_00,shoulder,True,True,present,present,0.4105614721775055,0.4817412197589874,False,False
coral,08232_00,logo,False,False,absent,absent,,,False,False
coral,08314_00,collar,False,False,absent,absent,,,False,False
coral,08314_00,lapel,False,False,absent,absent,,,False,False
coral,08314_00,cuff,False,False,absent,absent,,,False,False
coral,08314_00,button hole,False,False,absent,absent,,,False,False
coral,08314_00,button,False,False,absent,absent,,,False,False
coral,08314_00,pocket,False,False,absent,absent,,,False,False
coral,08314_00,zipper,False,False,absent,absent,,,False,False
coral,08314_00,sleeve,True,True,present,present,0.17732812464237213,0.22081732749938965,False,False
coral,08314_00,shoulder,True,True,present,present,0.30645254254341125,0.27330678701400757,False,False
coral,08314_00,logo,False,False,absent,absent,,,False,False
coral,08316_00,collar,True,True,present,present,0.3406623303890228,0.3406623303890228,False,False
coral,08316_00,lapel,False,False,absent,absent,,,False,False
coral,08316_00,cuff,False,False,absent,absent,,,False,False
coral,08316_00,button hole,False,False,absent,absent,,,False,False
coral,08316_00,button,True,True,present,present,0.3058582842350006,0.3777846693992615,False,False
coral,08316_00,pocket,False,False,absent,absent,,,False,False
coral,08316_00,zipper,False,False,absent,absent,,,False,False
coral,08316_00,sleeve,True,True,present,present,0.21379931271076202,0.28235718607902527,False,False
coral,08316_00,shoulder,True,True,present,present,0.30677372217178345,0.30782464146614075,False,False
coral,08316_00,logo,False,False,absent,absent,,,False,False
coral,08650_00,collar,False,False,absent,absent,,,False,False
coral,08650_00,lapel,False,False,absent,absent,,,False,False
coral,08650_00,cuff,False,False,absent,absent,,,False,False
coral,08650_00,button hole,False,False,absent,absent,,,False,False
coral,08650_00,button,False,False,absent,absent,,,False,False
coral,08650_00,pocket,False,False,absent,absent,,,False,False
coral,08650_00,zipper,False,False,absent,absent,,,False,False
coral,08650_00,sleeve,False,False,uncertain,absent,,,False,False
coral,08650_00,shoulder,True,True,present,present,0.49854904413223267,0.49854904413223267,False,False
coral,08650_00,logo,False,False,absent,absent,,,False,False
coral,09067_00,collar,False,False,absent,absent,,,False,False
coral,09067_00,lapel,False,False,absent,absent,,,False,False
coral,09067_00,cuff,True,True,present,present,0.15925581753253937,0.1957876831293106,False,False
coral,09067_00,button hole,False,False,absent,absent,,,False,False
coral,09067_00,button,True,True,present,present,0.41833052039146423,0.48419851064682007,False,False
coral,09067_00,pocket,False,False,absent,absent,,,False,False
coral,09067_00,zipper,False,False,absent,absent,,,False,False
coral,09067_00,sleeve,True,True,present,present,0.26668721437454224,0.28053197264671326,False,False
coral,09067_00,shoulder,True,True,present,present,0.4355185031890869,0.4709295332431793,False,False
coral,09067_00,logo,False,False,absent,absent,,,False,False
coral,09215_00,collar,True,True,present,present,0.13236430287361145,0.13236430287361145,False,False
coral,09215_00,lapel,False,False,absent,absent,,,False,False
coral,09215_00,cuff,False,False,absent,absent,,,False,False
coral,09215_00,button hole,False,False,absent,absent,,,False,False
coral,09215_00,button,False,False,absent,absent,,,False,False
coral,09215_00,pocket,False,False,absent,absent,,,False,False
coral,09215_00,zipper,False,False,absent,absent,,,False,False
coral,09215_00,sleeve,True,True,present,present,0.18445946276187897,0.18445946276187897,False,False
coral,09215_00,shoulder,True,True,present,present,0.15506280958652496,0.27516043186187744,False,False
coral,09215_00,logo,False,False,absent,absent,,,False,False
coral,09412_00,collar,False,True,present,present,,,False,False
coral,09412_00,lapel,False,False,absent,absent,,,False,False
coral,09412_00,cuff,False,False,absent,absent,,,False,False
coral,09412_00,button hole,False,False,absent,absent,,,False,False
coral,09412_00,button,False,False,absent,absent,,,False,False
coral,09412_00,pocket,False,False,absent,absent,,,False,False
coral,09412_00,zipper,False,False,absent,absent,,,False,False
coral,09412_00,sleeve,True,True,present,present,0.1812201589345932,0.21071986854076385,False,False
coral,09412_00,shoulder,True,True,present,present,0.24787037074565887,0.32280397415161133,False,False
coral,09412_00,logo,False,False,absent,absent,,,False,False
coral,09487_00,collar,True,True,present,present,0.37913522124290466,0.47146373987197876,False,False
coral,09487_00,lapel,False,False,absent,absent,,,False,False
coral,09487_00,cuff,True,True,present,present,0.5407913327217102,0.5407913327217102,False,False
coral,09487_00,button hole,False,False,absent,absent,,,False,False
coral,09487_00,button,False,False,absent,absent,,,False,False
coral,09487_00,pocket,False,False,absent,absent,,,False,False
coral,09487_00,zipper,False,False,absent,absent,,,False,False
coral,09487_00,sleeve,True,True,present,present,0.5470210313796997,0.5908592343330383,False,False
coral,09487_00,shoulder,True,True,present,present,0.5229395031929016,0.5585706830024719,False,False
coral,09487_00,logo,False,False,absent,absent,,,False,False
coral,09751_00,collar,True,True,present,present,0.44948330521583557,0.5143851637840271,False,False
coral,09751_00,lapel,False,False,absent,absent,,,False,False
coral,09751_00,cuff,False,False,absent,absent,,,False,False
coral,09751_00,button hole,False,False,absent,absent,,,False,False
coral,09751_00,button,False,False,absent,absent,,,False,False
coral,09751_00,pocket,True,True,present,present,0.5008324384689331,0.6031597256660461,False,False
coral,09751_00,zipper,False,False,absent,absent,,,False,False
coral,09751_00,sleeve,False,False,absent,absent,,,False,False
coral,09751_00,shoulder,True,True,present,present,0.38377633690834045,0.38377633690834045,False,False
coral,09751_00,logo,False,False,absent,absent,,,False,False
coral,09845_00,collar,False,False,absent,absent,,,False,False
coral,09845_00,lapel,False,False,absent,absent,,,False,False
coral,09845_00,cuff,False,False,absent,absent,,,False,False
coral,09845_00,button hole,False,False,absent,absent,,,False,False
coral,09845_00,button,False,False,absent,absent,,,False,False
coral,09845_00,pocket,False,False,absent,absent,,,False,False
coral,09845_00,zipper,False,False,absent,absent,,,False,False
coral,09845_00,sleeve,False,False,absent,absent,,,False,False
coral,09845_00,shoulder,True,True,present,present,0.3053077161312103,0.3053077161312103,False,False
coral,09845_00,logo,False,False,absent,absent,,,False,False
coral,09912_00,collar,False,False,absent,absent,,,False,False
coral,09912_00,lapel,False,False,absent,absent,,,False,False
coral,09912_00,cuff,False,False,absent,absent,,,False,False
coral,09912_00,button hole,False,False,absent,absent,,,False,False
coral,09912_00,button,False,False,absent,absent,,,False,False
coral,09912_00,pocket,False,False,absent,absent,,,False,False
coral,09912_00,zipper,False,False,absent,absent,,,False,False
coral,09912_00,sleeve,True,True,present,present,0.6242176294326782,0.6284813284873962,False,False
coral,09912_00,shoulder,True,True,present,present,0.7032896280288696,0.6528775691986084,False,False
coral,09912_00,logo,False,False,absent,absent,,,False,False
coral,09940_00,collar,False,False,absent,absent,,,False,False
coral,09940_00,lapel,False,False,absent,absent,,,False,False
coral,09940_00,cuff,False,False,absent,absent,,,False,False
coral,09940_00,button hole,False,False,absent,absent,,,False,False
coral,09940_00,button,False,False,absent,absent,,,False,False
coral,09940_00,pocket,False,False,absent,absent,,,False,False
coral,09940_00,zipper,False,False,absent,absent,,,False,False
coral,09940_00,sleeve,False,False,uncertain,absent,,,False,False
coral,09940_00,shoulder,True,True,present,present,0.3569766879081726,0.4175019860267639,False,False
coral,09940_00,logo,False,False,absent,absent,,,False,False
coral,09949_00,collar,False,False,absent,absent,,,False,False
coral,09949_00,lapel,False,False,absent,absent,,,False,False
coral,09949_00,cuff,False,False,absent,absent,,,False,False
coral,09949_00,button hole,False,False,absent,absent,,,False,False
coral,09949_00,button,False,False,absent,absent,,,False,False
coral,09949_00,pocket,False,False,absent,absent,,,False,False
coral,09949_00,zipper,False,False,absent,absent,,,False,False
coral,09949_00,sleeve,True,True,present,present,0.5627472400665283,0.8604604005813599,False,False
coral,09949_00,shoulder,True,True,present,present,0.4663759469985962,0.4663759469985962,False,False
coral,09949_00,logo,False,False,absent,absent,,,False,False
coral,10265_00,collar,False,False,absent,absent,,,False,False
coral,10265_00,lapel,False,False,absent,absent,,,False,False
coral,10265_00,cuff,False,False,absent,absent,,,False,False
coral,10265_00,button hole,False,False,absent,absent,,,False,False
coral,10265_00,button,False,False,absent,absent,,,False,False
coral,10265_00,pocket,False,False,absent,absent,,,False,False
coral,10265_00,zipper,False,False,absent,absent,,,False,False
coral,10265_00,sleeve,False,False,present,present,,,False,False
coral,10265_00,shoulder,True,True,present,present,0.5209035277366638,0.6022364497184753,False,False
coral,10265_00,logo,False,False,absent,absent,,,False,False
coral,10352_00,collar,True,True,present,present,0.6693186163902283,0.6175767779350281,False,False
coral,10352_00,lapel,False,False,absent,absent,,,False,False
coral,10352_00,cuff,False,False,absent,absent,,,False,False
coral,10352_00,button hole,False,False,absent,absent,,,False,False
coral,10352_00,button,False,False,absent,absent,,,False,False
coral,10352_00,pocket,False,False,absent,absent,,,False,False
coral,10352_00,zipper,False,False,absent,absent,,,False,False
coral,10352_00,sleeve,True,True,present,present,0.5461899042129517,0.5461899042129517,False,False
coral,10352_00,shoulder,True,True,present,present,0.6619196534156799,0.6630030274391174,False,False
coral,10352_00,logo,False,False,absent,absent,,,False,False
coral,10428_00,collar,False,False,absent,absent,,,False,False
coral,10428_00,lapel,False,False,absent,absent,,,False,False
coral,10428_00,cuff,False,False,uncertain,uncertain,,,False,False
coral,10428_00,button hole,False,False,absent,absent,,,False,False
coral,10428_00,button,False,False,absent,absent,,,False,False
coral,10428_00,pocket,False,False,absent,absent,,,False,False
coral,10428_00,zipper,False,False,absent,absent,,,False,False
coral,10428_00,sleeve,True,True,present,present,0.38691478967666626,0.5367618799209595,False,False
coral,10428_00,shoulder,True,True,present,present,0.30555039644241333,0.2958995997905731,False,False
coral,10428_00,logo,False,False,absent,absent,,,False,False
coral,10495_00,collar,False,False,absent,absent,,,False,False
coral,10495_00,lapel,False,False,absent,absent,,,False,False
coral,10495_00,cuff,False,False,absent,absent,,,False,False
coral,10495_00,button hole,False,False,absent,absent,,,False,False
coral,10495_00,button,False,False,absent,absent,,,False,False
coral,10495_00,pocket,False,False,absent,absent,,,False,False
coral,10495_00,zipper,False,False,absent,absent,,,False,False
coral,10495_00,sleeve,False,False,absent,absent,,,False,False
coral,10495_00,shoulder,True,True,present,present,0.4966749846935272,0.7145110964775085,False,False
coral,10495_00,logo,False,False,absent,absent,,,False,False
coral,10657_00,collar,False,False,absent,absent,,,False,False
coral,10657_00,lapel,False,False,absent,absent,,,False,False
coral,10657_00,cuff,True,True,present,present,0.5578094124794006,0.6075408458709717,False,False
coral,10657_00,button hole,False,False,absent,absent,,,False,False
coral,10657_00,button,False,False,absent,absent,,,False,False
coral,10657_00,pocket,False,False,absent,absent,,,False,False
coral,10657_00,zipper,False,False,absent,absent,,,False,False
coral,10657_00,sleeve,True,True,present,present,0.5941120982170105,0.5887571573257446,False,False
coral,10657_00,shoulder,True,True,present,present,0.5552959442138672,0.5552959442138672,False,False
coral,10657_00,logo,False,False,absent,absent,,,False,False
coral,10680_00,collar,False,False,uncertain,present,,,False,False
coral,10680_00,lapel,False,False,absent,absent,,,False,False
coral,10680_00,cuff,True,True,present,present,0.4489991366863251,0.4489991366863251,False,False
coral,10680_00,button hole,False,False,absent,absent,,,False,False
coral,10680_00,button,False,False,absent,absent,,,False,False
coral,10680_00,pocket,False,False,absent,absent,,,False,False
coral,10680_00,zipper,False,False,absent,absent,,,False,False
coral,10680_00,sleeve,True,True,present,present,0.44645217061042786,0.5526951551437378,False,False
coral,10680_00,shoulder,True,True,present,present,0.3882203698158264,0.3882203698158264,False,False
coral,10680_00,logo,False,False,absent,absent,,,False,False
coral,10731_00,collar,True,True,present,present,0.26261037588119507,0.2707620859146118,False,False
coral,10731_00,lapel,False,False,absent,absent,,,False,False
coral,10731_00,cuff,False,False,absent,absent,,,False,False
coral,10731_00,button hole,False,False,absent,absent,,,False,False
coral,10731_00,button,False,False,absent,absent,,,False,False
coral,10731_00,pocket,False,False,absent,absent,,,False,False
coral,10731_00,zipper,False,False,absent,absent,,,False,False
coral,10731_00,sleeve,True,True,present,present,0.24334712326526642,0.2567433714866638,False,False
coral,10731_00,shoulder,True,True,present,present,0.2818167507648468,0.28210124373435974,False,False
coral,10731_00,logo,False,False,absent,absent,,,False,False
coral,10843_00,collar,False,False,absent,absent,,,False,False
coral,10843_00,lapel,False,False,absent,absent,,,False,False
coral,10843_00,cuff,False,False,absent,absent,,,False,False
coral,10843_00,button hole,False,False,absent,absent,,,False,False
coral,10843_00,button,False,False,absent,absent,,,False,False
coral,10843_00,pocket,False,False,absent,absent,,,False,False
coral,10843_00,zipper,False,False,absent,absent,,,False,False
coral,10843_00,sleeve,True,True,present,present,0.17984417080879211,0.3501720726490021,False,False
coral,10843_00,shoulder,True,True,present,present,0.19308458268642426,0.306748628616333,False,False
coral,10843_00,logo,False,False,absent,absent,,,False,False
coral,11001_00,collar,False,False,absent,absent,,,False,False
coral,11001_00,lapel,False,False,absent,absent,,,False,False
coral,11001_00,cuff,False,False,absent,absent,,,False,False
coral,11001_00,button hole,False,False,absent,absent,,,False,False
coral,11001_00,button,False,False,absent,absent,,,False,False
coral,11001_00,pocket,False,False,absent,absent,,,False,False
coral,11001_00,zipper,False,False,absent,absent,,,False,False
coral,11001_00,sleeve,True,True,present,present,0.35065335035324097,0.35065335035324097,False,False
coral,11001_00,shoulder,True,True,present,present,0.30925002694129944,0.30925002694129944,False,False
coral,11001_00,logo,False,False,absent,absent,,,False,False
coral,11054_00,collar,True,False,present,absent,0.3881494402885437,,True,False
coral,11054_00,lapel,False,False,absent,absent,,,False,False
coral,11054_00,cuff,True,False,present,uncertain,0.5270377397537231,,True,False
coral,11054_00,button hole,False,False,absent,absent,,,False,False
coral,11054_00,button,False,False,absent,absent,,,False,False
coral,11054_00,pocket,False,False,absent,absent,,,False,False
coral,11054_00,zipper,False,False,absent,absent,,,False,False
coral,11054_00,sleeve,True,True,present,present,0.4479706585407257,0.39441317319869995,False,False
coral,11054_00,shoulder,True,True,present,present,0.36653846502304077,0.35172656178474426,False,False
coral,11054_00,logo,False,False,absent,absent,,,False,False
coral,11206_00,collar,False,False,absent,absent,,,False,False
coral,11206_00,lapel,False,False,absent,absent,,,False,False
coral,11206_00,cuff,False,False,absent,absent,,,False,False
coral,11206_00,button hole,False,False,absent,absent,,,False,False
coral,11206_00,button,False,False,absent,absent,,,False,False
coral,11206_00,pocket,False,False,absent,absent,,,False,False
coral,11206_00,zipper,False,False,absent,absent,,,False,False
coral,11206_00,sleeve,True,True,present,present,0.43052417039871216,0.5635671615600586,False,False
coral,11206_00,shoulder,True,True,present,present,0.2358817756175995,0.2358817756175995,False,False
coral,11206_00,logo,False,False,absent,absent,,,False,False
coral,11372_00,collar,False,False,absent,absent,,,False,False
coral,11372_00,lapel,False,False,absent,absent,,,False,False
coral,11372_00,cuff,False,False,absent,absent,,,False,False
coral,11372_00,button hole,False,False,absent,absent,,,False,False
coral,11372_00,button,False,False,absent,absent,,,False,False
coral,11372_00,pocket,False,False,absent,absent,,,False,False
coral,11372_00,zipper,False,False,absent,absent,,,False,False
coral,11372_00,sleeve,True,True,present,present,0.20688402652740479,0.2922525405883789,False,False
coral,11372_00,shoulder,True,True,present,present,0.31519415974617004,0.31519415974617004,False,False
coral,11372_00,logo,False,False,absent,absent,,,False,False
coral,11438_00,collar,False,True,absent,present,,,False,True
coral,11438_00,lapel,False,False,absent,absent,,,False,False
coral,11438_00,cuff,False,True,uncertain,present,,,False,False
coral,11438_00,button hole,False,False,absent,absent,,,False,False
coral,11438_00,button,False,False,absent,absent,,,False,False
coral,11438_00,pocket,False,False,absent,absent,,,False,False
coral,11438_00,zipper,False,False,absent,absent,,,False,False
coral,11438_00,sleeve,True,True,present,present,0.5906396508216858,0.510103702545166,False,False
coral,11438_00,shoulder,True,True,present,present,0.4231688976287842,0.4231688380241394,False,False
coral,11438_00,logo,False,False,absent,absent,,,False,False
coral,11556_00,collar,False,False,absent,absent,,,False,False
coral,11556_00,lapel,False,False,absent,absent,,,False,False
coral,11556_00,cuff,True,True,present,present,0.5891279578208923,0.4375355839729309,False,False
coral,11556_00,button hole,False,False,absent,absent,,,False,False
coral,11556_00,button,False,False,absent,absent,,,False,False
coral,11556_00,pocket,False,False,absent,absent,,,False,False
coral,11556_00,zipper,False,False,absent,absent,,,False,False
coral,11556_00,sleeve,True,True,present,present,0.5732677578926086,0.49427512288093567,False,False
coral,11556_00,shoulder,True,True,present,present,0.5091204047203064,0.5595331788063049,False,False
coral,11556_00,logo,False,False,absent,absent,,,False,False
coral,11600_00,collar,True,False,present,absent,0.16985556483268738,,True,False
coral,11600_00,lapel,False,False,absent,absent,,,False,False
coral,11600_00,cuff,False,False,absent,absent,,,False,False
coral,11600_00,button hole,False,False,absent,absent,,,False,False
coral,11600_00,button,False,False,absent,absent,,,False,False
coral,11600_00,pocket,False,False,absent,absent,,,False,False
coral,11600_00,zipper,False,False,absent,absent,,,False,False
coral,11600_00,sleeve,False,False,absent,absent,,,False,False
coral,11600_00,shoulder,True,True,present,present,0.18651527166366577,0.17084164917469025,False,False
coral,11600_00,logo,False,False,absent,absent,,,False,False
coral,11709_00,collar,True,True,present,present,0.7489631175994873,0.7489631175994873,False,False
coral,11709_00,lapel,False,False,absent,absent,,,False,False
coral,11709_00,cuff,False,False,absent,absent,,,False,False
coral,11709_00,button hole,False,False,absent,absent,,,False,False
coral,11709_00,button,False,False,absent,absent,,,False,False
coral,11709_00,pocket,False,False,absent,absent,,,False,False
coral,11709_00,zipper,False,False,absent,absent,,,False,False
coral,11709_00,sleeve,True,True,present,present,0.600223183631897,0.6008241176605225,False,False
coral,11709_00,shoulder,True,True,present,present,0.6530400514602661,0.7494447827339172,False,False
coral,11709_00,logo,False,False,absent,absent,,,False,False
coral,11766_00,collar,True,True,present,present,0.19379021227359772,0.232716366648674,False,False
coral,11766_00,lapel,False,False,absent,absent,,,False,False
coral,11766_00,cuff,False,False,absent,absent,,,False,False
coral,11766_00,button hole,False,False,absent,absent,,,False,False
coral,11766_00,button,False,False,absent,absent,,,False,False
coral,11766_00,pocket,False,False,absent,absent,,,False,False
coral,11766_00,zipper,False,False,absent,absent,,,False,False
coral,11766_00,sleeve,True,True,present,present,0.17780405282974243,0.17780405282974243,False,False
coral,11766_00,shoulder,True,True,present,present,0.1738031506538391,0.18830949068069458,False,False
coral,11766_00,logo,False,False,absent,absent,,,False,False
coral,11799_00,collar,True,True,present,present,0.2475815862417221,0.24572999775409698,False,False
coral,11799_00,lapel,False,False,absent,absent,,,False,False
coral,11799_00,cuff,False,False,absent,absent,,,False,False
coral,11799_00,button hole,False,False,absent,absent,,,False,False
coral,11799_00,button,False,False,absent,absent,,,False,False
coral,11799_00,pocket,False,False,absent,absent,,,False,False
coral,11799_00,zipper,False,False,absent,absent,,,False,False
coral,11799_00,sleeve,True,True,present,present,0.6910915374755859,0.8065376281738281,False,False
coral,11799_00,shoulder,True,True,present,present,0.2944040596485138,0.4349394738674164,False,False
coral,11799_00,logo,False,False,absent,absent,,,False,False
coral,11892_00,collar,False,False,absent,absent,,,False,False
coral,11892_00,lapel,False,False,absent,absent,,,False,False
coral,11892_00,cuff,False,False,absent,absent,,,False,False
coral,11892_00,button hole,False,False,absent,absent,,,False,False
coral,11892_00,button,False,False,absent,absent,,,False,False
coral,11892_00,pocket,False,False,absent,absent,,,False,False
coral,11892_00,zipper,False,False,absent,absent,,,False,False
coral,11892_00,sleeve,False,False,absent,absent,,,False,False
coral,11892_00,shoulder,True,True,present,present,0.45402371883392334,0.45402371883392334,False,False
coral,11892_00,logo,False,False,absent,absent,,,False,False
coral,11913_00,collar,False,False,absent,absent,,,False,False
coral,11913_00,lapel,False,False,absent,absent,,,False,False
coral,11913_00,cuff,False,False,absent,absent,,,False,False
coral,11913_00,button hole,False,False,absent,absent,,,False,False
coral,11913_00,button,False,False,absent,absent,,,False,False
coral,11913_00,pocket,False,False,absent,absent,,,False,False
coral,11913_00,zipper,False,False,absent,absent,,,False,False
coral,11913_00,sleeve,False,False,absent,absent,,,False,False
coral,11913_00,shoulder,True,True,present,present,0.38672322034835815,0.3875213861465454,False,False
coral,11913_00,logo,False,False,absent,absent,,,False,False
coral,11985_00,collar,False,False,absent,absent,,,False,False
coral,11985_00,lapel,False,False,absent,absent,,,False,False
coral,11985_00,cuff,False,False,absent,absent,,,False,False
coral,11985_00,button hole,False,False,absent,absent,,,False,False
coral,11985_00,button,False,False,absent,absent,,,False,False
coral,11985_00,pocket,False,False,absent,absent,,,False,False
coral,11985_00,zipper,False,False,absent,absent,,,False,False
coral,11985_00,sleeve,True,True,present,present,0.5747057795524597,0.7299242615699768,False,False
coral,11985_00,shoulder,True,True,present,present,0.6328932642936707,0.5446946620941162,False,False
coral,11985_00,logo,False,False,absent,absent,,,False,False
coral,11993_00,collar,True,True,present,present,0.25486576557159424,0.25486576557159424,False,False
coral,11993_00,lapel,False,False,absent,absent,,,False,False
coral,11993_00,cuff,True,False,present,present,0.2721390426158905,,True,False
coral,11993_00,button hole,False,False,absent,absent,,,False,False
coral,11993_00,button,False,False,absent,absent,,,False,False
coral,11993_00,pocket,False,False,absent,absent,,,False,False
coral,11993_00,zipper,False,False,absent,absent,,,False,False
coral,11993_00,sleeve,True,True,present,present,0.29304230213165283,0.29573845863342285,False,False
coral,11993_00,shoulder,True,True,present,present,0.22441406548023224,0.2638040781021118,False,False
coral,11993_00,logo,False,False,absent,absent,,,False,False
coral,11994_00,collar,True,True,present,present,0.4957808554172516,0.49486175179481506,False,False
coral,11994_00,lapel,False,False,absent,absent,,,False,False
coral,11994_00,cuff,False,True,uncertain,present,,,False,False
coral,11994_00,button hole,False,False,absent,absent,,,False,False
coral,11994_00,button,True,False,present,absent,0.47774621844291687,,True,False
coral,11994_00,pocket,False,False,absent,absent,,,False,False
coral,11994_00,zipper,False,False,absent,absent,,,False,False
coral,11994_00,sleeve,True,True,present,present,0.4556581974029541,0.47804316878318787,False,False
coral,11994_00,shoulder,True,True,present,present,0.4561867415904999,0.4333733320236206,False,False
coral,11994_00,logo,False,False,absent,absent,,,False,False
coral,12362_00,collar,False,True,uncertain,present,,,False,False
coral,12362_00,lapel,False,False,absent,absent,,,False,False
coral,12362_00,cuff,False,True,absent,present,,,False,True
coral,12362_00,button hole,False,False,absent,absent,,,False,False
coral,12362_00,button,False,False,absent,absent,,,False,False
coral,12362_00,pocket,False,False,absent,absent,,,False,False
coral,12362_00,zipper,False,False,absent,absent,,,False,False
coral,12362_00,sleeve,True,True,present,present,0.28311437368392944,0.2831144332885742,False,False
coral,12362_00,shoulder,True,False,present,present,0.2720392644405365,,True,False
coral,12362_00,logo,True,True,present,present,0.29741349816322327,0.2974134683609009,False,False
coral,12365_00,collar,False,False,absent,absent,,,False,False
coral,12365_00,lapel,False,False,absent,absent,,,False,False
coral,12365_00,cuff,False,False,absent,absent,,,False,False
coral,12365_00,button hole,False,False,absent,absent,,,False,False
coral,12365_00,button,False,False,absent,absent,,,False,False
coral,12365_00,pocket,False,False,absent,absent,,,False,False
coral,12365_00,zipper,False,False,absent,absent,,,False,False
coral,12365_00,sleeve,False,False,absent,absent,,,False,False
coral,12365_00,shoulder,True,True,present,present,0.1896769404411316,0.1896769404411316,False,False
coral,12365_00,logo,False,False,absent,absent,,,False,False
coral,12419_00,collar,False,False,absent,absent,,,False,False
coral,12419_00,lapel,False,False,absent,absent,,,False,False
coral,12419_00,cuff,False,False,absent,absent,,,False,False
coral,12419_00,button hole,False,False,absent,absent,,,False,False
coral,12419_00,button,False,False,absent,absent,,,False,False
coral,12419_00,pocket,False,False,absent,absent,,,False,False
coral,12419_00,zipper,False,False,absent,absent,,,False,False
coral,12419_00,sleeve,False,False,absent,absent,,,False,False
coral,12419_00,shoulder,True,True,present,present,0.2872065603733063,0.3227536976337433,False,False
coral,12419_00,logo,False,False,absent,absent,,,False,False
coral,12541_00,collar,False,False,absent,absent,,,False,False
coral,12541_00,lapel,False,False,absent,absent,,,False,False
coral,12541_00,cuff,False,False,absent,absent,,,False,False
coral,12541_00,button hole,False,False,absent,absent,,,False,False
coral,12541_00,button,False,False,absent,absent,,,False,False
coral,12541_00,pocket,False,False,absent,absent,,,False,False
coral,12541_00,zipper,False,False,absent,absent,,,False,False
coral,12541_00,sleeve,False,False,absent,absent,,,False,False
coral,12541_00,shoulder,True,True,present,present,0.29527562856674194,0.29820823669433594,False,False
coral,12541_00,logo,False,False,absent,absent,,,False,False
coral,12572_00,collar,False,False,absent,absent,,,False,False
coral,12572_00,lapel,False,False,absent,absent,,,False,False
coral,12572_00,cuff,False,False,absent,absent,,,False,False
coral,12572_00,button hole,False,False,absent,absent,,,False,False
coral,12572_00,button,False,False,absent,absent,,,False,False
coral,12572_00,pocket,False,False,absent,absent,,,False,False
coral,12572_00,zipper,False,False,absent,absent,,,False,False
coral,12572_00,sleeve,True,True,present,present,0.3804810345172882,0.34700465202331543,False,False
coral,12572_00,shoulder,True,True,present,present,0.6566783785820007,0.6566783785820007,False,False
coral,12572_00,logo,False,False,absent,absent,,,False,False
coral,12651_00,collar,False,False,absent,absent,,,False,False
coral,12651_00,lapel,False,False,absent,absent,,,False,False
coral,12651_00,cuff,True,True,present,present,0.48008501529693604,0.48008501529693604,False,False
coral,12651_00,button hole,False,False,absent,absent,,,False,False
coral,12651_00,button,False,False,absent,absent,,,False,False
coral,12651_00,pocket,False,False,absent,absent,,,False,False
coral,12651_00,zipper,False,False,absent,absent,,,False,False
coral,12651_00,sleeve,True,True,present,present,0.5120258927345276,0.5120258927345276,False,False
coral,12651_00,shoulder,True,True,present,present,0.5849677324295044,0.504356861114502,False,False
coral,12651_00,logo,False,False,absent,absent,,,False,False
coral,12661_00,collar,False,False,absent,absent,,,False,False
coral,12661_00,lapel,False,False,absent,absent,,,False,False
coral,12661_00,cuff,False,False,absent,absent,,,False,False
coral,12661_00,button hole,False,False,absent,absent,,,False,False
coral,12661_00,button,False,False,absent,absent,,,False,False
coral,12661_00,pocket,False,False,absent,absent,,,False,False
coral,12661_00,zipper,False,False,absent,absent,,,False,False
coral,12661_00,sleeve,True,True,present,present,0.39458024501800537,0.41693150997161865,False,False
coral,12661_00,shoulder,True,True,present,present,0.3421841561794281,0.3421841561794281,False,False
coral,12661_00,logo,False,False,absent,absent,,,False,False
coral,12749_00,collar,False,False,absent,absent,,,False,False
coral,12749_00,lapel,False,False,absent,absent,,,False,False
coral,12749_00,cuff,False,False,absent,absent,,,False,False
coral,12749_00,button hole,False,False,absent,absent,,,False,False
coral,12749_00,button,False,False,absent,absent,,,False,False
coral,12749_00,pocket,False,False,absent,absent,,,False,False
coral,12749_00,zipper,False,False,absent,absent,,,False,False
coral,12749_00,sleeve,True,True,present,present,0.3843419849872589,0.5172653794288635,False,False
coral,12749_00,shoulder,True,True,present,present,0.24198436737060547,0.24198436737060547,False,False
coral,12749_00,logo,False,False,absent,uncertain,,,False,False
coral,13126_00,collar,False,False,absent,absent,,,False,False
coral,13126_00,lapel,False,False,absent,absent,,,False,False
coral,13126_00,cuff,False,False,absent,uncertain,,,False,False
coral,13126_00,button hole,False,False,absent,absent,,,False,False
coral,13126_00,button,False,False,absent,absent,,,False,False
coral,13126_00,pocket,False,False,absent,absent,,,False,False
coral,13126_00,zipper,False,False,absent,absent,,,False,False
coral,13126_00,sleeve,True,True,present,present,0.20128174126148224,0.24525217711925507,False,False
coral,13126_00,shoulder,True,True,present,present,0.18701107800006866,0.2624039649963379,False,False
coral,13126_00,logo,False,False,absent,absent,,,False,False
coral,13140_00,collar,False,False,absent,absent,,,False,False
coral,13140_00,lapel,False,False,absent,absent,,,False,False
coral,13140_00,cuff,True,False,present,absent,0.40512967109680176,,True,False
coral,13140_00,button hole,False,False,absent,absent,,,False,False
coral,13140_00,button,False,False,absent,absent,,,False,False
coral,13140_00,pocket,False,False,absent,absent,,,False,False
coral,13140_00,zipper,False,False,absent,absent,,,False,False
coral,13140_00,sleeve,True,True,present,present,0.4451585114002228,0.5374922752380371,False,False
coral,13140_00,shoulder,True,True,present,present,0.3603407144546509,0.5291747450828552,False,False
coral,13140_00,logo,False,False,absent,absent,,,False,False
coral,13172_00,collar,True,True,present,present,0.2260272204875946,0.22430342435836792,False,False
coral,13172_00,lapel,False,False,absent,absent,,,False,False
coral,13172_00,cuff,False,False,absent,absent,,,False,False
coral,13172_00,button hole,False,False,absent,absent,,,False,False
coral,13172_00,button,False,False,absent,absent,,,False,False
coral,13172_00,pocket,False,False,absent,absent,,,False,False
coral,13172_00,zipper,False,False,absent,absent,,,False,False
coral,13172_00,sleeve,True,True,present,present,0.15901009738445282,0.29794901609420776,False,False
coral,13172_00,shoulder,True,True,present,present,0.19008676707744598,0.24730205535888672,False,False
coral,13172_00,logo,True,True,present,present,0.19642379879951477,0.23475979268550873,False,False
coral,13491_00,collar,False,False,absent,absent,,,False,False
coral,13491_00,lapel,False,False,absent,absent,,,False,False
coral,13491_00,cuff,False,False,absent,absent,,,False,False
coral,13491_00,button hole,False,False,absent,absent,,,False,False
coral,13491_00,button,False,False,absent,absent,,,False,False
coral,13491_00,pocket,False,False,absent,absent,,,False,False
coral,13491_00,zipper,False,False,absent,absent,,,False,False
coral,13491_00,sleeve,True,True,present,present,0.20826028287410736,0.18732522428035736,False,False
coral,13491_00,shoulder,True,True,present,present,0.4114409387111664,0.4114409387111664,False,False
coral,13491_00,logo,True,True,present,present,0.4550272822380066,0.4550272822380066,False,False
coral,13517_00,collar,True,True,present,present,0.3997221291065216,0.4733949601650238,False,False
coral,13517_00,lapel,False,False,absent,absent,,,False,False
coral,13517_00,cuff,False,False,absent,absent,,,False,False
coral,13517_00,button hole,False,False,absent,absent,,,False,False
coral,13517_00,button,False,False,absent,absent,,,False,False
coral,13517_00,pocket,False,False,absent,absent,,,False,False
coral,13517_00,zipper,False,False,absent,absent,,,False,False
coral,13517_00,sleeve,False,False,absent,absent,,,False,False
coral,13517_00,shoulder,True,True,present,present,0.437804639339447,0.437804639339447,False,False
coral,13517_00,logo,False,False,absent,absent,,,False,False
coral,13589_00,collar,False,False,absent,absent,,,False,False
coral,13589_00,lapel,False,False,absent,absent,,,False,False
coral,13589_00,cuff,False,False,absent,absent,,,False,False
coral,13589_00,button hole,False,False,absent,absent,,,False,False
coral,13589_00,button,False,False,absent,absent,,,False,False
coral,13589_00,pocket,False,False,absent,absent,,,False,False
coral,13589_00,zipper,False,False,absent,absent,,,False,False
coral,13589_00,sleeve,True,True,present,present,0.29840925335884094,0.29840925335884094,False,False
coral,13589_00,shoulder,True,True,present,present,0.4139503836631775,0.4139503836631775,False,False
coral,13589_00,logo,False,False,absent,absent,,,False,False
coral,13967_00,collar,False,False,absent,absent,,,False,False
coral,13967_00,lapel,False,False,absent,absent,,,False,False
coral,13967_00,cuff,False,True,absent,present,,,False,True
coral,13967_00,button hole,False,False,absent,absent,,,False,False
coral,13967_00,button,False,False,absent,absent,,,False,False
coral,13967_00,pocket,False,False,absent,absent,,,False,False
coral,13967_00,zipper,False,False,absent,absent,,,False,False
coral,13967_00,sleeve,True,True,present,present,0.25632137060165405,0.29796627163887024,False,False
coral,13967_00,shoulder,True,True,present,present,0.30434560775756836,0.3500259220600128,False,False
coral,13967_00,logo,False,False,absent,absent,,,False,False
coral,13988_00,collar,False,False,absent,absent,,,False,False
coral,13988_00,lapel,False,False,absent,absent,,,False,False
coral,13988_00,cuff,False,False,absent,absent,,,False,False
coral,13988_00,button hole,False,False,absent,absent,,,False,False
coral,13988_00,button,False,False,absent,absent,,,False,False
coral,13988_00,pocket,False,False,absent,absent,,,False,False
coral,13988_00,zipper,False,False,absent,absent,,,False,False
coral,13988_00,sleeve,True,True,present,present,0.3340531289577484,0.40721583366394043,False,False
coral,13988_00,shoulder,True,True,present,present,0.3930836617946625,0.3930836617946625,False,False
coral,13988_00,logo,False,False,absent,present,,,False,False
coral,14009_00,collar,True,False,present,absent,0.44909536838531494,,True,False
coral,14009_00,lapel,False,False,absent,absent,,,False,False
coral,14009_00,cuff,False,False,absent,absent,,,False,False
coral,14009_00,button hole,False,False,absent,absent,,,False,False
coral,14009_00,button,False,False,absent,absent,,,False,False
coral,14009_00,pocket,False,False,absent,absent,,,False,False
coral,14009_00,zipper,False,False,absent,absent,,,False,False
coral,14009_00,sleeve,False,False,absent,absent,,,False,False
coral,14009_00,shoulder,True,True,present,present,0.45242026448249817,0.4377146363258362,False,False
coral,14009_00,logo,False,False,absent,absent,,,False,False
coral,14059_00,collar,False,False,absent,absent,,,False,False
coral,14059_00,lapel,False,False,absent,absent,,,False,False
coral,14059_00,cuff,False,False,absent,absent,,,False,False
coral,14059_00,button hole,False,False,absent,absent,,,False,False
coral,14059_00,button,False,False,absent,absent,,,False,False
coral,14059_00,pocket,False,False,absent,absent,,,False,False
coral,14059_00,zipper,False,False,absent,absent,,,False,False
coral,14059_00,sleeve,False,False,absent,absent,,,False,False
coral,14059_00,shoulder,True,True,present,present,0.4023134112358093,0.4023134112358093,False,False
coral,14059_00,logo,False,False,absent,absent,,,False,False
coral,14173_00,collar,False,False,absent,absent,,,False,False
coral,14173_00,lapel,False,False,absent,absent,,,False,False
coral,14173_00,cuff,True,True,present,present,0.6037569642066956,0.7230770587921143,False,False
coral,14173_00,button hole,False,False,absent,absent,,,False,False
coral,14173_00,button,False,False,absent,absent,,,False,False
coral,14173_00,pocket,False,False,absent,absent,,,False,False
coral,14173_00,zipper,False,False,absent,absent,,,False,False
coral,14173_00,sleeve,True,True,present,present,0.6042243242263794,0.6721371412277222,False,False
coral,14173_00,shoulder,True,True,present,present,0.5202543139457703,0.7717591524124146,False,False
coral,14173_00,logo,False,False,absent,absent,,,False,False
coral,14181_00,collar,True,True,present,present,0.22034500539302826,0.22034494578838348,False,False
coral,14181_00,lapel,False,False,absent,absent,,,False,False
coral,14181_00,cuff,True,True,present,present,0.22335806488990784,0.42123037576675415,False,False
coral,14181_00,button hole,False,False,absent,absent,,,False,False
coral,14181_00,button,False,False,absent,absent,,,False,False
coral,14181_00,pocket,False,False,absent,absent,,,False,False
coral,14181_00,zipper,False,False,absent,absent,,,False,False
coral,14181_00,sleeve,True,True,present,present,0.23176456987857819,0.32449790835380554,False,False
coral,14181_00,shoulder,True,False,present,present,0.20362988114356995,,True,False
coral,14181_00,logo,True,True,present,present,0.21817602217197418,0.2711822986602783,False,False
coral,14189_00,collar,False,False,uncertain,absent,,,False,False
coral,14189_00,lapel,False,False,absent,absent,,,False,False
coral,14189_00,cuff,False,False,absent,uncertain,,,False,False
coral,14189_00,button hole,False,False,absent,absent,,,False,False
coral,14189_00,button,False,False,absent,absent,,,False,False
coral,14189_00,pocket,False,False,absent,absent,,,False,False
coral,14189_00,zipper,False,False,absent,absent,,,False,False
coral,14189_00,sleeve,True,True,present,present,0.3542620539665222,0.3542620539665222,False,False
coral,14189_00,shoulder,True,True,present,present,0.4276498854160309,0.4672148525714874,False,False
coral,14189_00,logo,False,False,absent,absent,,,False,False
coral,14471_00,collar,False,True,uncertain,present,,,False,False
coral,14471_00,lapel,False,False,absent,absent,,,False,False
coral,14471_00,cuff,True,True,present,present,0.42864811420440674,0.416890949010849,False,False
coral,14471_00,button hole,False,False,absent,absent,,,False,False
coral,14471_00,button,False,False,absent,absent,,,False,False
coral,14471_00,pocket,False,False,absent,absent,,,False,False
coral,14471_00,zipper,False,False,absent,absent,,,False,False
coral,14471_00,sleeve,True,True,present,present,0.4323699176311493,0.5651664733886719,False,False
coral,14471_00,shoulder,True,True,present,present,0.47273629903793335,0.5451157093048096,False,False
coral,14471_00,logo,False,False,absent,absent,,,False,False
coral,14651_00,collar,True,True,present,present,0.5935737490653992,0.6878305673599243,False,False
coral,14651_00,lapel,False,False,absent,absent,,,False,False
coral,14651_00,cuff,True,False,present,absent,0.456834077835083,,True,False
coral,14651_00,button hole,False,False,absent,absent,,,False,False
coral,14651_00,button,False,False,absent,absent,,,False,False
coral,14651_00,pocket,False,False,absent,absent,,,False,False
coral,14651_00,zipper,False,False,absent,absent,,,False,False
coral,14651_00,sleeve,True,True,present,present,0.5000340342521667,0.5000340938568115,False,False
coral,14651_00,shoulder,True,True,present,present,0.5278506278991699,0.6424814462661743,False,False
coral,14651_00,logo,False,False,uncertain,uncertain,,,False,False
deco,00013_00,collar,True,True,present,present,0.28298506140708923,0.2829850912094116,False,False
deco,00013_00,lapel,False,False,absent,absent,,,False,False
deco,00013_00,cuff,True,True,present,present,0.27711623907089233,0.2555549144744873,False,False
deco,00013_00,button hole,False,False,absent,absent,,,False,False
deco,00013_00,button,False,False,absent,absent,,,False,False
deco,00013_00,pocket,False,False,absent,absent,,,False,False
deco,00013_00,zipper,False,False,absent,absent,,,False,False
deco,00013_00,sleeve,True,True,present,present,0.268474817276001,0.3591257929801941,False,False
deco,00013_00,shoulder,True,True,present,present,0.27545759081840515,0.2754577398300171,False,False
deco,00013_00,logo,True,False,present,uncertain,0.42809614539146423,,True,False
deco,00272_00,collar,False,False,absent,absent,,,False,False
deco,00272_00,lapel,False,False,absent,absent,,,False,False
deco,00272_00,cuff,False,False,absent,absent,,,False,False
deco,00272_00,button hole,False,False,absent,absent,,,False,False
deco,00272_00,button,False,False,absent,absent,,,False,False
deco,00272_00,pocket,False,False,absent,absent,,,False,False
deco,00272_00,zipper,False,False,absent,absent,,,False,False
deco,00272_00,sleeve,False,False,absent,absent,,,False,False
deco,00272_00,shoulder,True,True,present,present,0.34219732880592346,0.4132257401943207,False,False
deco,00272_00,logo,False,False,absent,absent,,,False,False
deco,00401_00,collar,True,True,present,present,0.5074499249458313,0.5074499249458313,False,False
deco,00401_00,lapel,False,False,absent,absent,,,False,False
deco,00401_00,cuff,True,True,present,present,0.3045710027217865,0.30457109212875366,False,False
deco,00401_00,button hole,False,False,absent,absent,,,False,False
deco,00401_00,button,False,False,absent,absent,,,False,False
deco,00401_00,pocket,False,False,absent,absent,,,False,False
deco,00401_00,zipper,False,False,absent,absent,,,False,False
deco,00401_00,sleeve,True,True,present,present,0.34564805030822754,0.34564799070358276,False,False
deco,00401_00,shoulder,False,True,present,present,,,False,False
deco,00401_00,logo,False,False,absent,absent,,,False,False
deco,00494_00,collar,False,True,uncertain,present,,,False,False
deco,00494_00,lapel,False,False,absent,absent,,,False,False
deco,00494_00,cuff,True,True,present,present,0.34380245208740234,0.34380245208740234,False,False
deco,00494_00,button hole,False,False,absent,absent,,,False,False
deco,00494_00,button,False,False,absent,absent,,,False,False
deco,00494_00,pocket,False,False,absent,absent,,,False,False
deco,00494_00,zipper,False,False,absent,absent,,,False,False
deco,00494_00,sleeve,True,True,present,present,0.40017709136009216,0.44390666484832764,False,False
deco,00494_00,shoulder,False,False,present,present,,,False,False
deco,00494_00,logo,True,True,present,present,0.5401383638381958,0.6069138050079346,False,False
deco,00698_00,collar,False,False,absent,absent,,,False,False
deco,00698_00,lapel,False,False,absent,absent,,,False,False
deco,00698_00,cuff,False,False,absent,absent,,,False,False
deco,00698_00,button hole,False,False,absent,absent,,,False,False
deco,00698_00,button,False,False,present,absent,,,False,False
deco,00698_00,pocket,False,False,absent,absent,,,False,False
deco,00698_00,zipper,False,False,absent,absent,,,False,False
deco,00698_00,sleeve,True,True,present,present,0.3338630497455597,0.3892626166343689,False,False
deco,00698_00,shoulder,True,True,present,present,0.3376602828502655,0.37857601046562195,False,False
deco,00698_00,logo,False,False,absent,absent,,,False,False
deco,00827_00,collar,False,False,absent,absent,,,False,False
deco,00827_00,lapel,False,False,absent,absent,,,False,False
deco,00827_00,cuff,False,False,absent,absent,,,False,False
deco,00827_00,button hole,False,False,absent,absent,,,False,False
deco,00827_00,button,False,False,absent,absent,,,False,False
deco,00827_00,pocket,False,False,absent,absent,,,False,False
deco,00827_00,zipper,False,False,absent,absent,,,False,False
deco,00827_00,sleeve,False,False,absent,absent,,,False,False
deco,00827_00,shoulder,True,True,present,present,0.5199286937713623,0.5367015600204468,False,False
deco,00827_00,logo,False,False,absent,absent,,,False,False
deco,01026_00,collar,True,True,present,present,0.36804383993148804,0.35358676314353943,False,False
deco,01026_00,lapel,False,False,absent,absent,,,False,False
deco,01026_00,cuff,True,True,present,present,0.3837994933128357,0.5882748961448669,False,False
deco,01026_00,button hole,False,False,absent,absent,,,False,False
deco,01026_00,button,False,False,absent,absent,,,False,False
deco,01026_00,pocket,False,False,absent,absent,,,False,False
deco,01026_00,zipper,False,False,absent,absent,,,False,False
deco,01026_00,sleeve,True,True,present,present,0.3967375159263611,0.37488099932670593,False,False
deco,01026_00,shoulder,True,True,present,present,0.372518926858902,0.5690708756446838,False,False
deco,01026_00,logo,False,False,uncertain,absent,,,False,False
deco,01046_00,collar,False,False,absent,absent,,,False,False
deco,01046_00,lapel,False,False,absent,absent,,,False,False
deco,01046_00,cuff,True,True,present,present,0.3604520261287689,0.3846501111984253,False,False
deco,01046_00,button hole,False,False,absent,absent,,,False,False
deco,01046_00,button,True,True,present,present,0.43224096298217773,0.43224096298217773,False,False
deco,01046_00,pocket,False,False,absent,absent,,,False,False
deco,01046_00,zipper,False,False,absent,absent,,,False,False
deco,01046_00,sleeve,True,True,present,present,0.3213173449039459,0.3121984899044037,False,False
deco,01046_00,shoulder,False,False,present,present,,,False,False
deco,01046_00,logo,False,False,absent,absent,,,False,False
deco,01090_00,collar,True,True,present,present,0.5331093072891235,0.5331093072891235,False,False
deco,01090_00,lapel,False,False,absent,absent,,,False,False
deco,01090_00,cuff,True,True,present,present,0.33096587657928467,0.33096587657928467,False,False
deco,01090_00,button hole,False,False,absent,absent,,,False,False
deco,01090_00,button,False,False,absent,absent,,,False,False
deco,01090_00,pocket,False,False,absent,absent,,,False,False
deco,01090_00,zipper,False,False,absent,absent,,,False,False
deco,01090_00,sleeve,True,True,present,present,0.44651708006858826,0.4573318064212799,False,False
deco,01090_00,shoulder,True,True,present,present,0.5188438892364502,0.49315309524536133,False,False
deco,01090_00,logo,False,False,absent,absent,,,False,False
deco,01386_00,collar,True,True,present,present,0.4648597538471222,0.4648597538471222,False,False
deco,01386_00,lapel,False,False,absent,absent,,,False,False
deco,01386_00,cuff,False,True,absent,present,,,False,True
deco,01386_00,button hole,False,False,absent,absent,,,False,False
deco,01386_00,button,False,False,absent,absent,,,False,False
deco,01386_00,pocket,False,False,absent,absent,,,False,False
deco,01386_00,zipper,False,False,absent,absent,,,False,False
deco,01386_00,sleeve,True,True,present,present,0.2955681383609772,0.2955681383609772,False,False
deco,01386_00,shoulder,True,True,present,present,0.4639089107513428,0.5032215714454651,False,False
deco,01386_00,logo,False,False,absent,absent,,,False,False
deco,01503_00,collar,False,False,uncertain,uncertain,,,False,False
deco,01503_00,lapel,False,False,absent,absent,,,False,False
deco,01503_00,cuff,False,False,uncertain,absent,,,False,False
deco,01503_00,button hole,False,False,absent,absent,,,False,False
deco,01503_00,button,False,False,absent,absent,,,False,False
deco,01503_00,pocket,False,False,absent,absent,,,False,False
deco,01503_00,zipper,False,False,absent,absent,,,False,False
deco,01503_00,sleeve,True,True,present,present,0.29148826003074646,0.3826349079608917,False,False
deco,01503_00,shoulder,True,True,present,present,0.355486124753952,0.35553285479545593,False,False
deco,01503_00,logo,False,False,absent,absent,,,False,False
deco,01767_00,collar,False,False,absent,absent,,,False,False
deco,01767_00,lapel,False,False,absent,absent,,,False,False
deco,01767_00,cuff,False,False,absent,absent,,,False,False
deco,01767_00,button hole,False,False,absent,absent,,,False,False
deco,01767_00,button,True,False,present,absent,0.37330853939056396,,True,False
deco,01767_00,pocket,False,False,absent,absent,,,False,False
deco,01767_00,zipper,False,False,absent,absent,,,False,False
deco,01767_00,sleeve,True,True,present,present,0.36661967635154724,0.39520731568336487,False,False
deco,01767_00,shoulder,True,True,present,present,0.34596917033195496,0.3357850909233093,False,False
deco,01767_00,logo,False,False,present,present,,,False,False
deco,01801_00,collar,False,False,absent,absent,,,False,False
deco,01801_00,lapel,False,False,absent,absent,,,False,False
deco,01801_00,cuff,False,False,absent,absent,,,False,False
deco,01801_00,button hole,False,False,absent,absent,,,False,False
deco,01801_00,button,False,False,absent,absent,,,False,False
deco,01801_00,pocket,False,False,absent,absent,,,False,False
deco,01801_00,zipper,False,False,absent,absent,,,False,False
deco,01801_00,sleeve,False,False,absent,absent,,,False,False
deco,01801_00,shoulder,True,True,present,present,0.286357581615448,0.620089590549469,False,False
deco,01801_00,logo,False,False,absent,absent,,,False,False
deco,01827_00,collar,True,False,present,uncertain,0.2445487231016159,,True,False
deco,01827_00,lapel,False,False,absent,absent,,,False,False
deco,01827_00,cuff,False,True,absent,present,,,False,True
deco,01827_00,button hole,False,False,absent,absent,,,False,False
deco,01827_00,button,False,False,absent,absent,,,False,False
deco,01827_00,pocket,True,True,present,present,0.233928382396698,0.23392830789089203,False,False
deco,01827_00,zipper,False,False,absent,absent,,,False,False
deco,01827_00,sleeve,True,True,present,present,0.272039532661438,0.27203965187072754,False,False
deco,01827_00,shoulder,True,False,present,present,0.20761007070541382,,True,False
deco,01827_00,logo,False,False,absent,absent,,,False,False
deco,01832_00,collar,True,True,present,present,0.12119366973638535,0.13545314967632294,False,False
deco,01832_00,lapel,False,False,absent,absent,,,False,False
deco,01832_00,cuff,False,False,absent,absent,,,False,False
deco,01832_00,button hole,False,False,absent,absent,,,False,False
deco,01832_00,button,False,False,absent,absent,,,False,False
deco,01832_00,pocket,False,False,absent,absent,,,False,False
deco,01832_00,zipper,False,False,absent,absent,,,False,False
deco,01832_00,sleeve,True,True,present,present,0.19841724634170532,0.4616124629974365,False,False
deco,01832_00,shoulder,True,True,present,present,0.21816852688789368,0.21816852688789368,False,False
deco,01832_00,logo,False,False,absent,absent,,,False,False
deco,01877_00,collar,True,False,present,absent,0.3775363266468048,,True,False
deco,01877_00,lapel,False,False,absent,absent,,,False,False
deco,01877_00,cuff,False,False,absent,absent,,,False,False
deco,01877_00,button hole,False,False,absent,absent,,,False,False
deco,01877_00,button,False,False,absent,absent,,,False,False
deco,01877_00,pocket,False,False,absent,absent,,,False,False
deco,01877_00,zipper,False,False,absent,absent,,,False,False
deco,01877_00,sleeve,True,True,present,present,0.31288281083106995,0.3806953728199005,False,False
deco,01877_00,shoulder,True,True,present,present,0.3250969350337982,0.3105665445327759,False,False
deco,01877_00,logo,False,False,present,present,,,False,False
deco,01900_00,collar,False,False,absent,absent,,,False,False
deco,01900_00,lapel,False,False,absent,absent,,,False,False
deco,01900_00,cuff,True,True,present,present,0.40377169847488403,0.42522960901260376,False,False
deco,01900_00,button hole,False,False,absent,absent,,,False,False
deco,01900_00,button,False,False,absent,absent,,,False,False
deco,01900_00,pocket,False,False,absent,absent,,,False,False
deco,01900_00,zipper,False,False,absent,absent,,,False,False
deco,01900_00,sleeve,True,True,present,present,0.48927968740463257,0.4987700581550598,False,False
deco,01900_00,shoulder,True,True,present,present,0.45820751786231995,0.5521692037582397,False,False
deco,01900_00,logo,False,False,absent,absent,,,False,False
deco,01917_00,collar,True,True,present,present,0.3426077663898468,0.3426077663898468,False,False
deco,01917_00,lapel,False,False,absent,absent,,,False,False
deco,01917_00,cuff,False,False,absent,absent,,,False,False
deco,01917_00,button hole,False,False,absent,absent,,,False,False
deco,01917_00,button,False,False,absent,absent,,,False,False
deco,01917_00,pocket,False,False,absent,absent,,,False,False
deco,01917_00,zipper,False,False,absent,absent,,,False,False
deco,01917_00,sleeve,True,True,present,present,0.27124831080436707,0.32468584179878235,False,False
deco,01917_00,shoulder,True,True,present,present,0.37470343708992004,0.37470343708992004,False,False
deco,01917_00,logo,False,False,absent,absent,,,False,False
deco,01994_00,collar,False,False,absent,absent,,,False,False
deco,01994_00,lapel,False,False,absent,absent,,,False,False
deco,01994_00,cuff,False,False,absent,absent,,,False,False
deco,01994_00,button hole,False,False,absent,absent,,,False,False
deco,01994_00,button,False,False,absent,absent,,,False,False
deco,01994_00,pocket,False,False,absent,absent,,,False,False
deco,01994_00,zipper,False,False,absent,absent,,,False,False
deco,01994_00,sleeve,True,True,present,present,0.20665223896503448,0.21626554429531097,False,False
deco,01994_00,shoulder,True,True,present,present,0.17463381588459015,0.211475670337677,False,False
deco,01994_00,logo,False,False,absent,absent,,,False,False
deco,02180_00,collar,True,True,present,present,0.39634209871292114,0.3963421583175659,False,False
deco,02180_00,lapel,False,False,absent,absent,,,False,False
deco,02180_00,cuff,False,False,uncertain,uncertain,,,False,False
deco,02180_00,button hole,False,False,absent,absent,,,False,False
deco,02180_00,button,False,True,absent,present,,,False,True
deco,02180_00,pocket,False,False,absent,absent,,,False,False
deco,02180_00,zipper,False,False,absent,absent,,,False,False
deco,02180_00,sleeve,True,True,present,present,0.34650754928588867,0.381818950176239,False,False
deco,02180_00,shoulder,True,True,present,present,0.33881884813308716,0.4631372392177582,False,False
deco,02180_00,logo,True,True,present,present,0.28824031352996826,0.2882402837276459,False,False
deco,02253_00,collar,False,False,uncertain,absent,,,False,False
deco,02253_00,lapel,False,False,absent,absent,,,False,False
deco,02253_00,cuff,True,False,present,absent,0.5383191108703613,,True,False
deco,02253_00,button hole,False,False,absent,absent,,,False,False
deco,02253_00,button,False,False,absent,absent,,,False,False
deco,02253_00,pocket,False,False,absent,absent,,,False,False
deco,02253_00,zipper,False,False,absent,absent,,,False,False
deco,02253_00,sleeve,True,True,present,present,0.5185792446136475,0.5843952298164368,False,False
deco,02253_00,shoulder,True,True,present,present,0.561402440071106,0.5942144989967346,False,False
deco,02253_00,logo,False,False,absent,absent,,,False,False
deco,02327_00,collar,True,False,present,absent,0.513115644454956,,True,False
deco,02327_00,lapel,False,False,absent,absent,,,False,False
deco,02327_00,cuff,False,False,absent,absent,,,False,False
deco,02327_00,button hole,False,False,absent,absent,,,False,False
deco,02327_00,button,False,False,absent,absent,,,False,False
deco,02327_00,pocket,False,False,absent,absent,,,False,False
deco,02327_00,zipper,False,False,absent,absent,,,False,False
deco,02327_00,sleeve,False,True,present,present,,,False,False
deco,02327_00,shoulder,True,True,present,present,0.45364999771118164,0.5954422950744629,False,False
deco,02327_00,logo,False,False,absent,absent,,,False,False
deco,02336_00,collar,False,False,absent,absent,,,False,False
deco,02336_00,lapel,False,False,absent,absent,,,False,False
deco,02336_00,cuff,False,False,absent,absent,,,False,False
deco,02336_00,button hole,False,False,absent,absent,,,False,False
deco,02336_00,button,False,False,absent,absent,,,False,False
deco,02336_00,pocket,False,False,absent,absent,,,False,False
deco,02336_00,zipper,False,False,absent,absent,,,False,False
deco,02336_00,sleeve,False,False,absent,absent,,,False,False
deco,02336_00,shoulder,True,True,present,present,0.5307554602622986,0.5307554602622986,False,False
deco,02336_00,logo,False,False,absent,absent,,,False,False
deco,02372_00,collar,False,False,absent,absent,,,False,False
deco,02372_00,lapel,False,False,absent,absent,,,False,False
deco,02372_00,cuff,False,False,absent,absent,,,False,False
deco,02372_00,button hole,False,False,absent,absent,,,False,False
deco,02372_00,button,False,False,absent,absent,,,False,False
deco,02372_00,pocket,False,False,absent,absent,,,False,False
deco,02372_00,zipper,False,False,absent,absent,,,False,False
deco,02372_00,sleeve,False,False,absent,absent,,,False,False
deco,02372_00,shoulder,True,True,present,present,0.2815874218940735,0.2952507436275482,False,False
deco,02372_00,logo,False,False,absent,absent,,,False,False
deco,02388_00,collar,True,True,present,present,0.3785603642463684,0.3929310142993927,False,False
deco,02388_00,lapel,False,False,absent,absent,,,False,False
deco,02388_00,cuff,False,False,absent,absent,,,False,False
deco,02388_00,button hole,False,False,absent,absent,,,False,False
deco,02388_00,button,False,False,absent,absent,,,False,False
deco,02388_00,pocket,False,False,absent,absent,,,False,False
deco,02388_00,zipper,False,False,absent,absent,,,False,False
deco,02388_00,sleeve,True,True,present,present,0.41692155599594116,0.6063486337661743,False,False
deco,02388_00,shoulder,True,True,present,present,0.3550003170967102,0.41902628540992737,False,False
deco,02388_00,logo,False,False,absent,absent,,,False,False
deco,02400_00,collar,False,False,absent,absent,,,False,False
deco,02400_00,lapel,False,False,absent,absent,,,False,False
deco,02400_00,cuff,False,False,absent,absent,,,False,False
deco,02400_00,button hole,False,False,absent,absent,,,False,False
deco,02400_00,button,False,False,absent,absent,,,False,False
deco,02400_00,pocket,False,False,absent,absent,,,False,False
deco,02400_00,zipper,False,False,absent,absent,,,False,False
deco,02400_00,sleeve,True,True,present,present,0.3447759449481964,0.5111901760101318,False,False
deco,02400_00,shoulder,True,True,present,present,0.4390270709991455,0.5638165473937988,False,False
deco,02400_00,logo,False,False,absent,absent,,,False,False
deco,02457_00,collar,False,False,absent,absent,,,False,False
deco,02457_00,lapel,False,False,absent,absent,,,False,False
deco,02457_00,cuff,False,False,absent,absent,,,False,False
deco,02457_00,button hole,False,False,absent,absent,,,False,False
deco,02457_00,button,False,False,absent,absent,,,False,False
deco,02457_00,pocket,False,False,absent,absent,,,False,False
deco,02457_00,zipper,False,False,absent,absent,,,False,False
deco,02457_00,sleeve,True,True,present,present,0.3066951632499695,0.3735889792442322,False,False
deco,02457_00,shoulder,True,True,present,present,0.30264633893966675,0.48959994316101074,False,False
deco,02457_00,logo,False,False,absent,absent,,,False,False
deco,02743_00,collar,True,True,present,present,0.31892749667167664,0.3672146797180176,False,False
deco,02743_00,lapel,False,False,absent,absent,,,False,False
deco,02743_00,cuff,True,True,present,present,0.2559410333633423,0.303119421005249,False,False
deco,02743_00,button hole,False,False,absent,absent,,,False,False
deco,02743_00,button,False,False,absent,absent,,,False,False
deco,02743_00,pocket,False,False,absent,absent,,,False,False
deco,02743_00,zipper,False,False,absent,absent,,,False,False
deco,02743_00,sleeve,True,True,present,present,0.24858525395393372,0.27758896350860596,False,False
deco,02743_00,shoulder,True,True,present,present,0.25793200731277466,0.25279656052589417,False,False
deco,02743_00,logo,True,True,present,present,0.19243142008781433,0.30942004919052124,False,False
deco,02810_00,collar,False,False,absent,absent,,,False,False
deco,02810_00,lapel,False,False,absent,absent,,,False,False
deco,02810_00,cuff,False,False,absent,absent,,,False,False
deco,02810_00,button hole,False,False,absent,absent,,,False,False
deco,02810_00,button,False,False,absent,absent,,,False,False
deco,02810_00,pocket,True,True,present,present,0.39179474115371704,0.39179474115371704,False,False
deco,02810_00,zipper,False,False,absent,absent,,,False,False
deco,02810_00,sleeve,True,True,present,present,0.24584336578845978,0.29393109679222107,False,False
deco,02810_00,shoulder,True,True,present,present,0.54359370470047,0.5157507061958313,False,False
deco,02810_00,logo,False,False,absent,absent,,,False,False
deco,02871_00,collar,True,True,present,present,0.29953664541244507,0.41677987575531006,False,False
deco,02871_00,lapel,False,False,absent,absent,,,False,False
deco,02871_00,cuff,False,False,uncertain,absent,,,False,False
deco,02871_00,button hole,False,False,absent,absent,,,False,False
deco,02871_00,button,False,False,absent,absent,,,False,False
deco,02871_00,pocket,False,False,absent,absent,,,False,False
deco,02871_00,zipper,False,False,absent,absent,,,False,False
deco,02871_00,sleeve,True,True,present,present,0.32737860083580017,0.32737863063812256,False,False
deco,02871_00,shoulder,True,False,present,present,0.3573751449584961,,True,False
deco,02871_00,logo,True,True,present,present,0.35076987743377686,0.35076993703842163,False,False
deco,03013_00,collar,True,True,present,present,0.2950306236743927,0.31903183460235596,False,False
deco,03013_00,lapel,False,False,absent,absent,,,False,False
deco,03013_00,cuff,False,False,absent,absent,,,False,False
deco,03013_00,button hole,False,False,absent,absent,,,False,False
deco,03013_00,button,False,False,absent,absent,,,False,False
deco,03013_00,pocket,False,False,absent,absent,,,False,False
deco,03013_00,zipper,False,False,absent,absent,,,False,False
deco,03013_00,sleeve,True,True,present,present,0.37306731939315796,0.37110066413879395,False,False
deco,03013_00,shoulder,True,True,present,present,0.3366040885448456,0.35066646337509155,False,False
deco,03013_00,logo,False,False,absent,absent,,,False,False
deco,03191_00,collar,False,False,absent,absent,,,False,False
deco,03191_00,lapel,False,False,absent,absent,,,False,False
deco,03191_00,cuff,False,False,uncertain,uncertain,,,False,False
deco,03191_00,button hole,False,False,absent,absent,,,False,False
deco,03191_00,button,False,False,absent,absent,,,False,False
deco,03191_00,pocket,False,False,absent,absent,,,False,False
deco,03191_00,zipper,False,False,absent,absent,,,False,False
deco,03191_00,sleeve,True,True,present,present,0.29109668731689453,0.2902323007583618,False,False
deco,03191_00,shoulder,True,True,present,present,0.20296448469161987,0.2145279198884964,False,False
deco,03191_00,logo,False,False,absent,absent,,,False,False
deco,03608_00,collar,True,True,present,present,0.2814731299877167,0.2814731299877167,False,False
deco,03608_00,lapel,False,False,absent,absent,,,False,False
deco,03608_00,cuff,True,True,present,present,0.2444993555545807,0.24074393510818481,False,False
deco,03608_00,button hole,False,False,absent,absent,,,False,False
deco,03608_00,button,False,False,absent,absent,,,False,False
deco,03608_00,pocket,False,False,absent,absent,,,False,False
deco,03608_00,zipper,False,False,absent,absent,,,False,False
deco,03608_00,sleeve,True,True,present,present,0.30062034726142883,0.40629321336746216,False,False
deco,03608_00,shoulder,True,True,present,present,0.34408003091812134,0.3325226604938507,False,False
deco,03608_00,logo,False,False,absent,absent,,,False,False
deco,03935_00,collar,True,False,present,absent,0.42833468317985535,,True,False
deco,03935_00,lapel,False,False,absent,absent,,,False,False
deco,03935_00,cuff,True,True,present,present,0.34194493293762207,0.4806543290615082,False,False
deco,03935_00,button hole,False,False,absent,absent,,,False,False
deco,03935_00,button,False,False,absent,absent,,,False,False
deco,03935_00,pocket,False,False,absent,absent,,,False,False
deco,03935_00,zipper,False,False,absent,absent,,,False,False
deco,03935_00,sleeve,True,True,present,present,0.3123168647289276,0.44587427377700806,False,False
deco,03935_00,shoulder,True,True,present,present,0.4108494818210602,0.434243381023407,False,False
deco,03935_00,logo,False,False,absent,absent,,,False,False
deco,03950_00,collar,False,False,absent,absent,,,False,False
deco,03950_00,lapel,False,False,absent,absent,,,False,False
deco,03950_00,cuff,False,True,absent,present,,,False,True
deco,03950_00,button hole,False,False,absent,absent,,,False,False
deco,03950_00,button,False,False,absent,absent,,,False,False
deco,03950_00,pocket,False,False,absent,absent,,,False,False
deco,03950_00,zipper,False,False,absent,absent,,,False,False
deco,03950_00,sleeve,True,True,present,present,0.47828561067581177,0.4782855808734894,False,False
deco,03950_00,shoulder,True,True,present,present,0.5204180479049683,0.5441432595252991,False,False
deco,03950_00,logo,False,False,absent,absent,,,False,False
deco,03991_00,collar,True,True,present,present,0.4303881525993347,0.4266136586666107,False,False
deco,03991_00,lapel,False,False,absent,absent,,,False,False
deco,03991_00,cuff,False,False,absent,absent,,,False,False
deco,03991_00,button hole,False,False,absent,absent,,,False,False
deco,03991_00,button,False,False,absent,absent,,,False,False
deco,03991_00,pocket,False,False,absent,absent,,,False,False
deco,03991_00,zipper,False,False,absent,absent,,,False,False
deco,03991_00,sleeve,False,False,absent,absent,,,False,False
deco,03991_00,shoulder,True,True,present,present,0.3073057234287262,0.40674230456352234,False,False
deco,03991_00,logo,False,False,absent,absent,,,False,False
deco,04430_00,collar,True,True,present,present,0.2819271683692932,0.2819271683692932,False,False
deco,04430_00,lapel,False,False,absent,absent,,,False,False
deco,04430_00,cuff,False,True,absent,present,,,False,True
deco,04430_00,button hole,False,False,absent,absent,,,False,False
deco,04430_00,button,False,False,absent,absent,,,False,False
deco,04430_00,pocket,False,False,absent,absent,,,False,False
deco,04430_00,zipper,False,False,absent,absent,,,False,False
deco,04430_00,sleeve,True,True,present,present,0.3390991687774658,0.32370200753211975,False,False
deco,04430_00,shoulder,True,True,present,present,0.3555808961391449,0.46375757455825806,False,False
deco,04430_00,logo,False,False,absent,absent,,,False,False
deco,04562_00,collar,True,True,present,present,0.5726235508918762,0.5726235508918762,False,False
deco,04562_00,lapel,False,False,absent,absent,,,False,False
deco,04562_00,cuff,False,False,absent,absent,,,False,False
deco,04562_00,button hole,False,False,absent,absent,,,False,False
deco,04562_00,button,False,False,absent,absent,,,False,False
deco,04562_00,pocket,False,False,absent,absent,,,False,False
deco,04562_00,zipper,False,False,absent,absent,,,False,False
deco,04562_00,sleeve,True,True,present,present,0.4277900159358978,0.42971596121788025,False,False
deco,04562_00,shoulder,True,True,present,present,0.4878046214580536,0.5578640699386597,False,False
deco,04562_00,logo,False,False,absent,absent,,,False,False
deco,04652_00,collar,False,False,absent,absent,,,False,False
deco,04652_00,lapel,False,False,absent,absent,,,False,False
deco,04652_00,cuff,False,False,absent,absent,,,False,False
deco,04652_00,button hole,False,False,absent,absent,,,False,False
deco,04652_00,button,False,False,absent,absent,,,False,False
deco,04652_00,pocket,False,False,absent,absent,,,False,False
deco,04652_00,zipper,False,False,absent,absent,,,False,False
deco,04652_00,sleeve,True,True,present,present,0.42310571670532227,0.39631137251853943,False,False
deco,04652_00,shoulder,True,True,present,present,0.5219168066978455,0.5484676957130432,False,False
deco,04652_00,logo,False,False,absent,absent,,,False,False
deco,04680_00,collar,False,False,uncertain,uncertain,,,False,False
deco,04680_00,lapel,False,False,absent,absent,,,False,False
deco,04680_00,cuff,False,False,absent,absent,,,False,False
deco,04680_00,button hole,False,False,absent,absent,,,False,False
deco,04680_00,button,True,True,present,present,0.3444574475288391,0.3444574475288391,False,False
deco,04680_00,pocket,False,False,absent,absent,,,False,False
deco,04680_00,zipper,False,False,absent,absent,,,False,False
deco,04680_00,sleeve,False,False,absent,absent,,,False,False
deco,04680_00,shoulder,True,True,present,present,0.2768160402774811,0.2691962420940399,False,False
deco,04680_00,logo,False,False,absent,absent,,,False,False
deco,04699_00,collar,False,False,absent,uncertain,,,False,False
deco,04699_00,lapel,False,False,absent,absent,,,False,False
deco,04699_00,cuff,False,True,uncertain,present,,,False,False
deco,04699_00,button hole,False,False,absent,absent,,,False,False
deco,04699_00,button,False,False,absent,absent,,,False,False
deco,04699_00,pocket,False,False,absent,absent,,,False,False
deco,04699_00,zipper,False,False,absent,absent,,,False,False
deco,04699_00,sleeve,True,True,present,present,0.3050119876861572,0.32520973682403564,False,False
deco,04699_00,shoulder,True,True,present,present,0.23049946129322052,0.26527056097984314,False,False
deco,04699_00,logo,False,False,absent,absent,,,False,False
deco,04847_00,collar,True,True,present,present,0.6430315375328064,0.7799267768859863,False,False
deco,04847_00,lapel,False,False,absent,absent,,,False,False
deco,04847_00,cuff,False,False,absent,absent,,,False,False
deco,04847_00,button hole,False,False,absent,absent,,,False,False
deco,04847_00,button,False,False,absent,absent,,,False,False
deco,04847_00,pocket,False,False,absent,absent,,,False,False
deco,04847_00,zipper,False,False,absent,absent,,,False,False
deco,04847_00,sleeve,True,True,present,present,0.5534985065460205,0.700110912322998,False,False
deco,04847_00,shoulder,False,False,present,present,,,False,False
deco,04847_00,logo,True,False,present,present,0.7803881168365479,,True,False
deco,04893_00,collar,False,False,absent,absent,,,False,False
deco,04893_00,lapel,False,False,absent,absent,,,False,False
deco,04893_00,cuff,False,False,absent,absent,,,False,False
deco,04893_00,button hole,False,False,absent,absent,,,False,False
deco,04893_00,button,False,False,absent,absent,,,False,False
deco,04893_00,pocket,False,False,absent,absent,,,False,False
deco,04893_00,zipper,False,False,absent,absent,,,False,False
deco,04893_00,sleeve,True,True,present,present,0.2840310335159302,0.2840310335159302,False,False
deco,04893_00,shoulder,True,True,present,present,0.3080064654350281,0.3690595328807831,False,False
deco,04893_00,logo,False,False,absent,absent,,,False,False
deco,04944_00,collar,True,True,present,present,0.6544715166091919,0.6865519285202026,False,False
deco,04944_00,lapel,False,False,absent,absent,,,False,False
deco,04944_00,cuff,False,False,absent,absent,,,False,False
deco,04944_00,button hole,False,False,absent,absent,,,False,False
deco,04944_00,button,False,False,absent,absent,,,False,False
deco,04944_00,pocket,False,False,absent,absent,,,False,False
deco,04944_00,zipper,False,False,absent,absent,,,False,False
deco,04944_00,sleeve,True,True,present,present,0.3588998317718506,0.44014331698417664,False,False
deco,04944_00,shoulder,True,True,present,present,0.5699080228805542,0.5869820713996887,False,False
deco,04944_00,logo,False,False,absent,absent,,,False,False
deco,05156_00,collar,True,True,present,present,0.4102211892604828,0.4102211892604828,False,False
deco,05156_00,lapel,False,False,absent,absent,,,False,False
deco,05156_00,cuff,True,True,present,present,0.23515982925891876,0.23515982925891876,False,False
deco,05156_00,button hole,False,False,absent,absent,,,False,False
deco,05156_00,button,False,False,absent,absent,,,False,False
deco,05156_00,pocket,False,False,absent,absent,,,False,False
deco,05156_00,zipper,False,False,absent,absent,,,False,False
deco,05156_00,sleeve,True,True,present,present,0.28365999460220337,0.28365999460220337,False,False
deco,05156_00,shoulder,True,True,present,present,0.33555588126182556,0.33555588126182556,False,False
deco,05156_00,logo,False,False,absent,absent,,,False,False
deco,05329_00,collar,False,False,absent,absent,,,False,False
deco,05329_00,lapel,False,False,absent,absent,,,False,False
deco,05329_00,cuff,False,False,absent,absent,,,False,False
deco,05329_00,button hole,False,False,absent,absent,,,False,False
deco,05329_00,button,False,False,absent,absent,,,False,False
deco,05329_00,pocket,False,False,absent,absent,,,False,False
deco,05329_00,zipper,False,False,absent,absent,,,False,False
deco,05329_00,sleeve,True,True,present,present,0.34719300270080566,0.321272611618042,False,False
deco,05329_00,shoulder,True,True,present,present,0.3110753893852234,0.31965216994285583,False,False
deco,05329_00,logo,False,False,absent,absent,,,False,False
deco,05544_00,collar,True,True,present,present,0.33877721428871155,0.3607463836669922,False,False
deco,05544_00,lapel,False,False,absent,absent,,,False,False
deco,05544_00,cuff,False,False,absent,absent,,,False,False
deco,05544_00,button hole,False,False,absent,absent,,,False,False
deco,05544_00,button,False,False,absent,absent,,,False,False
deco,05544_00,pocket,False,False,absent,absent,,,False,False
deco,05544_00,zipper,False,False,absent,absent,,,False,False
deco,05544_00,sleeve,False,False,absent,absent,,,False,False
deco,05544_00,shoulder,False,False,uncertain,absent,,,False,False
deco,05544_00,logo,False,False,absent,absent,,,False,False
deco,05910_00,collar,False,False,absent,absent,,,False,False
deco,05910_00,lapel,False,False,absent,absent,,,False,False
deco,05910_00,cuff,False,False,absent,absent,,,False,False
deco,05910_00,button hole,False,False,absent,absent,,,False,False
deco,05910_00,button,False,False,absent,absent,,,False,False
deco,05910_00,pocket,False,False,absent,absent,,,False,False
deco,05910_00,zipper,False,False,absent,absent,,,False,False
deco,05910_00,sleeve,False,False,absent,absent,,,False,False
deco,05910_00,shoulder,True,True,present,present,0.4366767704486847,0.48325908184051514,False,False
deco,05910_00,logo,False,False,absent,absent,,,False,False
deco,05961_00,collar,False,False,absent,uncertain,,,False,False
deco,05961_00,lapel,False,False,absent,absent,,,False,False
deco,05961_00,cuff,False,False,absent,absent,,,False,False
deco,05961_00,button hole,False,False,absent,absent,,,False,False
deco,05961_00,button,False,False,absent,absent,,,False,False
deco,05961_00,pocket,False,False,absent,absent,,,False,False
deco,05961_00,zipper,False,False,absent,absent,,,False,False
deco,05961_00,sleeve,True,True,present,present,0.32748690247535706,0.32748690247535706,False,False
deco,05961_00,shoulder,True,True,present,present,0.3498944044113159,0.3335689902305603,False,False
deco,05961_00,logo,False,False,absent,absent,,,False,False
deco,06192_00,collar,True,False,present,uncertain,0.2410411387681961,,True,False
deco,06192_00,lapel,False,False,absent,absent,,,False,False
deco,06192_00,cuff,True,True,present,present,0.30628764629364014,0.2874535322189331,False,False
deco,06192_00,button hole,False,False,absent,absent,,,False,False
deco,06192_00,button,False,False,absent,absent,,,False,False
deco,06192_00,pocket,False,False,absent,absent,,,False,False
deco,06192_00,zipper,False,False,absent,absent,,,False,False
deco,06192_00,sleeve,True,True,present,present,0.4175962507724762,0.5395938754081726,False,False
deco,06192_00,shoulder,True,True,present,present,0.30087438225746155,0.29826751351356506,False,False
deco,06192_00,logo,False,False,absent,absent,,,False,False
deco,06730_00,collar,True,True,present,present,0.20750649273395538,0.20750649273395538,False,False
deco,06730_00,lapel,False,False,absent,absent,,,False,False
deco,06730_00,cuff,True,True,present,present,0.3886575400829315,0.32256558537483215,False,False
deco,06730_00,button hole,False,False,absent,absent,,,False,False
deco,06730_00,button,False,False,absent,absent,,,False,False
deco,06730_00,pocket,False,False,absent,absent,,,False,False
deco,06730_00,zipper,False,False,absent,absent,,,False,False
deco,06730_00,sleeve,True,True,present,present,0.22167417407035828,0.23148097097873688,False,False
deco,06730_00,shoulder,True,True,present,present,0.2558828592300415,0.31618887186050415,False,False
deco,06730_00,logo,False,False,absent,absent,,,False,False
deco,06753_00,collar,False,False,uncertain,uncertain,,,False,False
deco,06753_00,lapel,False,False,absent,absent,,,False,False
deco,06753_00,cuff,False,False,absent,absent,,,False,False
deco,06753_00,button hole,False,False,absent,absent,,,False,False
deco,06753_00,button,False,False,absent,absent,,,False,False
deco,06753_00,pocket,False,False,absent,absent,,,False,False
deco,06753_00,zipper,False,False,absent,absent,,,False,False
deco,06753_00,sleeve,True,True,present,present,0.3082920014858246,0.311535507440567,False,False
deco,06753_00,shoulder,True,True,present,present,0.2960408926010132,0.3604799509048462,False,False
deco,06753_00,logo,False,False,absent,absent,,,False,False
deco,06939_00,collar,True,True,present,present,0.32990995049476624,0.5119063258171082,False,False
deco,06939_00,lapel,False,False,absent,absent,,,False,False
deco,06939_00,cuff,False,False,absent,absent,,,False,False
deco,06939_00,button hole,False,False,absent,absent,,,False,False
deco,06939_00,button,False,False,absent,absent,,,False,False
deco,06939_00,pocket,False,False,absent,absent,,,False,False
deco,06939_00,zipper,False,False,absent,absent,,,False,False
deco,06939_00,sleeve,True,True,present,present,0.2661154866218567,0.43913882970809937,False,False
deco,06939_00,shoulder,True,True,present,present,0.2855888307094574,0.42141199111938477,False,False
deco,06939_00,logo,True,False,present,uncertain,0.2788197696208954,,True,False
deco,06978_00,collar,False,False,absent,absent,,,False,False
deco,06978_00,lapel,False,False,absent,absent,,,False,False
deco,06978_00,cuff,False,False,absent,absent,,,False,False
deco,06978_00,button hole,False,False,absent,absent,,,False,False
deco,06978_00,button,False,False,absent,absent,,,False,False
deco,06978_00,pocket,False,False,absent,absent,,,False,False
deco,06978_00,zipper,False,False,absent,absent,,,False,False
deco,06978_00,sleeve,True,True,present,present,0.31312957406044006,0.31312957406044006,False,False
deco,06978_00,shoulder,True,True,present,present,0.30844634771347046,0.30985450744628906,False,False
deco,06978_00,logo,False,False,absent,absent,,,False,False
deco,07150_00,collar,True,True,present,present,0.22278578579425812,0.22278578579425812,False,False
deco,07150_00,lapel,False,False,absent,absent,,,False,False
deco,07150_00,cuff,False,False,absent,absent,,,False,False
deco,07150_00,button hole,False,False,absent,absent,,,False,False
deco,07150_00,button,False,False,absent,absent,,,False,False
deco,07150_00,pocket,False,False,absent,absent,,,False,False
deco,07150_00,zipper,False,False,absent,absent,,,False,False
deco,07150_00,sleeve,True,True,present,present,0.16417503356933594,0.16417503356933594,False,False
deco,07150_00,shoulder,True,True,present,present,0.17745666205883026,0.24020440876483917,False,False
deco,07150_00,logo,False,False,uncertain,uncertain,,,False,False
deco,07212_00,collar,False,False,absent,uncertain,,,False,False
deco,07212_00,lapel,False,False,absent,absent,,,False,False
deco,07212_00,cuff,True,True,present,present,0.11536531150341034,0.2348887175321579,False,False
deco,07212_00,button hole,False,False,absent,absent,,,False,False
deco,07212_00,button,True,True,present,present,0.23843684792518616,0.2805282473564148,False,False
deco,07212_00,pocket,False,False,absent,absent,,,False,False
deco,07212_00,zipper,False,False,absent,absent,,,False,False
deco,07212_00,sleeve,True,True,present,present,0.280701220035553,0.3547734320163727,False,False
deco,07212_00,shoulder,True,True,present,present,0.3177204132080078,0.4636344611644745,False,False
deco,07212_00,logo,False,True,uncertain,present,,,False,False
deco,07396_00,collar,False,False,absent,uncertain,,,False,False
deco,07396_00,lapel,False,False,absent,absent,,,False,False
deco,07396_00,cuff,False,False,uncertain,absent,,,False,False
deco,07396_00,button hole,False,False,absent,absent,,,False,False
deco,07396_00,button,False,False,absent,absent,,,False,False
deco,07396_00,pocket,False,False,absent,absent,,,False,False
deco,07396_00,zipper,False,False,absent,absent,,,False,False
deco,07396_00,sleeve,True,True,present,present,0.2680998146533966,0.27948302030563354,False,False
deco,07396_00,shoulder,True,True,present,present,0.32029491662979126,0.32029491662979126,False,False
deco,07396_00,logo,False,False,absent,absent,,,False,False
deco,07573_00,collar,False,False,absent,absent,,,False,False
deco,07573_00,lapel,False,False,absent,absent,,,False,False
deco,07573_00,cuff,False,False,absent,absent,,,False,False
deco,07573_00,button hole,False,False,absent,absent,,,False,False
deco,07573_00,button,False,False,absent,absent,,,False,False
deco,07573_00,pocket,False,False,absent,absent,,,False,False
deco,07573_00,zipper,False,False,absent,absent,,,False,False
deco,07573_00,sleeve,True,True,present,present,0.2744711637496948,0.2744711637496948,False,False
deco,07573_00,shoulder,True,True,present,present,0.4022452235221863,0.41801372170448303,False,False
deco,07573_00,logo,False,False,absent,absent,,,False,False
deco,07599_00,collar,True,True,present,present,0.7301126718521118,0.7301126718521118,False,False
deco,07599_00,lapel,False,False,absent,absent,,,False,False
deco,07599_00,cuff,False,False,absent,absent,,,False,False
deco,07599_00,button hole,False,False,absent,absent,,,False,False
deco,07599_00,button,False,False,absent,absent,,,False,False
deco,07599_00,pocket,False,False,absent,absent,,,False,False
deco,07599_00,zipper,False,False,absent,absent,,,False,False
deco,07599_00,sleeve,False,False,absent,absent,,,False,False
deco,07599_00,shoulder,True,False,present,uncertain,0.7310259938240051,,True,False
deco,07599_00,logo,False,False,absent,absent,,,False,False
deco,07694_00,collar,True,True,present,present,0.33382588624954224,0.33382588624954224,False,False
deco,07694_00,lapel,False,False,absent,absent,,,False,False
deco,07694_00,cuff,False,False,absent,absent,,,False,False
deco,07694_00,button hole,False,False,absent,absent,,,False,False
deco,07694_00,button,False,False,absent,absent,,,False,False
deco,07694_00,pocket,False,False,absent,absent,,,False,False
deco,07694_00,zipper,False,False,absent,absent,,,False,False
deco,07694_00,sleeve,True,True,present,present,0.23775598406791687,0.25305917859077454,False,False
deco,07694_00,shoulder,True,True,present,present,0.2822868227958679,0.2822868227958679,False,False
deco,07694_00,logo,True,True,present,present,0.38599693775177,0.36507031321525574,False,False
deco,07707_00,collar,False,False,absent,absent,,,False,False
deco,07707_00,lapel,False,False,absent,absent,,,False,False
deco,07707_00,cuff,False,False,absent,absent,,,False,False
deco,07707_00,button hole,False,False,absent,absent,,,False,False
deco,07707_00,button,False,False,absent,absent,,,False,False
deco,07707_00,pocket,False,False,absent,absent,,,False,False
deco,07707_00,zipper,False,False,absent,absent,,,False,False
deco,07707_00,sleeve,False,False,absent,absent,,,False,False
deco,07707_00,shoulder,True,True,present,present,0.17636115849018097,0.17636115849018097,False,False
deco,07707_00,logo,False,False,absent,absent,,,False,False
deco,07825_00,collar,True,True,present,present,0.4261280596256256,0.42612820863723755,False,False
deco,07825_00,lapel,False,False,absent,absent,,,False,False
deco,07825_00,cuff,True,False,present,uncertain,0.2738814353942871,,True,False
deco,07825_00,button hole,False,False,absent,absent,,,False,False
deco,07825_00,button,False,False,absent,absent,,,False,False
deco,07825_00,pocket,False,False,absent,absent,,,False,False
deco,07825_00,zipper,False,False,absent,absent,,,False,False
deco,07825_00,sleeve,True,True,present,present,0.3656494617462158,0.36366525292396545,False,False
deco,07825_00,shoulder,True,True,present,present,0.3879130780696869,0.4630358815193176,False,False
deco,07825_00,logo,False,False,absent,absent,,,False,False
deco,07847_00,collar,False,False,absent,absent,,,False,False
deco,07847_00,lapel,False,False,absent,absent,,,False,False
deco,07847_00,cuff,False,False,absent,absent,,,False,False
deco,07847_00,button hole,False,False,absent,absent,,,False,False
deco,07847_00,button,False,False,absent,absent,,,False,False
deco,07847_00,pocket,False,False,absent,absent,,,False,False
deco,07847_00,zipper,False,False,absent,absent,,,False,False
deco,07847_00,sleeve,True,True,present,present,0.42854616045951843,0.4686894118785858,False,False
deco,07847_00,shoulder,True,True,present,present,0.37509840726852417,0.4989473521709442,False,False
deco,07847_00,logo,False,False,absent,absent,,,False,False
deco,07884_00,collar,True,True,present,present,0.3268600106239319,0.5051161050796509,False,False
deco,07884_00,lapel,False,False,absent,absent,,,False,False
deco,07884_00,cuff,False,False,absent,absent,,,False,False
deco,07884_00,button hole,False,False,absent,absent,,,False,False
deco,07884_00,button,False,False,absent,absent,,,False,False
deco,07884_00,pocket,False,False,absent,absent,,,False,False
deco,07884_00,zipper,False,False,absent,absent,,,False,False
deco,07884_00,sleeve,True,True,present,present,0.29967615008354187,0.29967615008354187,False,False
deco,07884_00,shoulder,True,True,present,present,0.28655025362968445,0.519040048122406,False,False
deco,07884_00,logo,True,True,present,present,0.331695556640625,0.331695556640625,False,False
deco,07965_00,collar,True,True,present,present,0.2586868107318878,0.2586868107318878,False,False
deco,07965_00,lapel,False,False,absent,absent,,,False,False
deco,07965_00,cuff,True,True,present,present,0.4317871630191803,0.5158795714378357,False,False
deco,07965_00,button hole,False,False,absent,absent,,,False,False
deco,07965_00,button,False,False,absent,absent,,,False,False
deco,07965_00,pocket,False,False,absent,absent,,,False,False
deco,07965_00,zipper,False,False,absent,absent,,,False,False
deco,07965_00,sleeve,True,True,present,present,0.18695876002311707,0.18695876002311707,False,False
deco,07965_00,shoulder,True,True,present,present,0.24351318180561066,0.24425345659255981,False,False
deco,07965_00,logo,False,False,absent,absent,,,False,False
deco,07966_00,collar,False,True,uncertain,present,,,False,False
deco,07966_00,lapel,False,False,absent,absent,,,False,False
deco,07966_00,cuff,False,True,uncertain,present,,,False,False
deco,07966_00,button hole,False,False,absent,absent,,,False,False
deco,07966_00,button,False,False,absent,absent,,,False,False
deco,07966_00,pocket,False,False,absent,absent,,,False,False
deco,07966_00,zipper,False,False,absent,absent,,,False,False
deco,07966_00,sleeve,True,True,present,present,0.2559458911418915,0.30729052424430847,False,False
deco,07966_00,shoulder,True,True,present,present,0.2824420630931854,0.5346612334251404,False,False
deco,07966_00,logo,False,False,absent,absent,,,False,False
deco,08102_00,collar,True,True,present,present,0.5283492207527161,0.5788864493370056,False,False
deco,08102_00,lapel,False,False,absent,absent,,,False,False
deco,08102_00,cuff,False,False,absent,absent,,,False,False
deco,08102_00,button hole,False,False,absent,absent,,,False,False
deco,08102_00,button,False,False,absent,absent,,,False,False
deco,08102_00,pocket,False,False,absent,absent,,,False,False
deco,08102_00,zipper,False,False,absent,absent,,,False,False
deco,08102_00,sleeve,True,True,present,present,0.3879472017288208,0.6090260744094849,False,False
deco,08102_00,shoulder,False,False,present,present,,,False,False
deco,08102_00,logo,False,True,uncertain,present,,,False,False
deco,08149_00,collar,False,False,absent,uncertain,,,False,False
deco,08149_00,lapel,False,False,absent,absent,,,False,False
deco,08149_00,cuff,True,True,present,present,0.31297606229782104,0.30324801802635193,False,False
deco,08149_00,button hole,False,False,absent,absent,,,False,False
deco,08149_00,button,False,False,absent,absent,,,False,False
deco,08149_00,pocket,False,False,absent,absent,,,False,False
deco,08149_00,zipper,False,False,absent,absent,,,False,False
deco,08149_00,sleeve,True,True,present,present,0.3119378983974457,0.3119378983974457,False,False
deco,08149_00,shoulder,True,True,present,present,0.22362901270389557,0.22362901270389557,False,False
deco,08149_00,logo,False,False,absent,absent,,,False,False
deco,08158_00,collar,True,False,present,absent,0.23767197132110596,,True,False
deco,08158_00,lapel,False,False,absent,absent,,,False,False
deco,08158_00,cuff,True,True,present,present,0.3142142593860626,0.314214289188385,False,False
deco,08158_00,button hole,False,False,absent,absent,,,False,False
deco,08158_00,button,False,False,absent,absent,,,False,False
deco,08158_00,pocket,False,False,absent,absent,,,False,False
deco,08158_00,zipper,False,False,absent,absent,,,False,False
deco,08158_00,sleeve,True,True,present,present,0.4021802544593811,0.40218034386634827,False,False
deco,08158_00,shoulder,True,True,present,present,0.3438135087490082,0.37652814388275146,False,False
deco,08158_00,logo,False,False,absent,absent,,,False,False
deco,08232_00,collar,True,True,present,present,0.253546804189682,0.32355400919914246,False,False
deco,08232_00,lapel,False,False,absent,absent,,,False,False
deco,08232_00,cuff,False,False,absent,absent,,,False,False
deco,08232_00,button hole,False,False,absent,absent,,,False,False
deco,08232_00,button,True,True,present,present,0.34096968173980713,0.42237424850463867,False,False
deco,08232_00,pocket,False,False,absent,absent,,,False,False
deco,08232_00,zipper,False,False,absent,absent,,,False,False
deco,08232_00,sleeve,True,True,present,present,0.3948296010494232,0.3948296010494232,False,False
deco,08232_00,shoulder,True,True,present,present,0.25003743171691895,0.4928496479988098,False,False
deco,08232_00,logo,False,False,absent,absent,,,False,False
deco,08314_00,collar,False,False,absent,absent,,,False,False
deco,08314_00,lapel,False,False,absent,absent,,,False,False
deco,08314_00,cuff,False,False,absent,absent,,,False,False
deco,08314_00,button hole,False,False,absent,absent,,,False,False
deco,08314_00,button,False,False,absent,absent,,,False,False
deco,08314_00,pocket,False,False,absent,absent,,,False,False
deco,08314_00,zipper,False,False,absent,absent,,,False,False
deco,08314_00,sleeve,True,True,present,present,0.261210560798645,0.31486615538597107,False,False
deco,08314_00,shoulder,True,True,present,present,0.46695172786712646,0.46948593854904175,False,False
deco,08314_00,logo,False,False,absent,absent,,,False,False
deco,08316_00,collar,True,False,present,uncertain,0.3330680727958679,,True,False
deco,08316_00,lapel,False,False,absent,absent,,,False,False
deco,08316_00,cuff,False,False,absent,absent,,,False,False
deco,08316_00,button hole,False,False,absent,absent,,,False,False
deco,08316_00,button,True,True,present,present,0.24522264301776886,0.34835079312324524,False,False
deco,08316_00,pocket,False,False,absent,absent,,,False,False
deco,08316_00,zipper,False,False,absent,absent,,,False,False
deco,08316_00,sleeve,True,True,present,present,0.2692472040653229,0.46652594208717346,False,False
deco,08316_00,shoulder,True,True,present,present,0.3168265223503113,0.31115269660949707,False,False
deco,08316_00,logo,False,False,absent,absent,,,False,False
deco,08650_00,collar,False,False,absent,absent,,,False,False
deco,08650_00,lapel,False,False,absent,absent,,,False,False
deco,08650_00,cuff,False,False,absent,absent,,,False,False
deco,08650_00,button hole,False,False,absent,absent,,,False,False
deco,08650_00,button,False,False,absent,absent,,,False,False
deco,08650_00,pocket,False,False,absent,absent,,,False,False
deco,08650_00,zipper,False,False,absent,absent,,,False,False
deco,08650_00,sleeve,False,False,uncertain,uncertain,,,False,False
deco,08650_00,shoulder,True,True,present,present,0.395039439201355,0.395039439201355,False,False
deco,08650_00,logo,False,False,absent,absent,,,False,False
deco,09067_00,collar,False,False,absent,absent,,,False,False
deco,09067_00,lapel,False,False,absent,absent,,,False,False
deco,09067_00,cuff,True,True,present,present,0.162956103682518,0.162956103682518,False,False
deco,09067_00,button hole,False,False,absent,absent,,,False,False
deco,09067_00,button,True,True,present,present,0.361261248588562,0.3453900218009949,False,False
deco,09067_00,pocket,False,False,absent,absent,,,False,False
deco,09067_00,zipper,False,False,absent,absent,,,False,False
deco,09067_00,sleeve,True,True,present,present,0.23940372467041016,0.2970969080924988,False,False
deco,09067_00,shoulder,True,True,present,present,0.32123348116874695,0.34841740131378174,False,False
deco,09067_00,logo,False,False,absent,absent,,,False,False
deco,09215_00,collar,True,True,present,present,0.19486397504806519,0.19486397504806519,False,False
deco,09215_00,lapel,False,False,absent,absent,,,False,False
deco,09215_00,cuff,False,False,absent,absent,,,False,False
deco,09215_00,button hole,False,False,absent,absent,,,False,False
deco,09215_00,button,False,False,absent,absent,,,False,False
deco,09215_00,pocket,False,False,absent,absent,,,False,False
deco,09215_00,zipper,False,False,absent,absent,,,False,False
deco,09215_00,sleeve,True,True,present,present,0.2513396143913269,0.2513396441936493,False,False
deco,09215_00,shoulder,True,False,present,present,0.2495812177658081,,True,False
deco,09215_00,logo,False,False,absent,absent,,,False,False
deco,09412_00,collar,False,False,present,present,,,False,False
deco,09412_00,lapel,False,False,absent,absent,,,False,False
deco,09412_00,cuff,False,False,absent,absent,,,False,False
deco,09412_00,button hole,False,False,absent,absent,,,False,False
deco,09412_00,button,False,False,absent,absent,,,False,False
deco,09412_00,pocket,False,False,absent,absent,,,False,False
deco,09412_00,zipper,False,False,absent,absent,,,False,False
deco,09412_00,sleeve,True,True,present,present,0.3038433790206909,0.31070756912231445,False,False
deco,09412_00,shoulder,True,True,present,present,0.4307384490966797,0.4307384490966797,False,False
deco,09412_00,logo,False,False,absent,absent,,,False,False
deco,09487_00,collar,True,True,present,present,0.33539992570877075,0.33539992570877075,False,False
deco,09487_00,lapel,False,False,absent,absent,,,False,False
deco,09487_00,cuff,True,True,present,present,0.42162957787513733,0.42162957787513733,False,False
deco,09487_00,button hole,False,False,absent,absent,,,False,False
deco,09487_00,button,False,False,absent,absent,,,False,False
deco,09487_00,pocket,False,False,absent,absent,,,False,False
deco,09487_00,zipper,False,False,absent,absent,,,False,False
deco,09487_00,sleeve,True,True,present,present,0.5219531655311584,0.5194831490516663,False,False
deco,09487_00,shoulder,True,True,present,present,0.4324244260787964,0.5175761580467224,False,False
deco,09487_00,logo,False,False,absent,absent,,,False,False
deco,09751_00,collar,True,True,present,present,0.5042892694473267,0.5537627935409546,False,False
deco,09751_00,lapel,False,False,absent,absent,,,False,False
deco,09751_00,cuff,False,False,absent,absent,,,False,False
deco,09751_00,button hole,False,False,absent,absent,,,False,False
deco,09751_00,button,False,False,absent,absent,,,False,False
deco,09751_00,pocket,True,True,present,present,0.5645148754119873,0.5645148754119873,False,False
deco,09751_00,zipper,False,False,absent,absent,,,False,False
deco,09751_00,sleeve,False,False,absent,absent,,,False,False
deco,09751_00,shoulder,True,True,present,present,0.5946940779685974,0.6117603778839111,False,False
deco,09751_00,logo,False,False,absent,absent,,,False,False
deco,09845_00,collar,False,False,absent,absent,,,False,False
deco,09845_00,lapel,False,False,absent,absent,,,False,False
deco,09845_00,cuff,False,False,absent,absent,,,False,False
deco,09845_00,button hole,False,False,absent,absent,,,False,False
deco,09845_00,button,False,False,absent,absent,,,False,False
deco,09845_00,pocket,False,False,absent,absent,,,False,False
deco,09845_00,zipper,False,False,absent,absent,,,False,False
deco,09845_00,sleeve,False,False,absent,absent,,,False,False
deco,09845_00,shoulder,True,True,present,present,0.32905492186546326,0.32905492186546326,False,False
deco,09845_00,logo,False,False,absent,absent,,,False,False
deco,09912_00,collar,False,False,absent,absent,,,False,False
deco,09912_00,lapel,False,False,absent,absent,,,False,False
deco,09912_00,cuff,False,True,absent,present,,,False,True
deco,09912_00,button hole,False,False,absent,absent,,,False,False
deco,09912_00,button,False,False,absent,absent,,,False,False
deco,09912_00,pocket,False,False,absent,absent,,,False,False
deco,09912_00,zipper,False,False,absent,absent,,,False,False
deco,09912_00,sleeve,True,True,present,present,0.35213226079940796,0.3484024703502655,False,False
deco,09912_00,shoulder,True,True,present,present,0.3778580129146576,0.30056101083755493,False,False
deco,09912_00,logo,False,False,absent,absent,,,False,False
deco,09940_00,collar,False,False,absent,absent,,,False,False
deco,09940_00,lapel,False,False,absent,absent,,,False,False
deco,09940_00,cuff,False,False,absent,absent,,,False,False
deco,09940_00,button hole,False,False,absent,absent,,,False,False
deco,09940_00,button,False,False,absent,absent,,,False,False
deco,09940_00,pocket,False,False,absent,absent,,,False,False
deco,09940_00,zipper,False,False,absent,absent,,,False,False
deco,09940_00,sleeve,False,False,uncertain,absent,,,False,False
deco,09940_00,shoulder,True,True,present,present,0.40683087706565857,0.4599330723285675,False,False
deco,09940_00,logo,False,False,absent,absent,,,False,False
deco,09949_00,collar,False,False,absent,absent,,,False,False
deco,09949_00,lapel,False,False,absent,absent,,,False,False
deco,09949_00,cuff,False,False,absent,absent,,,False,False
deco,09949_00,button hole,False,False,absent,absent,,,False,False
deco,09949_00,button,False,False,absent,absent,,,False,False
deco,09949_00,pocket,False,False,absent,absent,,,False,False
deco,09949_00,zipper,False,False,absent,absent,,,False,False
deco,09949_00,sleeve,True,True,present,present,0.36786097288131714,0.36786097288131714,False,False
deco,09949_00,shoulder,True,True,present,present,0.48230424523353577,0.33976292610168457,False,False
deco,09949_00,logo,False,False,absent,absent,,,False,False
deco,10265_00,collar,False,False,absent,absent,,,False,False
deco,10265_00,lapel,False,False,absent,absent,,,False,False
deco,10265_00,cuff,False,False,absent,absent,,,False,False
deco,10265_00,button hole,False,False,absent,absent,,,False,False
deco,10265_00,button,False,False,absent,absent,,,False,False
deco,10265_00,pocket,False,False,absent,absent,,,False,False
deco,10265_00,zipper,False,False,absent,absent,,,False,False
deco,10265_00,sleeve,False,False,present,present,,,False,False
deco,10265_00,shoulder,True,True,present,present,0.6096404194831848,0.6096404194831848,False,False
deco,10265_00,logo,False,False,absent,absent,,,False,False
deco,10352_00,collar,True,True,present,present,0.425514817237854,0.425514817237854,False,False
deco,10352_00,lapel,False,False,absent,absent,,,False,False
deco,10352_00,cuff,False,False,absent,absent,,,False,False
deco,10352_00,button hole,False,False,absent,absent,,,False,False
deco,10352_00,button,False,False,absent,absent,,,False,False
deco,10352_00,pocket,False,False,absent,absent,,,False,False
deco,10352_00,zipper,False,False,absent,absent,,,False,False
deco,10352_00,sleeve,True,True,present,present,0.38458675146102905,0.3814738094806671,False,False
deco,10352_00,shoulder,True,True,present,present,0.4227265417575836,0.5506201982498169,False,False
deco,10352_00,logo,False,False,absent,absent,,,False,False
deco,10428_00,collar,False,False,absent,absent,,,False,False
deco,10428_00,lapel,False,False,absent,absent,,,False,False
deco,10428_00,cuff,False,False,uncertain,uncertain,,,False,False
deco,10428_00,button hole,False,False,absent,absent,,,False,False
deco,10428_00,button,False,False,absent,absent,,,False,False
deco,10428_00,pocket,False,False,absent,absent,,,False,False
deco,10428_00,zipper,False,False,absent,absent,,,False,False
deco,10428_00,sleeve,True,True,present,present,0.30669471621513367,0.39981207251548767,False,False
deco,10428_00,shoulder,True,True,present,present,0.28370076417922974,0.27915433049201965,False,False
deco,10428_00,logo,False,False,absent,absent,,,False,False
deco,10495_00,collar,False,False,absent,absent,,,False,False
deco,10495_00,lapel,False,False,absent,absent,,,False,False
deco,10495_00,cuff,False,False,absent,absent,,,False,False
deco,10495_00,button hole,False,False,absent,absent,,,False,False
deco,10495_00,button,False,False,absent,absent,,,False,False
deco,10495_00,pocket,False,False,absent,absent,,,False,False
deco,10495_00,zipper,False,False,absent,absent,,,False,False
deco,10495_00,sleeve,False,False,absent,absent,,,False,False
deco,10495_00,shoulder,True,True,present,present,0.4347815215587616,0.663218080997467,False,False
deco,10495_00,logo,False,False,absent,absent,,,False,False
deco,10657_00,collar,False,False,absent,absent,,,False,False
deco,10657_00,lapel,False,False,absent,absent,,,False,False
deco,10657_00,cuff,True,True,present,present,0.4898982048034668,0.5787902474403381,False,False
deco,10657_00,button hole,False,False,absent,absent,,,False,False
deco,10657_00,button,False,False,absent,absent,,,False,False
deco,10657_00,pocket,False,False,absent,absent,,,False,False
deco,10657_00,zipper,False,False,absent,absent,,,False,False
deco,10657_00,sleeve,True,True,present,present,0.46744340658187866,0.4818800985813141,False,False
deco,10657_00,shoulder,True,True,present,present,0.5497890710830688,0.5586162805557251,False,False
deco,10657_00,logo,False,False,absent,absent,,,False,False
deco,10680_00,collar,False,True,uncertain,present,,,False,False
deco,10680_00,lapel,False,False,absent,absent,,,False,False
deco,10680_00,cuff,True,False,present,absent,0.49747395515441895,,True,False
deco,10680_00,button hole,False,False,absent,absent,,,False,False
deco,10680_00,button,False,False,absent,absent,,,False,False
deco,10680_00,pocket,False,False,absent,absent,,,False,False
deco,10680_00,zipper,False,False,absent,absent,,,False,False
deco,10680_00,sleeve,True,True,present,present,0.550824761390686,0.5383438467979431,False,False
deco,10680_00,shoulder,True,True,present,present,0.4896860718727112,0.4639478027820587,False,False
deco,10680_00,logo,False,False,absent,absent,,,False,False
deco,10731_00,collar,True,True,present,present,0.26284554600715637,0.26284554600715637,False,False
deco,10731_00,lapel,False,False,absent,absent,,,False,False
deco,10731_00,cuff,False,False,absent,absent,,,False,False
deco,10731_00,button hole,False,False,absent,absent,,,False,False
deco,10731_00,button,False,False,absent,absent,,,False,False
deco,10731_00,pocket,False,False,absent,absent,,,False,False
deco,10731_00,zipper,False,False,absent,absent,,,False,False
deco,10731_00,sleeve,True,True,present,present,0.2834511697292328,0.2707488536834717,False,False
deco,10731_00,shoulder,True,True,present,present,0.28672516345977783,0.2807700037956238,False,False
deco,10731_00,logo,False,False,absent,absent,,,False,False
deco,10843_00,collar,False,False,absent,absent,,,False,False
deco,10843_00,lapel,False,False,absent,absent,,,False,False
deco,10843_00,cuff,False,True,absent,present,,,False,True
deco,10843_00,button hole,False,False,absent,absent,,,False,False
deco,10843_00,button,False,False,absent,absent,,,False,False
deco,10843_00,pocket,False,False,absent,absent,,,False,False
deco,10843_00,zipper,False,False,absent,absent,,,False,False
deco,10843_00,sleeve,True,True,present,present,0.282247394323349,0.27385932207107544,False,False
deco,10843_00,shoulder,True,True,present,present,0.3733181953430176,0.3180363178253174,False,False
deco,10843_00,logo,False,False,absent,absent,,,False,False
deco,11001_00,collar,False,False,absent,absent,,,False,False
deco,11001_00,lapel,False,False,absent,absent,,,False,False
deco,11001_00,cuff,False,False,absent,absent,,,False,False
deco,11001_00,button hole,False,False,absent,absent,,,False,False
deco,11001_00,button,False,False,absent,absent,,,False,False
deco,11001_00,pocket,False,False,absent,absent,,,False,False
deco,11001_00,zipper,False,False,absent,absent,,,False,False
deco,11001_00,sleeve,True,True,present,present,0.2737793028354645,0.32300329208374023,False,False
deco,11001_00,shoulder,True,True,present,present,0.28386735916137695,0.28386735916137695,False,False
deco,11001_00,logo,False,False,absent,absent,,,False,False
deco,11054_00,collar,True,False,present,absent,0.5000180602073669,,True,False
deco,11054_00,lapel,False,False,absent,absent,,,False,False
deco,11054_00,cuff,True,False,present,absent,0.8673322796821594,,True,False
deco,11054_00,button hole,False,False,absent,absent,,,False,False
deco,11054_00,button,False,False,absent,absent,,,False,False
deco,11054_00,pocket,False,False,absent,absent,,,False,False
deco,11054_00,zipper,False,False,absent,absent,,,False,False
deco,11054_00,sleeve,True,True,present,present,0.8199774026870728,0.778302013874054,False,False
deco,11054_00,shoulder,True,True,present,present,0.5546239614486694,0.5073001384735107,False,False
deco,11054_00,logo,False,False,absent,absent,,,False,False
deco,11206_00,collar,False,False,absent,absent,,,False,False
deco,11206_00,lapel,False,False,absent,absent,,,False,False
deco,11206_00,cuff,False,False,absent,absent,,,False,False
deco,11206_00,button hole,False,False,absent,absent,,,False,False
deco,11206_00,button,False,False,absent,absent,,,False,False
deco,11206_00,pocket,False,False,absent,absent,,,False,False
deco,11206_00,zipper,False,False,absent,absent,,,False,False
deco,11206_00,sleeve,True,True,present,present,0.22885426878929138,0.40186232328414917,False,False
deco,11206_00,shoulder,True,True,present,present,0.23933430016040802,0.23933430016040802,False,False
deco,11206_00,logo,False,False,absent,absent,,,False,False
deco,11372_00,collar,False,False,absent,absent,,,False,False
deco,11372_00,lapel,False,False,absent,absent,,,False,False
deco,11372_00,cuff,False,False,absent,absent,,,False,False
deco,11372_00,button hole,False,False,absent,absent,,,False,False
deco,11372_00,button,False,False,absent,absent,,,False,False
deco,11372_00,pocket,False,False,absent,absent,,,False,False
deco,11372_00,zipper,False,False,absent,absent,,,False,False
deco,11372_00,sleeve,True,True,present,present,0.21562087535858154,0.2129027545452118,False,False
deco,11372_00,shoulder,True,True,present,present,0.3454350531101227,0.3454350531101227,False,False
deco,11372_00,logo,False,False,absent,absent,,,False,False
deco,11438_00,collar,False,False,absent,absent,,,False,False
deco,11438_00,lapel,False,False,absent,absent,,,False,False
deco,11438_00,cuff,False,False,uncertain,absent,,,False,False
deco,11438_00,button hole,False,False,absent,absent,,,False,False
deco,11438_00,button,False,False,absent,absent,,,False,False
deco,11438_00,pocket,False,False,absent,absent,,,False,False
deco,11438_00,zipper,False,False,absent,absent,,,False,False
deco,11438_00,sleeve,True,True,present,present,0.21751247346401215,0.26379743218421936,False,False
deco,11438_00,shoulder,True,True,present,present,0.33269959688186646,0.7303153276443481,False,False
deco,11438_00,logo,False,False,absent,absent,,,False,False
deco,11556_00,collar,False,False,absent,absent,,,False,False
deco,11556_00,lapel,False,False,absent,absent,,,False,False
deco,11556_00,cuff,True,True,present,present,0.2768303453922272,0.28602856397628784,False,False
deco,11556_00,button hole,False,False,absent,absent,,,False,False
deco,11556_00,button,False,False,absent,absent,,,False,False
deco,11556_00,pocket,False,False,absent,absent,,,False,False
deco,11556_00,zipper,False,False,absent,absent,,,False,False
deco,11556_00,sleeve,True,True,present,present,0.3215116262435913,0.39625856280326843,False,False
deco,11556_00,shoulder,True,True,present,present,0.3426206409931183,0.3496380150318146,False,False
deco,11556_00,logo,False,False,absent,absent,,,False,False
deco,11600_00,collar,True,True,present,present,0.15567998588085175,0.15567998588085175,False,False
deco,11600_00,lapel,False,False,absent,absent,,,False,False
deco,11600_00,cuff,False,False,absent,absent,,,False,False
deco,11600_00,button hole,False,False,absent,absent,,,False,False
deco,11600_00,button,False,False,absent,absent,,,False,False
deco,11600_00,pocket,False,False,absent,absent,,,False,False
deco,11600_00,zipper,False,False,absent,absent,,,False,False
deco,11600_00,sleeve,False,False,absent,absent,,,False,False
deco,11600_00,shoulder,True,True,present,present,0.17463530600070953,0.18918590247631073,False,False
deco,11600_00,logo,False,False,absent,absent,,,False,False
deco,11709_00,collar,True,True,present,present,0.7488478422164917,0.7488478422164917,False,False
deco,11709_00,lapel,False,False,absent,absent,,,False,False
deco,11709_00,cuff,False,False,absent,present,,,False,False
deco,11709_00,button hole,False,False,absent,absent,,,False,False
deco,11709_00,button,False,False,absent,absent,,,False,False
deco,11709_00,pocket,False,False,absent,absent,,,False,False
deco,11709_00,zipper,False,False,absent,absent,,,False,False
deco,11709_00,sleeve,True,True,present,present,0.5585680603981018,0.5411501526832581,False,False
deco,11709_00,shoulder,True,True,present,present,0.6986139416694641,0.9071003198623657,False,False
deco,11709_00,logo,False,False,absent,absent,,,False,False
deco,11766_00,collar,True,False,present,uncertain,0.30469274520874023,,True,False
deco,11766_00,lapel,False,False,absent,absent,,,False,False
deco,11766_00,cuff,False,False,absent,absent,,,False,False
deco,11766_00,button hole,False,False,absent,absent,,,False,False
deco,11766_00,button,False,False,absent,absent,,,False,False
deco,11766_00,pocket,False,False,absent,absent,,,False,False
deco,11766_00,zipper,False,False,absent,absent,,,False,False
deco,11766_00,sleeve,True,True,present,present,0.21021568775177002,0.21021568775177002,False,False
deco,11766_00,shoulder,True,True,present,present,0.22793200612068176,0.21349790692329407,False,False
deco,11766_00,logo,False,False,absent,absent,,,False,False
deco,11799_00,collar,True,True,present,present,0.504247784614563,0.44849929213523865,False,False
deco,11799_00,lapel,False,False,absent,absent,,,False,False
deco,11799_00,cuff,False,False,absent,absent,,,False,False
deco,11799_00,button hole,False,False,absent,absent,,,False,False
deco,11799_00,button,False,False,absent,absent,,,False,False
deco,11799_00,pocket,False,False,absent,absent,,,False,False
deco,11799_00,zipper,False,False,absent,absent,,,False,False
deco,11799_00,sleeve,True,True,present,present,0.5381850600242615,0.5388140082359314,False,False
deco,11799_00,shoulder,True,True,present,present,0.5403528213500977,0.6132918000221252,False,False
deco,11799_00,logo,False,False,absent,absent,,,False,False
deco,11892_00,collar,False,False,absent,absent,,,False,False
deco,11892_00,lapel,False,False,absent,absent,,,False,False
deco,11892_00,cuff,False,False,absent,absent,,,False,False
deco,11892_00,button hole,False,False,absent,absent,,,False,False
deco,11892_00,button,False,False,absent,absent,,,False,False
deco,11892_00,pocket,False,False,absent,absent,,,False,False
deco,11892_00,zipper,False,False,absent,absent,,,False,False
deco,11892_00,sleeve,False,True,absent,present,,,False,True
deco,11892_00,shoulder,True,True,present,present,0.45482757687568665,0.6157625317573547,False,False
deco,11892_00,logo,False,False,absent,absent,,,False,False
deco,11913_00,collar,False,False,absent,absent,,,False,False
deco,11913_00,lapel,False,False,absent,absent,,,False,False
deco,11913_00,cuff,False,False,absent,absent,,,False,False
deco,11913_00,button hole,False,False,absent,absent,,,False,False
deco,11913_00,button,False,False,absent,absent,,,False,False
deco,11913_00,pocket,False,False,absent,absent,,,False,False
deco,11913_00,zipper,False,False,absent,absent,,,False,False
deco,11913_00,sleeve,False,False,absent,present,,,False,False
deco,11913_00,shoulder,True,True,present,present,0.6436305642127991,0.6434199810028076,False,False
deco,11913_00,logo,False,False,absent,absent,,,False,False
deco,11985_00,collar,False,False,absent,absent,,,False,False
deco,11985_00,lapel,False,False,absent,absent,,,False,False
deco,11985_00,cuff,False,False,absent,absent,,,False,False
deco,11985_00,button hole,False,False,absent,absent,,,False,False
deco,11985_00,button,False,False,absent,absent,,,False,False
deco,11985_00,pocket,False,False,absent,absent,,,False,False
deco,11985_00,zipper,False,False,absent,absent,,,False,False
deco,11985_00,sleeve,True,True,present,present,0.46645861864089966,0.5254109501838684,False,False
deco,11985_00,shoulder,True,True,present,present,0.6792664527893066,0.700712263584137,False,False
deco,11985_00,logo,False,False,absent,absent,,,False,False
deco,11993_00,collar,True,True,present,present,0.35894566774368286,0.34533563256263733,False,False
deco,11993_00,lapel,False,False,absent,absent,,,False,False
deco,11993_00,cuff,True,True,present,present,0.30584025382995605,0.28611600399017334,False,False
deco,11993_00,button hole,False,False,absent,absent,,,False,False
deco,11993_00,button,False,False,absent,absent,,,False,False
deco,11993_00,pocket,False,False,absent,absent,,,False,False
deco,11993_00,zipper,False,False,absent,absent,,,False,False
deco,11993_00,sleeve,True,True,present,present,0.3482306897640228,0.3490169048309326,False,False
deco,11993_00,shoulder,True,True,present,present,0.3423171043395996,0.3401220440864563,False,False
deco,11993_00,logo,False,False,absent,absent,,,False,False
deco,11994_00,collar,True,True,present,present,0.511469304561615,0.511469304561615,False,False
deco,11994_00,lapel,False,False,absent,absent,,,False,False
deco,11994_00,cuff,False,True,uncertain,present,,,False,False
deco,11994_00,button hole,False,False,absent,absent,,,False,False
deco,11994_00,button,True,False,present,absent,0.5648745894432068,,True,False
deco,11994_00,pocket,False,False,absent,absent,,,False,False
deco,11994_00,zipper,False,False,absent,absent,,,False,False
deco,11994_00,sleeve,True,True,present,present,0.4771578907966614,0.49919962882995605,False,False
deco,11994_00,shoulder,True,True,present,present,0.4828602075576782,0.43269410729408264,False,False
deco,11994_00,logo,False,False,absent,absent,,,False,False
deco,12362_00,collar,False,True,uncertain,present,,,False,False
deco,12362_00,lapel,False,False,absent,absent,,,False,False
deco,12362_00,cuff,False,False,absent,uncertain,,,False,False
deco,12362_00,button hole,False,False,absent,absent,,,False,False
deco,12362_00,button,False,False,absent,absent,,,False,False
deco,12362_00,pocket,False,False,absent,absent,,,False,False
deco,12362_00,zipper,False,False,absent,absent,,,False,False
deco,12362_00,sleeve,True,True,present,present,0.1945694386959076,0.1967919021844864,False,False
deco,12362_00,shoulder,True,True,present,present,0.2091480791568756,0.49095627665519714,False,False
deco,12362_00,logo,True,True,present,present,0.21453003585338593,0.2145300805568695,False,False
deco,12365_00,collar,False,False,absent,absent,,,False,False
deco,12365_00,lapel,False,False,absent,absent,,,False,False
deco,12365_00,cuff,False,False,absent,absent,,,False,False
deco,12365_00,button hole,False,False,absent,absent,,,False,False
deco,12365_00,button,False,False,absent,absent,,,False,False
deco,12365_00,pocket,False,False,absent,absent,,,False,False
deco,12365_00,zipper,False,False,absent,absent,,,False,False
deco,12365_00,sleeve,False,False,absent,absent,,,False,False
deco,12365_00,shoulder,True,True,present,present,0.27677422761917114,0.26003706455230713,False,False
deco,12365_00,logo,False,False,absent,absent,,,False,False
deco,12419_00,collar,False,False,absent,absent,,,False,False
deco,12419_00,lapel,False,False,absent,absent,,,False,False
deco,12419_00,cuff,False,False,absent,absent,,,False,False
deco,12419_00,button hole,False,False,absent,absent,,,False,False
deco,12419_00,button,False,False,absent,absent,,,False,False
deco,12419_00,pocket,False,False,absent,absent,,,False,False
deco,12419_00,zipper,False,False,absent,absent,,,False,False
deco,12419_00,sleeve,False,False,absent,absent,,,False,False
deco,12419_00,shoulder,True,True,present,present,0.29420939087867737,0.3644729554653168,False,False
deco,12419_00,logo,False,False,absent,absent,,,False,False
deco,12541_00,collar,False,False,absent,absent,,,False,False
deco,12541_00,lapel,False,False,absent,absent,,,False,False
deco,12541_00,cuff,False,False,absent,absent,,,False,False
deco,12541_00,button hole,False,False,absent,absent,,,False,False
deco,12541_00,button,False,False,absent,absent,,,False,False
deco,12541_00,pocket,False,False,absent,absent,,,False,False
deco,12541_00,zipper,False,False,absent,absent,,,False,False
deco,12541_00,sleeve,False,False,absent,absent,,,False,False
deco,12541_00,shoulder,True,True,present,present,0.3086013197898865,0.3086013197898865,False,False
deco,12541_00,logo,False,False,absent,absent,,,False,False
deco,12572_00,collar,False,False,absent,absent,,,False,False
deco,12572_00,lapel,False,False,absent,absent,,,False,False
deco,12572_00,cuff,False,False,absent,uncertain,,,False,False
deco,12572_00,button hole,False,False,absent,absent,,,False,False
deco,12572_00,button,False,False,absent,absent,,,False,False
deco,12572_00,pocket,False,False,absent,absent,,,False,False
deco,12572_00,zipper,False,False,absent,absent,,,False,False
deco,12572_00,sleeve,True,True,present,present,0.2990664839744568,0.5417906641960144,False,False
deco,12572_00,shoulder,True,True,present,present,0.45284971594810486,0.4091798663139343,False,False
deco,12572_00,logo,False,False,absent,absent,,,False,False
deco,12651_00,collar,False,False,absent,absent,,,False,False
deco,12651_00,lapel,False,False,absent,absent,,,False,False
deco,12651_00,cuff,True,False,present,absent,0.729151725769043,,True,False
deco,12651_00,button hole,False,False,absent,absent,,,False,False
deco,12651_00,button,False,False,absent,absent,,,False,False
deco,12651_00,pocket,False,False,absent,absent,,,False,False
deco,12651_00,zipper,False,False,absent,absent,,,False,False
deco,12651_00,sleeve,True,True,present,present,0.7970401644706726,0.8553504943847656,False,False
deco,12651_00,shoulder,True,True,present,present,0.8303676247596741,0.7793518900871277,False,False
deco,12651_00,logo,False,False,absent,absent,,,False,False
deco,12661_00,collar,False,False,absent,absent,,,False,False
deco,12661_00,lapel,False,False,absent,absent,,,False,False
deco,12661_00,cuff,False,False,absent,absent,,,False,False
deco,12661_00,button hole,False,False,absent,absent,,,False,False
deco,12661_00,button,False,False,absent,absent,,,False,False
deco,12661_00,pocket,False,False,absent,absent,,,False,False
deco,12661_00,zipper,False,False,absent,absent,,,False,False
deco,12661_00,sleeve,True,True,present,present,0.4635964632034302,0.636683464050293,False,False
deco,12661_00,shoulder,True,True,present,present,0.3912947475910187,0.550512969493866,False,False
deco,12661_00,logo,False,False,absent,absent,,,False,False
deco,12749_00,collar,False,False,absent,absent,,,False,False
deco,12749_00,lapel,False,False,absent,absent,,,False,False
deco,12749_00,cuff,False,False,absent,absent,,,False,False
deco,12749_00,button hole,False,False,absent,absent,,,False,False
deco,12749_00,button,False,False,absent,absent,,,False,False
deco,12749_00,pocket,False,False,absent,absent,,,False,False
deco,12749_00,zipper,False,False,absent,absent,,,False,False
deco,12749_00,sleeve,True,True,present,present,0.3790947496891022,0.6620834469795227,False,False
deco,12749_00,shoulder,True,True,present,present,0.41779232025146484,0.5655999779701233,False,False
deco,12749_00,logo,False,False,absent,absent,,,False,False
deco,13126_00,collar,False,False,absent,uncertain,,,False,False
deco,13126_00,lapel,False,False,absent,absent,,,False,False
deco,13126_00,cuff,False,False,absent,absent,,,False,False
deco,13126_00,button hole,False,False,absent,absent,,,False,False
deco,13126_00,button,False,False,absent,absent,,,False,False
deco,13126_00,pocket,False,False,absent,absent,,,False,False
deco,13126_00,zipper,False,False,absent,absent,,,False,False
deco,13126_00,sleeve,True,True,present,present,0.2575540244579315,0.256458580493927,False,False
deco,13126_00,shoulder,True,True,present,present,0.17610794305801392,0.19245347380638123,False,False
deco,13126_00,logo,False,False,absent,absent,,,False,False
deco,13140_00,collar,False,False,absent,absent,,,False,False
deco,13140_00,lapel,False,False,absent,absent,,,False,False
deco,13140_00,cuff,True,False,present,absent,0.3704695701599121,,True,False
deco,13140_00,button hole,False,False,absent,absent,,,False,False
deco,13140_00,button,False,False,absent,absent,,,False,False
deco,13140_00,pocket,False,False,absent,absent,,,False,False
deco,13140_00,zipper,False,False,absent,absent,,,False,False
deco,13140_00,sleeve,True,False,present,present,0.41086429357528687,,True,False
deco,13140_00,shoulder,True,True,present,present,0.40049654245376587,0.5455269813537598,False,False
deco,13140_00,logo,False,False,absent,absent,,,False,False
deco,13172_00,collar,True,True,present,present,0.31680962443351746,0.27237406373023987,False,False
deco,13172_00,lapel,False,False,absent,absent,,,False,False
deco,13172_00,cuff,False,False,absent,absent,,,False,False
deco,13172_00,button hole,False,False,absent,absent,,,False,False
deco,13172_00,button,False,False,absent,absent,,,False,False
deco,13172_00,pocket,False,False,absent,absent,,,False,False
deco,13172_00,zipper,False,False,absent,absent,,,False,False
deco,13172_00,sleeve,True,True,present,present,0.2545355558395386,0.32825347781181335,False,False
deco,13172_00,shoulder,True,True,present,present,0.2513251006603241,0.33663085103034973,False,False
deco,13172_00,logo,True,True,present,present,0.19042707979679108,0.20209485292434692,False,False
deco,13491_00,collar,False,False,absent,absent,,,False,False
deco,13491_00,lapel,False,False,absent,absent,,,False,False
deco,13491_00,cuff,False,False,absent,absent,,,False,False
deco,13491_00,button hole,False,False,absent,absent,,,False,False
deco,13491_00,button,False,False,absent,absent,,,False,False
deco,13491_00,pocket,False,False,absent,absent,,,False,False
deco,13491_00,zipper,False,False,absent,absent,,,False,False
deco,13491_00,sleeve,True,True,present,present,0.20936529338359833,0.18001553416252136,False,False
deco,13491_00,shoulder,True,True,present,present,0.3108610212802887,0.2887105941772461,False,False
deco,13491_00,logo,True,True,present,present,0.551565408706665,0.644415020942688,False,False
deco,13517_00,collar,True,True,present,present,0.2384732961654663,0.27125510573387146,False,False
deco,13517_00,lapel,False,False,absent,absent,,,False,False
deco,13517_00,cuff,False,False,absent,absent,,,False,False
deco,13517_00,button hole,False,False,absent,absent,,,False,False
deco,13517_00,button,False,False,absent,absent,,,False,False
deco,13517_00,pocket,False,False,absent,absent,,,False,False
deco,13517_00,zipper,False,False,absent,absent,,,False,False
deco,13517_00,sleeve,False,False,absent,absent,,,False,False
deco,13517_00,shoulder,True,True,present,present,0.3407849967479706,0.4290447235107422,False,False
deco,13517_00,logo,False,False,absent,absent,,,False,False
deco,13589_00,collar,False,False,absent,absent,,,False,False
deco,13589_00,lapel,False,False,absent,absent,,,False,False
deco,13589_00,cuff,False,False,absent,absent,,,False,False
deco,13589_00,button hole,False,False,absent,absent,,,False,False
deco,13589_00,button,False,False,absent,absent,,,False,False
deco,13589_00,pocket,False,False,absent,absent,,,False,False
deco,13589_00,zipper,False,False,absent,absent,,,False,False
deco,13589_00,sleeve,True,True,present,present,0.5392495393753052,0.5018414855003357,False,False
deco,13589_00,shoulder,True,True,present,present,0.42849311232566833,0.5447961091995239,False,False
deco,13589_00,logo,False,False,absent,absent,,,False,False
deco,13967_00,collar,False,False,absent,absent,,,False,False
deco,13967_00,lapel,False,False,absent,absent,,,False,False
deco,13967_00,cuff,False,False,absent,absent,,,False,False
deco,13967_00,button hole,False,False,absent,absent,,,False,False
deco,13967_00,button,False,False,absent,absent,,,False,False
deco,13967_00,pocket,False,False,absent,absent,,,False,False
deco,13967_00,zipper,False,False,absent,absent,,,False,False
deco,13967_00,sleeve,True,True,present,present,0.3281736671924591,0.2759656310081482,False,False
deco,13967_00,shoulder,True,True,present,present,0.3135707974433899,0.4281265437602997,False,False
deco,13967_00,logo,False,False,absent,absent,,,False,False
deco,13988_00,collar,False,False,absent,absent,,,False,False
deco,13988_00,lapel,False,False,absent,absent,,,False,False
deco,13988_00,cuff,False,False,absent,absent,,,False,False
deco,13988_00,button hole,False,False,absent,absent,,,False,False
deco,13988_00,button,False,False,absent,absent,,,False,False
deco,13988_00,pocket,False,False,absent,absent,,,False,False
deco,13988_00,zipper,False,False,absent,absent,,,False,False
deco,13988_00,sleeve,True,True,present,present,0.26302623748779297,0.2490134835243225,False,False
deco,13988_00,shoulder,True,True,present,present,0.36718130111694336,0.3651285767555237,False,False
deco,13988_00,logo,False,False,absent,absent,,,False,False
deco,14009_00,collar,True,False,present,absent,0.5994371771812439,,True,False
deco,14009_00,lapel,False,False,absent,absent,,,False,False
deco,14009_00,cuff,False,False,absent,absent,,,False,False
deco,14009_00,button hole,False,False,absent,absent,,,False,False
deco,14009_00,button,False,False,absent,absent,,,False,False
deco,14009_00,pocket,False,False,absent,absent,,,False,False
deco,14009_00,zipper,False,False,absent,absent,,,False,False
deco,14009_00,sleeve,False,False,absent,absent,,,False,False
deco,14009_00,shoulder,True,True,present,present,0.6548288464546204,0.6298713684082031,False,False
deco,14009_00,logo,False,False,absent,absent,,,False,False
deco,14059_00,collar,False,False,absent,absent,,,False,False
deco,14059_00,lapel,False,False,absent,absent,,,False,False
deco,14059_00,cuff,False,False,absent,absent,,,False,False
deco,14059_00,button hole,False,False,absent,absent,,,False,False
deco,14059_00,button,False,False,absent,absent,,,False,False
deco,14059_00,pocket,False,False,absent,absent,,,False,False
deco,14059_00,zipper,False,False,absent,absent,,,False,False
deco,14059_00,sleeve,False,False,absent,absent,,,False,False
deco,14059_00,shoulder,True,True,present,present,0.24018651247024536,0.34858977794647217,False,False
deco,14059_00,logo,False,False,absent,absent,,,False,False
deco,14173_00,collar,False,False,absent,absent,,,False,False
deco,14173_00,lapel,False,False,absent,absent,,,False,False
deco,14173_00,cuff,True,True,present,present,0.5743871927261353,0.5743871927261353,False,False
deco,14173_00,button hole,False,False,absent,absent,,,False,False
deco,14173_00,button,False,False,absent,absent,,,False,False
deco,14173_00,pocket,False,False,absent,absent,,,False,False
deco,14173_00,zipper,False,False,absent,absent,,,False,False
deco,14173_00,sleeve,True,True,present,present,0.7002589702606201,0.6619737148284912,False,False
deco,14173_00,shoulder,True,True,present,present,0.5544983148574829,0.5544983148574829,False,False
deco,14173_00,logo,False,False,absent,absent,,,False,False
deco,14181_00,collar,True,True,present,present,0.19979971647262573,0.19979971647262573,False,False
deco,14181_00,lapel,False,False,absent,absent,,,False,False
deco,14181_00,cuff,True,True,present,present,0.19022877514362335,0.19022877514362335,False,False
deco,14181_00,button hole,False,False,absent,absent,,,False,False
deco,14181_00,button,False,False,absent,absent,,,False,False
deco,14181_00,pocket,False,False,absent,absent,,,False,False
deco,14181_00,zipper,False,False,absent,absent,,,False,False
deco,14181_00,sleeve,True,True,present,present,0.2141655534505844,0.4009755551815033,False,False
deco,14181_00,shoulder,True,True,present,present,0.28222256898880005,0.2668180465698242,False,False
deco,14181_00,logo,True,True,present,present,0.2421501874923706,0.29064875841140747,False,False
deco,14189_00,collar,False,False,uncertain,absent,,,False,False
deco,14189_00,lapel,False,False,absent,absent,,,False,False
deco,14189_00,cuff,False,False,absent,absent,,,False,False
deco,14189_00,button hole,False,False,absent,absent,,,False,False
deco,14189_00,button,False,False,absent,absent,,,False,False
deco,14189_00,pocket,False,False,absent,absent,,,False,False
deco,14189_00,zipper,False,False,absent,absent,,,False,False
deco,14189_00,sleeve,True,True,present,present,0.25658920407295227,0.25658920407295227,False,False
deco,14189_00,shoulder,True,True,present,present,0.2950572967529297,0.2950572967529297,False,False
deco,14189_00,logo,False,False,absent,absent,,,False,False
deco,14471_00,collar,False,False,uncertain,absent,,,False,False
deco,14471_00,lapel,False,False,absent,absent,,,False,False
deco,14471_00,cuff,True,True,present,present,0.36459416151046753,0.5517467856407166,False,False
deco,14471_00,button hole,False,False,absent,absent,,,False,False
deco,14471_00,button,False,False,absent,absent,,,False,False
deco,14471_00,pocket,False,False,absent,absent,,,False,False
deco,14471_00,zipper,False,False,absent,absent,,,False,False
deco,14471_00,sleeve,True,True,present,present,0.37366098165512085,0.38841351866722107,False,False
deco,14471_00,shoulder,True,True,present,present,0.43819573521614075,0.44695502519607544,False,False
deco,14471_00,logo,False,False,absent,absent,,,False,False
deco,14651_00,collar,True,True,present,present,0.46687501668930054,0.4484562575817108,False,False
deco,14651_00,lapel,False,False,absent,absent,,,False,False
deco,14651_00,cuff,True,True,present,present,0.2709537446498871,0.2898034155368805,False,False
deco,14651_00,button hole,False,False,absent,absent,,,False,False
deco,14651_00,button,False,False,absent,absent,,,False,False
deco,14651_00,pocket,False,False,absent,absent,,,False,False
deco,14651_00,zipper,False,False,absent,absent,,,False,False
deco,14651_00,sleeve,True,True,present,present,0.3068692088127136,0.2951491177082062,False,False
deco,14651_00,shoulder,True,True,present,present,0.37919339537620544,0.4005821943283081,False,False
deco,14651_00,logo,False,False,uncertain,uncertain,,,False,False
fastfit,00013_00,collar,True,True,present,present,0.23434779047966003,0.3758678436279297,False,False
fastfit,00013_00,lapel,False,False,absent,absent,,,False,False
fastfit,00013_00,cuff,True,True,present,present,0.2704007923603058,0.27049148082733154,False,False
fastfit,00013_00,button hole,False,False,absent,absent,,,False,False
fastfit,00013_00,button,False,False,absent,absent,,,False,False
fastfit,00013_00,pocket,False,False,absent,absent,,,False,False
fastfit,00013_00,zipper,False,False,absent,absent,,,False,False
fastfit,00013_00,sleeve,True,True,present,present,0.30377131700515747,0.31468310952186584,False,False
fastfit,00013_00,shoulder,True,True,present,present,0.19805067777633667,0.4263937175273895,False,False
fastfit,00013_00,logo,True,False,present,uncertain,0.22715167701244354,,True,False
fastfit,00272_00,collar,False,False,absent,absent,,,False,False
fastfit,00272_00,lapel,False,False,absent,absent,,,False,False
fastfit,00272_00,cuff,False,False,absent,absent,,,False,False
fastfit,00272_00,button hole,False,False,absent,absent,,,False,False
fastfit,00272_00,button,False,False,absent,absent,,,False,False
fastfit,00272_00,pocket,False,False,absent,absent,,,False,False
fastfit,00272_00,zipper,False,False,absent,absent,,,False,False
fastfit,00272_00,sleeve,False,False,absent,absent,,,False,False
fastfit,00272_00,shoulder,True,True,present,present,0.4134909510612488,0.4352828562259674,False,False
fastfit,00272_00,logo,False,False,absent,absent,,,False,False
fastfit,00401_00,collar,True,True,present,present,0.4981164038181305,0.5169486999511719,False,False
fastfit,00401_00,lapel,False,False,absent,absent,,,False,False
fastfit,00401_00,cuff,True,True,present,present,0.3380613625049591,0.46161985397338867,False,False
fastfit,00401_00,button hole,False,False,absent,absent,,,False,False
fastfit,00401_00,button,False,False,absent,absent,,,False,False
fastfit,00401_00,pocket,False,False,absent,absent,,,False,False
fastfit,00401_00,zipper,False,False,absent,absent,,,False,False
fastfit,00401_00,sleeve,True,True,present,present,0.39285141229629517,0.4364892244338989,False,False
fastfit,00401_00,shoulder,False,True,present,present,,,False,False
fastfit,00401_00,logo,False,False,absent,absent,,,False,False
fastfit,00494_00,collar,False,False,uncertain,uncertain,,,False,False
fastfit,00494_00,lapel,False,False,absent,absent,,,False,False
fastfit,00494_00,cuff,True,True,present,present,0.2725074887275696,0.2725074887275696,False,False
fastfit,00494_00,button hole,False,False,absent,absent,,,False,False
fastfit,00494_00,button,False,False,absent,absent,,,False,False
fastfit,00494_00,pocket,False,False,absent,absent,,,False,False
fastfit,00494_00,zipper,False,False,absent,absent,,,False,False
fastfit,00494_00,sleeve,True,True,present,present,0.4867563545703888,0.7925952076911926,False,False
fastfit,00494_00,shoulder,False,True,present,present,,,False,False
fastfit,00494_00,logo,True,True,present,present,0.5681896209716797,0.5866925120353699,False,False
fastfit,00698_00,collar,False,False,absent,absent,,,False,False
fastfit,00698_00,lapel,False,False,absent,absent,,,False,False
fastfit,00698_00,cuff,False,False,absent,absent,,,False,False
fastfit,00698_00,button hole,False,False,absent,absent,,,False,False
fastfit,00698_00,button,False,False,present,uncertain,,,False,False
fastfit,00698_00,pocket,False,False,absent,absent,,,False,False
fastfit,00698_00,zipper,False,False,absent,absent,,,False,False
fastfit,00698_00,sleeve,True,True,present,present,0.3289235234260559,0.3869529664516449,False,False
fastfit,00698_00,shoulder,True,True,present,present,0.3159885108470917,0.31757092475891113,False,False
fastfit,00698_00,logo,False,False,absent,absent,,,False,False
fastfit,00827_00,collar,False,False,absent,absent,,,False,False
fastfit,00827_00,lapel,False,False,absent,absent,,,False,False
fastfit,00827_00,cuff,False,False,absent,absent,,,False,False
fastfit,00827_00,button hole,False,False,absent,absent,,,False,False
fastfit,00827_00,button,False,False,absent,absent,,,False,False
fastfit,00827_00,pocket,False,False,absent,absent,,,False,False
fastfit,00827_00,zipper,False,False,absent,absent,,,False,False
fastfit,00827_00,sleeve,False,False,absent,absent,,,False,False
fastfit,00827_00,shoulder,True,True,present,present,0.42926332354545593,0.42926332354545593,False,False
fastfit,00827_00,logo,False,False,absent,absent,,,False,False
fastfit,01026_00,collar,True,True,present,present,0.3934565782546997,0.6814672946929932,False,False
fastfit,01026_00,lapel,False,False,absent,absent,,,False,False
fastfit,01026_00,cuff,True,True,present,present,0.4104063808917999,0.5949931144714355,False,False
fastfit,01026_00,button hole,False,False,absent,absent,,,False,False
fastfit,01026_00,button,False,False,absent,absent,,,False,False
fastfit,01026_00,pocket,False,False,absent,absent,,,False,False
fastfit,01026_00,zipper,False,False,absent,absent,,,False,False
fastfit,01026_00,sleeve,True,True,present,present,0.4622683823108673,0.655907154083252,False,False
fastfit,01026_00,shoulder,True,True,present,present,0.41460397839546204,0.3934251368045807,False,False
fastfit,01026_00,logo,False,False,uncertain,uncertain,,,False,False
fastfit,01046_00,collar,False,False,absent,absent,,,False,False
fastfit,01046_00,lapel,False,False,absent,absent,,,False,False
fastfit,01046_00,cuff,True,True,present,present,0.2664903700351715,0.30820128321647644,False,False
fastfit,01046_00,button hole,False,False,absent,absent,,,False,False
fastfit,01046_00,button,True,True,present,present,0.527309238910675,0.5366564989089966,False,False
fastfit,01046_00,pocket,False,False,absent,absent,,,False,False
fastfit,01046_00,zipper,False,False,absent,absent,,,False,False
fastfit,01046_00,sleeve,True,True,present,present,0.3030048906803131,0.29803693294525146,False,False
fastfit,01046_00,shoulder,False,True,present,present,,,False,False
fastfit,01046_00,logo,False,False,absent,absent,,,False,False
fastfit,01090_00,collar,True,False,present,uncertain,0.7913389801979065,,True,False
fastfit,01090_00,lapel,False,False,absent,absent,,,False,False
fastfit,01090_00,cuff,True,True,present,present,0.27725231647491455,0.35775139927864075,False,False
fastfit,01090_00,button hole,False,False,absent,absent,,,False,False
fastfit,01090_00,button,False,False,absent,absent,,,False,False
fastfit,01090_00,pocket,False,False,absent,absent,,,False,False
fastfit,01090_00,zipper,False,False,absent,absent,,,False,False
fastfit,01090_00,sleeve,True,True,present,present,0.6076550483703613,0.65446937084198,False,False
fastfit,01090_00,shoulder,True,True,present,present,0.7520625591278076,0.7610761523246765,False,False
fastfit,01090_00,logo,False,False,absent,absent,,,False,False
fastfit,01386_00,collar,True,False,present,present,0.4546298086643219,,True,False
fastfit,01386_00,lapel,False,False,absent,absent,,,False,False
fastfit,01386_00,cuff,False,True,absent,present,,,False,True
fastfit,01386_00,button hole,False,False,absent,absent,,,False,False
fastfit,01386_00,button,False,False,absent,absent,,,False,False
fastfit,01386_00,pocket,False,False,absent,absent,,,False,False
fastfit,01386_00,zipper,False,False,absent,absent,,,False,False
fastfit,01386_00,sleeve,True,True,present,present,0.32387417554855347,0.2887381911277771,False,False
fastfit,01386_00,shoulder,True,True,present,present,0.44618749618530273,0.4438418447971344,False,False
fastfit,01386_00,logo,False,False,absent,absent,,,False,False
fastfit,01503_00,collar,False,True,uncertain,present,,,False,False
fastfit,01503_00,lapel,False,False,absent,absent,,,False,False
fastfit,01503_00,cuff,False,True,uncertain,present,,,False,False
fastfit,01503_00,button hole,False,False,absent,absent,,,False,False
fastfit,01503_00,button,False,False,absent,absent,,,False,False
fastfit,01503_00,pocket,False,False,absent,absent,,,False,False
fastfit,01503_00,zipper,False,False,absent,absent,,,False,False
fastfit,01503_00,sleeve,True,True,present,present,0.3497560918331146,0.36208218336105347,False,False
fastfit,01503_00,shoulder,True,True,present,present,0.40873202681541443,0.38799747824668884,False,False
fastfit,01503_00,logo,False,False,absent,absent,,,False,False
fastfit,01767_00,collar,False,True,absent,present,,,False,True
fastfit,01767_00,lapel,False,False,absent,absent,,,False,False
fastfit,01767_00,cuff,False,False,absent,absent,,,False,False
fastfit,01767_00,button hole,False,False,absent,absent,,,False,False
fastfit,01767_00,button,True,False,present,absent,0.36561712622642517,,True,False
fastfit,01767_00,pocket,False,False,absent,absent,,,False,False
fastfit,01767_00,zipper,False,False,absent,absent,,,False,False
fastfit,01767_00,sleeve,True,True,present,present,0.41892528533935547,0.675685703754425,False,False
fastfit,01767_00,shoulder,True,True,present,present,0.3428678512573242,0.32824546098709106,False,False
fastfit,01767_00,logo,False,False,present,present,,,False,False
fastfit,01801_00,collar,False,False,absent,absent,,,False,False
fastfit,01801_00,lapel,False,False,absent,absent,,,False,False
fastfit,01801_00,cuff,False,False,absent,absent,,,False,False
fastfit,01801_00,button hole,False,False,absent,absent,,,False,False
fastfit,01801_00,button,False,False,absent,absent,,,False,False
fastfit,01801_00,pocket,False,False,absent,absent,,,False,False
fastfit,01801_00,zipper,False,False,absent,absent,,,False,False
fastfit,01801_00,sleeve,False,False,absent,absent,,,False,False
fastfit,01801_00,shoulder,True,True,present,present,0.4806872606277466,0.4806872606277466,False,False
fastfit,01801_00,logo,False,False,absent,absent,,,False,False
fastfit,01827_00,collar,True,False,present,present,0.37183278799057007,,True,False
fastfit,01827_00,lapel,False,False,absent,absent,,,False,False
fastfit,01827_00,cuff,False,False,absent,absent,,,False,False
fastfit,01827_00,button hole,False,False,absent,absent,,,False,False
fastfit,01827_00,button,False,False,absent,absent,,,False,False
fastfit,01827_00,pocket,True,True,present,present,0.26974838972091675,0.26974835991859436,False,False
fastfit,01827_00,zipper,False,False,absent,absent,,,False,False
fastfit,01827_00,sleeve,True,True,present,present,0.29087355732917786,0.2540781497955322,False,False
fastfit,01827_00,shoulder,True,True,present,present,0.29015225172042847,0.27232807874679565,False,False
fastfit,01827_00,logo,False,False,absent,absent,,,False,False
fastfit,01832_00,collar,True,False,present,present,0.22793880105018616,,True,False
fastfit,01832_00,lapel,False,False,absent,absent,,,False,False
fastfit,01832_00,cuff,False,False,absent,absent,,,False,False
fastfit,01832_00,button hole,False,False,absent,absent,,,False,False
fastfit,01832_00,button,False,False,absent,absent,,,False,False
fastfit,01832_00,pocket,False,False,absent,absent,,,False,False
fastfit,01832_00,zipper,False,False,absent,absent,,,False,False
fastfit,01832_00,sleeve,True,True,present,present,0.2842126488685608,0.27856484055519104,False,False
fastfit,01832_00,shoulder,True,True,present,present,0.24582980573177338,0.2696514427661896,False,False
fastfit,01832_00,logo,False,False,absent,absent,,,False,False
fastfit,01877_00,collar,True,True,present,present,0.579012930393219,0.579012930393219,False,False
fastfit,01877_00,lapel,False,False,absent,absent,,,False,False
fastfit,01877_00,cuff,False,False,absent,absent,,,False,False
fastfit,01877_00,button hole,False,False,absent,absent,,,False,False
fastfit,01877_00,button,False,False,absent,absent,,,False,False
fastfit,01877_00,pocket,False,False,absent,absent,,,False,False
fastfit,01877_00,zipper,False,False,absent,absent,,,False,False
fastfit,01877_00,sleeve,True,True,present,present,0.5310246348381042,0.5597112774848938,False,False
fastfit,01877_00,shoulder,True,True,present,present,0.5296649932861328,0.6027219295501709,False,False
fastfit,01877_00,logo,False,False,present,present,,,False,False
fastfit,01900_00,collar,False,False,absent,absent,,,False,False
fastfit,01900_00,lapel,False,False,absent,absent,,,False,False
fastfit,01900_00,cuff,True,False,present,absent,0.34469878673553467,,True,False
fastfit,01900_00,button hole,False,False,absent,absent,,,False,False
fastfit,01900_00,button,False,False,absent,absent,,,False,False
fastfit,01900_00,pocket,False,False,absent,absent,,,False,False
fastfit,01900_00,zipper,False,False,absent,absent,,,False,False
fastfit,01900_00,sleeve,True,True,present,present,0.408954381942749,0.5005450248718262,False,False
fastfit,01900_00,shoulder,True,True,present,present,0.4303649365901947,0.535874605178833,False,False
fastfit,01900_00,logo,False,False,absent,absent,,,False,False
fastfit,01917_00,collar,True,False,present,present,0.34149736166000366,,True,False
fastfit,01917_00,lapel,False,False,absent,absent,,,False,False
fastfit,01917_00,cuff,False,False,absent,absent,,,False,False
fastfit,01917_00,button hole,False,False,absent,absent,,,False,False
fastfit,01917_00,button,False,False,absent,absent,,,False,False
fastfit,01917_00,pocket,False,False,absent,absent,,,False,False
fastfit,01917_00,zipper,False,False,absent,absent,,,False,False
fastfit,01917_00,sleeve,True,True,present,present,0.2688002288341522,0.5826564431190491,False,False
fastfit,01917_00,shoulder,True,True,present,present,0.36921751499176025,0.5590754747390747,False,False
fastfit,01917_00,logo,False,False,absent,absent,,,False,False
fastfit,01994_00,collar,False,False,absent,absent,,,False,False
fastfit,01994_00,lapel,False,False,absent,absent,,,False,False
fastfit,01994_00,cuff,False,False,absent,absent,,,False,False
fastfit,01994_00,button hole,False,False,absent,absent,,,False,False
fastfit,01994_00,button,False,False,absent,absent,,,False,False
fastfit,01994_00,pocket,False,False,absent,absent,,,False,False
fastfit,01994_00,zipper,False,False,absent,absent,,,False,False
fastfit,01994_00,sleeve,True,True,present,present,0.38299843668937683,0.36722496151924133,False,False
fastfit,01994_00,shoulder,True,True,present,present,0.40182435512542725,0.4251239001750946,False,False
fastfit,01994_00,logo,False,False,absent,absent,,,False,False
fastfit,02180_00,collar,True,True,present,present,0.5960208177566528,0.5960208773612976,False,False
fastfit,02180_00,lapel,False,False,absent,absent,,,False,False
fastfit,02180_00,cuff,False,False,uncertain,absent,,,False,False
fastfit,02180_00,button hole,False,False,absent,absent,,,False,False
fastfit,02180_00,button,False,True,absent,present,,,False,True
fastfit,02180_00,pocket,False,False,absent,absent,,,False,False
fastfit,02180_00,zipper,False,False,absent,absent,,,False,False
fastfit,02180_00,sleeve,True,True,present,present,0.5148855447769165,0.5147761702537537,False,False
fastfit,02180_00,shoulder,True,True,present,present,0.5248479843139648,0.483158677816391,False,False
fastfit,02180_00,logo,True,True,present,present,0.5079534649848938,0.5079534649848938,False,False
fastfit,02253_00,collar,False,False,uncertain,present,,,False,False
fastfit,02253_00,lapel,False,False,absent,absent,,,False,False
fastfit,02253_00,cuff,True,False,present,absent,0.355569064617157,,True,False
fastfit,02253_00,button hole,False,False,absent,absent,,,False,False
fastfit,02253_00,button,False,False,absent,absent,,,False,False
fastfit,02253_00,pocket,False,False,absent,absent,,,False,False
fastfit,02253_00,zipper,False,False,absent,absent,,,False,False
fastfit,02253_00,sleeve,True,True,present,present,0.5789049863815308,0.5789050459861755,False,False
fastfit,02253_00,shoulder,True,True,present,present,0.574467122554779,0.5701127648353577,False,False
fastfit,02253_00,logo,False,False,absent,absent,,,False,False
fastfit,02327_00,collar,True,False,present,absent,0.6940792202949524,,True,False
fastfit,02327_00,lapel,False,False,absent,absent,,,False,False
fastfit,02327_00,cuff,False,False,absent,absent,,,False,False
fastfit,02327_00,button hole,False,False,absent,absent,,,False,False
fastfit,02327_00,button,False,False,absent,absent,,,False,False
fastfit,02327_00,pocket,False,False,absent,absent,,,False,False
fastfit,02327_00,zipper,False,False,absent,absent,,,False,False
fastfit,02327_00,sleeve,False,True,present,present,,,False,False
fastfit,02327_00,shoulder,True,True,present,present,0.6792499423027039,0.7099316120147705,False,False
fastfit,02327_00,logo,False,False,absent,absent,,,False,False
fastfit,02336_00,collar,False,False,absent,absent,,,False,False
fastfit,02336_00,lapel,False,False,absent,absent,,,False,False
fastfit,02336_00,cuff,False,False,absent,absent,,,False,False
fastfit,02336_00,button hole,False,False,absent,absent,,,False,False
fastfit,02336_00,button,False,False,absent,absent,,,False,False
fastfit,02336_00,pocket,False,False,absent,absent,,,False,False
fastfit,02336_00,zipper,False,False,absent,absent,,,False,False
fastfit,02336_00,sleeve,False,False,absent,present,,,False,False
fastfit,02336_00,shoulder,True,True,present,present,0.5342981815338135,0.5287854075431824,False,False
fastfit,02336_00,logo,False,False,absent,absent,,,False,False
fastfit,02372_00,collar,False,False,absent,absent,,,False,False
fastfit,02372_00,lapel,False,False,absent,absent,,,False,False
fastfit,02372_00,cuff,False,False,absent,absent,,,False,False
fastfit,02372_00,button hole,False,False,absent,absent,,,False,False
fastfit,02372_00,button,False,False,absent,absent,,,False,False
fastfit,02372_00,pocket,False,False,absent,absent,,,False,False
fastfit,02372_00,zipper,False,False,absent,absent,,,False,False
fastfit,02372_00,sleeve,False,False,absent,absent,,,False,False
fastfit,02372_00,shoulder,True,True,present,present,0.31248247623443604,0.5727956295013428,False,False
fastfit,02372_00,logo,False,False,absent,absent,,,False,False
fastfit,02388_00,collar,True,False,present,present,0.4197222590446472,,True,False
fastfit,02388_00,lapel,False,False,absent,absent,,,False,False
fastfit,02388_00,cuff,False,False,absent,absent,,,False,False
fastfit,02388_00,button hole,False,False,absent,absent,,,False,False
fastfit,02388_00,button,False,False,absent,absent,,,False,False
fastfit,02388_00,pocket,False,False,absent,absent,,,False,False
fastfit,02388_00,zipper,False,False,absent,absent,,,False,False
fastfit,02388_00,sleeve,True,True,present,present,0.5838204026222229,0.6848557591438293,False,False
fastfit,02388_00,shoulder,True,True,present,present,0.5425150990486145,0.5163341164588928,False,False
fastfit,02388_00,logo,False,False,absent,absent,,,False,False
fastfit,02400_00,collar,False,False,absent,absent,,,False,False
fastfit,02400_00,lapel,False,False,absent,absent,,,False,False
fastfit,02400_00,cuff,False,False,absent,absent,,,False,False
fastfit,02400_00,button hole,False,False,absent,absent,,,False,False
fastfit,02400_00,button,False,False,absent,absent,,,False,False
fastfit,02400_00,pocket,False,False,absent,absent,,,False,False
fastfit,02400_00,zipper,False,False,absent,absent,,,False,False
fastfit,02400_00,sleeve,True,True,present,present,0.6463797688484192,0.671339213848114,False,False
fastfit,02400_00,shoulder,True,True,present,present,0.7511543035507202,0.7898671627044678,False,False
fastfit,02400_00,logo,False,False,absent,absent,,,False,False
fastfit,02457_00,collar,False,False,absent,absent,,,False,False
fastfit,02457_00,lapel,False,False,absent,absent,,,False,False
fastfit,02457_00,cuff,False,False,absent,absent,,,False,False
fastfit,02457_00,button hole,False,False,absent,absent,,,False,False
fastfit,02457_00,button,False,False,absent,absent,,,False,False
fastfit,02457_00,pocket,False,False,absent,absent,,,False,False
fastfit,02457_00,zipper,False,False,absent,absent,,,False,False
fastfit,02457_00,sleeve,True,True,present,present,0.5353983640670776,0.5153518915176392,False,False
fastfit,02457_00,shoulder,True,True,present,present,0.432834267616272,0.40763577818870544,False,False
fastfit,02457_00,logo,False,False,absent,absent,,,False,False
fastfit,02743_00,collar,True,True,present,present,0.6593108177185059,0.7496940493583679,False,False
fastfit,02743_00,lapel,False,False,absent,absent,,,False,False
fastfit,02743_00,cuff,True,False,present,uncertain,0.3028152287006378,,True,False
fastfit,02743_00,button hole,False,False,absent,absent,,,False,False
fastfit,02743_00,button,False,False,absent,absent,,,False,False
fastfit,02743_00,pocket,False,False,absent,absent,,,False,False
fastfit,02743_00,zipper,False,False,absent,absent,,,False,False
fastfit,02743_00,sleeve,True,True,present,present,0.4176402688026428,0.3628512918949127,False,False
fastfit,02743_00,shoulder,True,True,present,present,0.39580586552619934,0.4124268591403961,False,False
fastfit,02743_00,logo,True,True,present,present,0.3283086121082306,0.6677983403205872,False,False
fastfit,02810_00,collar,False,False,absent,absent,,,False,False
fastfit,02810_00,lapel,False,False,absent,absent,,,False,False
fastfit,02810_00,cuff,False,False,absent,present,,,False,False
fastfit,02810_00,button hole,False,False,absent,absent,,,False,False
fastfit,02810_00,button,False,False,absent,absent,,,False,False
fastfit,02810_00,pocket,True,True,present,present,0.5993317365646362,0.5993317365646362,False,False
fastfit,02810_00,zipper,False,False,absent,absent,,,False,False
fastfit,02810_00,sleeve,True,True,present,present,0.3299061059951782,0.3096604347229004,False,False
fastfit,02810_00,shoulder,True,True,present,present,0.38206955790519714,0.3855600953102112,False,False
fastfit,02810_00,logo,False,False,absent,absent,,,False,False
fastfit,02871_00,collar,True,False,present,present,0.36185309290885925,,True,False
fastfit,02871_00,lapel,False,False,absent,absent,,,False,False
fastfit,02871_00,cuff,False,False,uncertain,absent,,,False,False
fastfit,02871_00,button hole,False,False,absent,absent,,,False,False
fastfit,02871_00,button,False,False,absent,absent,,,False,False
fastfit,02871_00,pocket,False,False,absent,absent,,,False,False
fastfit,02871_00,zipper,False,False,absent,absent,,,False,False
fastfit,02871_00,sleeve,True,True,present,present,0.22672531008720398,0.22672522068023682,False,False
fastfit,02871_00,shoulder,True,False,present,present,0.2387342005968094,,True,False
fastfit,02871_00,logo,True,True,present,present,0.26183953881263733,0.31269770860671997,False,False
fastfit,03013_00,collar,True,True,present,present,0.2178865224123001,0.32188427448272705,False,False
fastfit,03013_00,lapel,False,False,absent,absent,,,False,False
fastfit,03013_00,cuff,False,False,absent,absent,,,False,False
fastfit,03013_00,button hole,False,False,absent,absent,,,False,False
fastfit,03013_00,button,False,False,absent,absent,,,False,False
fastfit,03013_00,pocket,False,False,absent,absent,,,False,False
fastfit,03013_00,zipper,False,False,absent,absent,,,False,False
fastfit,03013_00,sleeve,True,True,present,present,0.2661038041114807,0.27035507559776306,False,False
fastfit,03013_00,shoulder,True,True,present,present,0.21540656685829163,0.21540656685829163,False,False
fastfit,03013_00,logo,False,False,absent,absent,,,False,False
fastfit,03191_00,collar,False,False,absent,absent,,,False,False
fastfit,03191_00,lapel,False,False,absent,absent,,,False,False
fastfit,03191_00,cuff,False,True,uncertain,present,,,False,False
fastfit,03191_00,button hole,False,False,absent,absent,,,False,False
fastfit,03191_00,button,False,False,absent,absent,,,False,False
fastfit,03191_00,pocket,False,False,absent,absent,,,False,False
fastfit,03191_00,zipper,False,False,absent,absent,,,False,False
fastfit,03191_00,sleeve,True,True,present,present,0.40040552616119385,0.4470148980617523,False,False
fastfit,03191_00,shoulder,True,True,present,present,0.3334905207157135,0.2886851727962494,False,False
fastfit,03191_00,logo,False,False,absent,absent,,,False,False
fastfit,03608_00,collar,True,False,present,present,0.3543456792831421,,True,False
fastfit,03608_00,lapel,False,False,absent,absent,,,False,False
fastfit,03608_00,cuff,True,True,present,present,0.3707631826400757,0.3687657117843628,False,False
fastfit,03608_00,button hole,False,False,absent,absent,,,False,False
fastfit,03608_00,button,False,False,absent,absent,,,False,False
fastfit,03608_00,pocket,False,False,absent,absent,,,False,False
fastfit,03608_00,zipper,False,False,absent,absent,,,False,False
fastfit,03608_00,sleeve,True,True,present,present,0.4511428475379944,0.45114290714263916,False,False
fastfit,03608_00,shoulder,True,True,present,present,0.34974485635757446,0.3071202039718628,False,False
fastfit,03608_00,logo,False,False,absent,absent,,,False,False
fastfit,03935_00,collar,True,False,present,absent,0.4619116485118866,,True,False
fastfit,03935_00,lapel,False,False,absent,absent,,,False,False
fastfit,03935_00,cuff,True,False,present,uncertain,0.5038691759109497,,True,False
fastfit,03935_00,button hole,False,False,absent,absent,,,False,False
fastfit,03935_00,button,False,False,absent,absent,,,False,False
fastfit,03935_00,pocket,False,False,absent,absent,,,False,False
fastfit,03935_00,zipper,False,False,absent,absent,,,False,False
fastfit,03935_00,sleeve,True,True,present,present,0.47589433193206787,0.5172982811927795,False,False
fastfit,03935_00,shoulder,True,True,present,present,0.3432801365852356,0.39601337909698486,False,False
fastfit,03935_00,logo,False,False,absent,absent,,,False,False
fastfit,03950_00,collar,False,False,absent,absent,,,False,False
fastfit,03950_00,lapel,False,False,absent,absent,,,False,False
fastfit,03950_00,cuff,False,False,absent,present,,,False,False
fastfit,03950_00,button hole,False,False,absent,absent,,,False,False
fastfit,03950_00,button,False,False,absent,absent,,,False,False
fastfit,03950_00,pocket,False,False,absent,absent,,,False,False
fastfit,03950_00,zipper,False,False,absent,absent,,,False,False
fastfit,03950_00,sleeve,True,True,present,present,0.4020369052886963,0.4020369052886963,False,False
fastfit,03950_00,shoulder,True,True,present,present,0.3623323142528534,0.39400115609169006,False,False
fastfit,03950_00,logo,False,False,absent,absent,,,False,False
fastfit,03991_00,collar,True,False,present,present,0.6563164591789246,,True,False
fastfit,03991_00,lapel,False,False,absent,absent,,,False,False
fastfit,03991_00,cuff,False,False,absent,absent,,,False,False
fastfit,03991_00,button hole,False,False,absent,absent,,,False,False
fastfit,03991_00,button,False,False,absent,absent,,,False,False
fastfit,03991_00,pocket,False,False,absent,absent,,,False,False
fastfit,03991_00,zipper,False,False,absent,absent,,,False,False
fastfit,03991_00,sleeve,False,False,absent,absent,,,False,False
fastfit,03991_00,shoulder,True,True,present,present,0.5261054039001465,0.5261054039001465,False,False
fastfit,03991_00,logo,False,False,absent,absent,,,False,False
fastfit,04430_00,collar,True,True,present,present,0.4508916437625885,0.4508916437625885,False,False
fastfit,04430_00,lapel,False,False,absent,absent,,,False,False
fastfit,04430_00,cuff,False,False,absent,absent,,,False,False
fastfit,04430_00,button hole,False,False,absent,absent,,,False,False
fastfit,04430_00,button,False,False,absent,absent,,,False,False
fastfit,04430_00,pocket,False,False,absent,absent,,,False,False
fastfit,04430_00,zipper,False,False,absent,absent,,,False,False
fastfit,04430_00,sleeve,True,True,present,present,0.43204089999198914,0.49437785148620605,False,False
fastfit,04430_00,shoulder,True,True,present,present,0.46502166986465454,0.6502703428268433,False,False
fastfit,04430_00,logo,False,False,absent,absent,,,False,False
fastfit,04562_00,collar,True,True,present,present,0.6523596048355103,0.6523596048355103,False,False
fastfit,04562_00,lapel,False,False,absent,absent,,,False,False
fastfit,04562_00,cuff,False,False,absent,uncertain,,,False,False
fastfit,04562_00,button hole,False,False,absent,absent,,,False,False
fastfit,04562_00,button,False,False,absent,absent,,,False,False
fastfit,04562_00,pocket,False,False,absent,uncertain,,,False,False
fastfit,04562_00,zipper,False,False,absent,absent,,,False,False
fastfit,04562_00,sleeve,True,True,present,present,0.4587237536907196,0.35853680968284607,False,False
fastfit,04562_00,shoulder,True,True,present,present,0.47185978293418884,0.457091748714447,False,False
fastfit,04562_00,logo,False,False,absent,absent,,,False,False
fastfit,04652_00,collar,False,False,absent,absent,,,False,False
fastfit,04652_00,lapel,False,False,absent,absent,,,False,False
fastfit,04652_00,cuff,False,False,absent,absent,,,False,False
fastfit,04652_00,button hole,False,False,absent,absent,,,False,False
fastfit,04652_00,button,False,False,absent,absent,,,False,False
fastfit,04652_00,pocket,False,False,absent,absent,,,False,False
fastfit,04652_00,zipper,False,False,absent,absent,,,False,False
fastfit,04652_00,sleeve,True,True,present,present,0.4814397394657135,0.5627372860908508,False,False
fastfit,04652_00,shoulder,True,True,present,present,0.6104825735092163,0.5623195171356201,False,False
fastfit,04652_00,logo,False,False,absent,absent,,,False,False
fastfit,04680_00,collar,False,False,uncertain,absent,,,False,False
fastfit,04680_00,lapel,False,False,absent,absent,,,False,False
fastfit,04680_00,cuff,False,False,absent,absent,,,False,False
fastfit,04680_00,button hole,False,False,absent,absent,,,False,False
fastfit,04680_00,button,True,True,present,present,0.3619639575481415,0.37760719656944275,False,False
fastfit,04680_00,pocket,False,False,absent,absent,,,False,False
fastfit,04680_00,zipper,False,False,absent,absent,,,False,False
fastfit,04680_00,sleeve,False,False,absent,absent,,,False,False
fastfit,04680_00,shoulder,True,True,present,present,0.4999026358127594,0.4999026358127594,False,False
fastfit,04680_00,logo,False,False,absent,absent,,,False,False
fastfit,04699_00,collar,False,False,absent,absent,,,False,False
fastfit,04699_00,lapel,False,False,absent,absent,,,False,False
fastfit,04699_00,cuff,False,True,uncertain,present,,,False,False
fastfit,04699_00,button hole,False,False,absent,absent,,,False,False
fastfit,04699_00,button,False,False,absent,absent,,,False,False
fastfit,04699_00,pocket,False,False,absent,absent,,,False,False
fastfit,04699_00,zipper,False,False,absent,absent,,,False,False
fastfit,04699_00,sleeve,True,True,present,present,0.47421276569366455,0.549224853515625,False,False
fastfit,04699_00,shoulder,True,True,present,present,0.3901878893375397,0.3896320164203644,False,False
fastfit,04699_00,logo,False,False,absent,absent,,,False,False
fastfit,04847_00,collar,True,False,present,present,0.9116503596305847,,True,False
fastfit,04847_00,lapel,False,False,absent,absent,,,False,False
fastfit,04847_00,cuff,False,False,absent,uncertain,,,False,False
fastfit,04847_00,button hole,False,False,absent,absent,,,False,False
fastfit,04847_00,button,False,False,absent,absent,,,False,False
fastfit,04847_00,pocket,False,False,absent,absent,,,False,False
fastfit,04847_00,zipper,False,False,absent,absent,,,False,False
fastfit,04847_00,sleeve,True,True,present,present,0.595370352268219,0.6765956878662109,False,False
fastfit,04847_00,shoulder,False,False,present,present,,,False,False
fastfit,04847_00,logo,True,True,present,present,1.0013209581375122,1.0013208389282227,False,False
fastfit,04893_00,collar,False,False,absent,uncertain,,,False,False
fastfit,04893_00,lapel,False,False,absent,absent,,,False,False
fastfit,04893_00,cuff,False,False,absent,absent,,,False,False
fastfit,04893_00,button hole,False,False,absent,absent,,,False,False
fastfit,04893_00,button,False,False,absent,absent,,,False,False
fastfit,04893_00,pocket,False,False,absent,absent,,,False,False
fastfit,04893_00,zipper,False,False,absent,absent,,,False,False
fastfit,04893_00,sleeve,True,False,present,uncertain,0.3477712571620941,,True,False
fastfit,04893_00,shoulder,True,True,present,present,0.37498071789741516,0.38887643814086914,False,False
fastfit,04893_00,logo,False,False,absent,absent,,,False,False
fastfit,04944_00,collar,True,False,present,present,0.3632546067237854,,True,False
fastfit,04944_00,lapel,False,False,absent,absent,,,False,False
fastfit,04944_00,cuff,False,False,absent,uncertain,,,False,False
fastfit,04944_00,button hole,False,False,absent,absent,,,False,False
fastfit,04944_00,button,False,False,absent,absent,,,False,False
fastfit,04944_00,pocket,False,False,absent,absent,,,False,False
fastfit,04944_00,zipper,False,False,absent,absent,,,False,False
fastfit,04944_00,sleeve,True,True,present,present,0.3024062216281891,0.3481818437576294,False,False
fastfit,04944_00,shoulder,True,True,present,present,0.34027114510536194,0.43165868520736694,False,False
fastfit,04944_00,logo,False,False,absent,absent,,,False,False
fastfit,05156_00,collar,True,True,present,present,0.7884618639945984,0.7884618639945984,False,False
fastfit,05156_00,lapel,False,False,absent,absent,,,False,False
fastfit,05156_00,cuff,True,True,present,present,0.5140470862388611,0.5061280131340027,False,False
fastfit,05156_00,button hole,False,False,absent,absent,,,False,False
fastfit,05156_00,button,False,False,absent,absent,,,False,False
fastfit,05156_00,pocket,False,False,absent,absent,,,False,False
fastfit,05156_00,zipper,False,False,absent,absent,,,False,False
fastfit,05156_00,sleeve,True,True,present,present,0.5424955487251282,0.5424955487251282,False,False
fastfit,05156_00,shoulder,True,True,present,present,0.6140923500061035,0.6747856736183167,False,False
fastfit,05156_00,logo,False,False,absent,absent,,,False,False
fastfit,05329_00,collar,False,False,absent,absent,,,False,False
fastfit,05329_00,lapel,False,False,absent,absent,,,False,False
fastfit,05329_00,cuff,False,False,absent,absent,,,False,False
fastfit,05329_00,button hole,False,False,absent,absent,,,False,False
fastfit,05329_00,button,False,False,absent,absent,,,False,False
fastfit,05329_00,pocket,False,False,absent,absent,,,False,False
fastfit,05329_00,zipper,False,False,absent,absent,,,False,False
fastfit,05329_00,sleeve,True,True,present,present,0.434610515832901,0.4192076027393341,False,False
fastfit,05329_00,shoulder,True,True,present,present,0.39412057399749756,0.43107008934020996,False,False
fastfit,05329_00,logo,False,False,absent,absent,,,False,False
fastfit,05544_00,collar,True,True,present,present,0.48632216453552246,0.5554388761520386,False,False
fastfit,05544_00,lapel,False,False,absent,absent,,,False,False
fastfit,05544_00,cuff,False,False,absent,absent,,,False,False
fastfit,05544_00,button hole,False,False,absent,absent,,,False,False
fastfit,05544_00,button,False,False,absent,absent,,,False,False
fastfit,05544_00,pocket,False,False,absent,absent,,,False,False
fastfit,05544_00,zipper,False,False,absent,absent,,,False,False
fastfit,05544_00,sleeve,False,False,absent,absent,,,False,False
fastfit,05544_00,shoulder,False,False,uncertain,absent,,,False,False
fastfit,05544_00,logo,False,False,absent,absent,,,False,False
fastfit,05910_00,collar,False,False,absent,absent,,,False,False
fastfit,05910_00,lapel,False,False,absent,absent,,,False,False
fastfit,05910_00,cuff,False,False,absent,present,,,False,False
fastfit,05910_00,button hole,False,False,absent,absent,,,False,False
fastfit,05910_00,button,False,False,absent,absent,,,False,False
fastfit,05910_00,pocket,False,False,absent,absent,,,False,False
fastfit,05910_00,zipper,False,False,absent,absent,,,False,False
fastfit,05910_00,sleeve,False,False,absent,present,,,False,False
fastfit,05910_00,shoulder,True,True,present,present,0.5526137948036194,0.5526137948036194,False,False
fastfit,05910_00,logo,False,False,absent,absent,,,False,False
fastfit,05961_00,collar,False,True,absent,present,,,False,True
fastfit,05961_00,lapel,False,False,absent,absent,,,False,False
fastfit,05961_00,cuff,False,False,absent,absent,,,False,False
fastfit,05961_00,button hole,False,False,absent,absent,,,False,False
fastfit,05961_00,button,False,False,absent,absent,,,False,False
fastfit,05961_00,pocket,False,False,absent,absent,,,False,False
fastfit,05961_00,zipper,False,False,absent,absent,,,False,False
fastfit,05961_00,sleeve,True,True,present,present,0.7067018747329712,0.6933354735374451,False,False
fastfit,05961_00,shoulder,True,True,present,present,0.5635468363761902,0.5879743099212646,False,False
fastfit,05961_00,logo,False,False,absent,absent,,,False,False
fastfit,06192_00,collar,True,False,present,absent,0.46843552589416504,,True,False
fastfit,06192_00,lapel,False,False,absent,absent,,,False,False
fastfit,06192_00,cuff,True,True,present,present,0.36666256189346313,0.36015379428863525,False,False
fastfit,06192_00,button hole,False,False,absent,absent,,,False,False
fastfit,06192_00,button,False,False,absent,absent,,,False,False
fastfit,06192_00,pocket,False,False,absent,absent,,,False,False
fastfit,06192_00,zipper,False,False,absent,absent,,,False,False
fastfit,06192_00,sleeve,True,True,present,present,0.5290572643280029,0.6488648056983948,False,False
fastfit,06192_00,shoulder,True,True,present,present,0.5691312551498413,0.6956639885902405,False,False
fastfit,06192_00,logo,False,False,absent,absent,,,False,False
fastfit,06730_00,collar,True,False,present,present,0.16173096001148224,,True,False
fastfit,06730_00,lapel,False,False,absent,absent,,,False,False
fastfit,06730_00,cuff,True,True,present,present,0.46050721406936646,0.46050703525543213,False,False
fastfit,06730_00,button hole,False,False,absent,absent,,,False,False
fastfit,06730_00,button,False,False,absent,absent,,,False,False
fastfit,06730_00,pocket,False,False,absent,absent,,,False,False
fastfit,06730_00,zipper,False,False,absent,absent,,,False,False
fastfit,06730_00,sleeve,True,True,present,present,0.24488918483257294,0.2735252380371094,False,False
fastfit,06730_00,shoulder,True,True,present,present,0.19819290935993195,0.23926204442977905,False,False
fastfit,06730_00,logo,False,False,absent,absent,,,False,False
fastfit,06753_00,collar,False,False,uncertain,uncertain,,,False,False
fastfit,06753_00,lapel,False,False,absent,absent,,,False,False
fastfit,06753_00,cuff,False,False,absent,absent,,,False,False
fastfit,06753_00,button hole,False,False,absent,absent,,,False,False
fastfit,06753_00,button,False,False,absent,absent,,,False,False
fastfit,06753_00,pocket,False,False,absent,absent,,,False,False
fastfit,06753_00,zipper,False,False,absent,absent,,,False,False
fastfit,06753_00,sleeve,True,True,present,present,0.36682412028312683,0.4445229172706604,False,False
fastfit,06753_00,shoulder,True,True,present,present,0.35988476872444153,0.3731180429458618,False,False
fastfit,06753_00,logo,False,False,absent,absent,,,False,False
fastfit,06939_00,collar,True,True,present,present,0.44963130354881287,0.4496314525604248,False,False
fastfit,06939_00,lapel,False,False,absent,absent,,,False,False
fastfit,06939_00,cuff,False,False,absent,absent,,,False,False
fastfit,06939_00,button hole,False,False,absent,absent,,,False,False
fastfit,06939_00,button,False,False,absent,absent,,,False,False
fastfit,06939_00,pocket,False,False,absent,absent,,,False,False
fastfit,06939_00,zipper,False,False,absent,absent,,,False,False
fastfit,06939_00,sleeve,True,True,present,present,0.41088712215423584,0.37093955278396606,False,False
fastfit,06939_00,shoulder,True,True,present,present,0.3948558270931244,0.37803158164024353,False,False
fastfit,06939_00,logo,True,False,present,uncertain,0.37305042147636414,,True,False
fastfit,06978_00,collar,False,False,absent,absent,,,False,False
fastfit,06978_00,lapel,False,False,absent,absent,,,False,False
fastfit,06978_00,cuff,False,False,absent,absent,,,False,False
fastfit,06978_00,button hole,False,False,absent,absent,,,False,False
fastfit,06978_00,button,False,False,absent,absent,,,False,False
fastfit,06978_00,pocket,False,False,absent,absent,,,False,False
fastfit,06978_00,zipper,False,False,absent,absent,,,False,False
fastfit,06978_00,sleeve,True,True,present,present,0.45096519589424133,0.45096519589424133,False,False
fastfit,06978_00,shoulder,True,True,present,present,0.39058640599250793,0.39120030403137207,False,False
fastfit,06978_00,logo,False,False,absent,absent,,,False,False
fastfit,07150_00,collar,True,True,present,present,0.26552942395210266,0.40762975811958313,False,False
fastfit,07150_00,lapel,False,False,absent,absent,,,False,False
fastfit,07150_00,cuff,False,False,absent,absent,,,False,False
fastfit,07150_00,button hole,False,False,absent,absent,,,False,False
fastfit,07150_00,button,False,False,absent,absent,,,False,False
fastfit,07150_00,pocket,False,False,absent,absent,,,False,False
fastfit,07150_00,zipper,False,False,absent,absent,,,False,False
fastfit,07150_00,sleeve,True,True,present,present,0.21655745804309845,0.26706939935684204,False,False
fastfit,07150_00,shoulder,True,True,present,present,0.2128058522939682,0.2704879641532898,False,False
fastfit,07150_00,logo,False,False,uncertain,uncertain,,,False,False
fastfit,07212_00,collar,False,False,absent,uncertain,,,False,False
fastfit,07212_00,lapel,False,False,absent,absent,,,False,False
fastfit,07212_00,cuff,True,True,present,present,0.1606663167476654,0.3618117570877075,False,False
fastfit,07212_00,button hole,False,False,absent,absent,,,False,False
fastfit,07212_00,button,True,True,present,present,0.6045148372650146,0.5664916634559631,False,False
fastfit,07212_00,pocket,False,False,absent,absent,,,False,False
fastfit,07212_00,zipper,False,False,absent,absent,,,False,False
fastfit,07212_00,sleeve,True,True,present,present,0.4361521005630493,0.5157244801521301,False,False
fastfit,07212_00,shoulder,True,True,present,present,0.346797376871109,0.4786456525325775,False,False
fastfit,07212_00,logo,False,True,uncertain,present,,,False,False
fastfit,07396_00,collar,False,True,absent,present,,,False,True
fastfit,07396_00,lapel,False,False,absent,absent,,,False,False
fastfit,07396_00,cuff,False,False,uncertain,absent,,,False,False
fastfit,07396_00,button hole,False,False,absent,absent,,,False,False
fastfit,07396_00,button,False,False,absent,absent,,,False,False
fastfit,07396_00,pocket,False,False,absent,absent,,,False,False
fastfit,07396_00,zipper,False,False,absent,absent,,,False,False
fastfit,07396_00,sleeve,True,True,present,present,0.5281960368156433,0.630383312702179,False,False
fastfit,07396_00,shoulder,True,True,present,present,0.5886555314064026,0.6480789184570312,False,False
fastfit,07396_00,logo,False,False,absent,absent,,,False,False
fastfit,07573_00,collar,False,True,absent,present,,,False,True
fastfit,07573_00,lapel,False,False,absent,absent,,,False,False
fastfit,07573_00,cuff,False,False,absent,absent,,,False,False
fastfit,07573_00,button hole,False,False,absent,absent,,,False,False
fastfit,07573_00,button,False,False,absent,absent,,,False,False
fastfit,07573_00,pocket,False,False,absent,absent,,,False,False
fastfit,07573_00,zipper,False,False,absent,absent,,,False,False
fastfit,07573_00,sleeve,True,True,present,present,0.3605805039405823,0.38640639185905457,False,False
fastfit,07573_00,shoulder,True,True,present,present,0.35054123401641846,0.35054120421409607,False,False
fastfit,07573_00,logo,False,False,absent,absent,,,False,False
fastfit,07599_00,collar,True,True,present,present,0.8333002328872681,0.7721519470214844,False,False
fastfit,07599_00,lapel,False,False,absent,absent,,,False,False
fastfit,07599_00,cuff,False,False,absent,absent,,,False,False
fastfit,07599_00,button hole,False,False,absent,absent,,,False,False
fastfit,07599_00,button,False,False,absent,absent,,,False,False
fastfit,07599_00,pocket,False,False,absent,absent,,,False,False
fastfit,07599_00,zipper,False,False,absent,absent,,,False,False
fastfit,07599_00,sleeve,False,False,absent,absent,,,False,False
fastfit,07599_00,shoulder,True,False,present,uncertain,0.6980419158935547,,True,False
fastfit,07599_00,logo,False,False,absent,absent,,,False,False
fastfit,07694_00,collar,True,False,present,uncertain,0.4397743046283722,,True,False
fastfit,07694_00,lapel,False,False,absent,absent,,,False,False
fastfit,07694_00,cuff,False,False,absent,absent,,,False,False
fastfit,07694_00,button hole,False,False,absent,absent,,,False,False
fastfit,07694_00,button,False,False,absent,absent,,,False,False
fastfit,07694_00,pocket,False,False,absent,absent,,,False,False
fastfit,07694_00,zipper,False,False,absent,absent,,,False,False
fastfit,07694_00,sleeve,True,True,present,present,0.3045482933521271,0.3045484125614166,False,False
fastfit,07694_00,shoulder,True,True,present,present,0.3444979190826416,0.3444979190826416,False,False
fastfit,07694_00,logo,True,True,present,present,0.3638809025287628,0.42571771144866943,False,False
fastfit,07707_00,collar,False,False,absent,absent,,,False,False
fastfit,07707_00,lapel,False,False,absent,absent,,,False,False
fastfit,07707_00,cuff,False,False,absent,absent,,,False,False
fastfit,07707_00,button hole,False,False,absent,absent,,,False,False
fastfit,07707_00,button,False,False,absent,absent,,,False,False
fastfit,07707_00,pocket,False,False,absent,absent,,,False,False
fastfit,07707_00,zipper,False,False,absent,absent,,,False,False
fastfit,07707_00,sleeve,False,False,absent,absent,,,False,False
fastfit,07707_00,shoulder,True,True,present,present,0.2881411612033844,0.2651805877685547,False,False
fastfit,07707_00,logo,False,False,absent,absent,,,False,False
fastfit,07825_00,collar,True,True,present,present,0.3468984067440033,0.34689831733703613,False,False
fastfit,07825_00,lapel,False,False,absent,absent,,,False,False
fastfit,07825_00,cuff,True,False,present,absent,0.24624153971672058,,True,False
fastfit,07825_00,button hole,False,False,absent,absent,,,False,False
fastfit,07825_00,button,False,False,absent,absent,,,False,False
fastfit,07825_00,pocket,False,False,absent,absent,,,False,False
fastfit,07825_00,zipper,False,False,absent,absent,,,False,False
fastfit,07825_00,sleeve,True,True,present,present,0.31660744547843933,0.34384381771087646,False,False
fastfit,07825_00,shoulder,True,True,present,present,0.33417177200317383,0.3154783248901367,False,False
fastfit,07825_00,logo,False,False,absent,absent,,,False,False
fastfit,07847_00,collar,False,False,absent,absent,,,False,False
fastfit,07847_00,lapel,False,False,absent,absent,,,False,False
fastfit,07847_00,cuff,False,False,absent,absent,,,False,False
fastfit,07847_00,button hole,False,False,absent,absent,,,False,False
fastfit,07847_00,button,False,False,absent,absent,,,False,False
fastfit,07847_00,pocket,False,False,absent,absent,,,False,False
fastfit,07847_00,zipper,False,False,absent,absent,,,False,False
fastfit,07847_00,sleeve,True,False,present,absent,0.48646289110183716,,True,False
fastfit,07847_00,shoulder,True,True,present,present,0.46172642707824707,0.5198045969009399,False,False
fastfit,07847_00,logo,False,False,absent,absent,,,False,False
fastfit,07884_00,collar,True,True,present,present,0.3826727271080017,0.5576103329658508,False,False
fastfit,07884_00,lapel,False,False,absent,absent,,,False,False
fastfit,07884_00,cuff,False,False,absent,absent,,,False,False
fastfit,07884_00,button hole,False,False,absent,absent,,,False,False
fastfit,07884_00,button,False,False,absent,absent,,,False,False
fastfit,07884_00,pocket,False,False,absent,absent,,,False,False
fastfit,07884_00,zipper,False,False,absent,absent,,,False,False
fastfit,07884_00,sleeve,True,True,present,present,0.25481364130973816,0.28213372826576233,False,False
fastfit,07884_00,shoulder,True,True,present,present,0.28555434942245483,0.6086212992668152,False,False
fastfit,07884_00,logo,True,True,present,present,0.33242908120155334,0.3795115649700165,False,False
fastfit,07965_00,collar,True,False,present,present,0.25015705823898315,,True,False
fastfit,07965_00,lapel,False,False,absent,absent,,,False,False
fastfit,07965_00,cuff,True,False,present,absent,0.5023466944694519,,True,False
fastfit,07965_00,button hole,False,False,absent,absent,,,False,False
fastfit,07965_00,button,False,False,absent,absent,,,False,False
fastfit,07965_00,pocket,False,False,absent,absent,,,False,False
fastfit,07965_00,zipper,False,False,absent,absent,,,False,False
fastfit,07965_00,sleeve,True,True,present,present,0.2600364089012146,0.43305298686027527,False,False
fastfit,07965_00,shoulder,True,True,present,present,0.24491490423679352,0.2786644399166107,False,False
fastfit,07965_00,logo,False,False,absent,absent,,,False,False
fastfit,07966_00,collar,False,True,uncertain,present,,,False,False
fastfit,07966_00,lapel,False,False,absent,absent,,,False,False
fastfit,07966_00,cuff,False,True,uncertain,present,,,False,False
fastfit,07966_00,button hole,False,False,absent,absent,,,False,False
fastfit,07966_00,button,False,False,absent,absent,,,False,False
fastfit,07966_00,pocket,False,False,absent,absent,,,False,False
fastfit,07966_00,zipper,False,False,absent,absent,,,False,False
fastfit,07966_00,sleeve,True,True,present,present,0.43184998631477356,0.49342918395996094,False,False
fastfit,07966_00,shoulder,True,True,present,present,0.40722572803497314,0.40075868368148804,False,False
fastfit,07966_00,logo,False,False,absent,absent,,,False,False
fastfit,08102_00,collar,True,False,present,uncertain,0.586401104927063,,True,False
fastfit,08102_00,lapel,False,False,absent,absent,,,False,False
fastfit,08102_00,cuff,False,False,absent,absent,,,False,False
fastfit,08102_00,button hole,False,False,absent,absent,,,False,False
fastfit,08102_00,button,False,False,absent,absent,,,False,False
fastfit,08102_00,pocket,False,False,absent,absent,,,False,False
fastfit,08102_00,zipper,False,False,absent,absent,,,False,False
fastfit,08102_00,sleeve,True,True,present,present,0.6539860963821411,0.8243736624717712,False,False
fastfit,08102_00,shoulder,False,False,present,present,,,False,False
fastfit,08102_00,logo,False,False,uncertain,uncertain,,,False,False
fastfit,08149_00,collar,False,False,absent,absent,,,False,False
fastfit,08149_00,lapel,False,False,absent,absent,,,False,False
fastfit,08149_00,cuff,True,False,present,absent,0.506644070148468,,True,False
fastfit,08149_00,button hole,False,False,absent,absent,,,False,False
fastfit,08149_00,button,False,False,absent,absent,,,False,False
fastfit,08149_00,pocket,False,False,absent,absent,,,False,False
fastfit,08149_00,zipper,False,False,absent,absent,,,False,False
fastfit,08149_00,sleeve,True,True,present,present,0.5122407674789429,0.4720824062824249,False,False
fastfit,08149_00,shoulder,True,True,present,present,0.40061497688293457,0.5679854154586792,False,False
fastfit,08149_00,logo,False,False,absent,absent,,,False,False
fastfit,08158_00,collar,True,False,present,uncertain,0.29176971316337585,,True,False
fastfit,08158_00,lapel,False,False,absent,absent,,,False,False
fastfit,08158_00,cuff,True,True,present,present,0.37588271498680115,0.3758827745914459,False,False
fastfit,08158_00,button hole,False,False,absent,absent,,,False,False
fastfit,08158_00,button,False,False,absent,absent,,,False,False
fastfit,08158_00,pocket,False,False,absent,absent,,,False,False
fastfit,08158_00,zipper,False,False,absent,absent,,,False,False
fastfit,08158_00,sleeve,True,True,present,present,0.43771079182624817,0.43771079182624817,False,False
fastfit,08158_00,shoulder,True,True,present,present,0.2875353991985321,0.33501192927360535,False,False
fastfit,08158_00,logo,False,False,absent,absent,,,False,False
fastfit,08232_00,collar,True,True,present,present,0.3171883225440979,0.34975722432136536,False,False
fastfit,08232_00,lapel,False,False,absent,absent,,,False,False
fastfit,08232_00,cuff,False,False,absent,absent,,,False,False
fastfit,08232_00,button hole,False,False,absent,absent,,,False,False
fastfit,08232_00,button,True,True,present,present,0.4227946996688843,0.587483286857605,False,False
fastfit,08232_00,pocket,False,False,absent,absent,,,False,False
fastfit,08232_00,zipper,False,False,absent,absent,,,False,False
fastfit,08232_00,sleeve,True,True,present,present,0.43283727765083313,0.45929020643234253,False,False
fastfit,08232_00,shoulder,True,True,present,present,0.3899238109588623,0.407223105430603,False,False
fastfit,08232_00,logo,False,False,absent,absent,,,False,False
fastfit,08314_00,collar,False,False,absent,absent,,,False,False
fastfit,08314_00,lapel,False,False,absent,absent,,,False,False
fastfit,08314_00,cuff,False,False,absent,absent,,,False,False
fastfit,08314_00,button hole,False,False,absent,absent,,,False,False
fastfit,08314_00,button,False,False,absent,absent,,,False,False
fastfit,08314_00,pocket,False,False,absent,absent,,,False,False
fastfit,08314_00,zipper,False,False,absent,absent,,,False,False
fastfit,08314_00,sleeve,True,True,present,present,0.29229292273521423,0.3220081031322479,False,False
fastfit,08314_00,shoulder,True,True,present,present,0.48055532574653625,0.478884756565094,False,False
fastfit,08314_00,logo,False,False,absent,absent,,,False,False
fastfit,08316_00,collar,True,False,present,absent,0.447524756193161,,True,False
fastfit,08316_00,lapel,False,False,absent,absent,,,False,False
fastfit,08316_00,cuff,False,False,absent,uncertain,,,False,False
fastfit,08316_00,button hole,False,False,absent,absent,,,False,False
fastfit,08316_00,button,True,True,present,present,0.3677816390991211,0.36778169870376587,False,False
fastfit,08316_00,pocket,False,False,absent,absent,,,False,False
fastfit,08316_00,zipper,False,False,absent,absent,,,False,False
fastfit,08316_00,sleeve,True,True,present,present,0.2537534236907959,0.326686829328537,False,False
fastfit,08316_00,shoulder,True,True,present,present,0.2796037793159485,0.30367785692214966,False,False
fastfit,08316_00,logo,False,False,absent,absent,,,False,False
fastfit,08650_00,collar,False,False,absent,absent,,,False,False
fastfit,08650_00,lapel,False,False,absent,absent,,,False,False
fastfit,08650_00,cuff,False,False,absent,absent,,,False,False
fastfit,08650_00,button hole,False,False,absent,absent,,,False,False
fastfit,08650_00,button,False,False,absent,absent,,,False,False
fastfit,08650_00,pocket,False,False,absent,absent,,,False,False
fastfit,08650_00,zipper,False,False,absent,absent,,,False,False
fastfit,08650_00,sleeve,False,False,uncertain,absent,,,False,False
fastfit,08650_00,shoulder,True,True,present,present,0.3703731894493103,0.3754807114601135,False,False
fastfit,08650_00,logo,False,False,absent,absent,,,False,False
fastfit,09067_00,collar,False,False,absent,absent,,,False,False
fastfit,09067_00,lapel,False,False,absent,absent,,,False,False
fastfit,09067_00,cuff,True,True,present,present,0.5599198937416077,0.5366089940071106,False,False
fastfit,09067_00,button hole,False,False,absent,absent,,,False,False
fastfit,09067_00,button,True,True,present,present,0.426352322101593,0.3745303452014923,False,False
fastfit,09067_00,pocket,False,False,absent,absent,,,False,False
fastfit,09067_00,zipper,False,False,absent,absent,,,False,False
fastfit,09067_00,sleeve,True,True,present,present,0.4645189344882965,0.3774678707122803,False,False
fastfit,09067_00,shoulder,True,True,present,present,0.4810650944709778,0.4938901662826538,False,False
fastfit,09067_00,logo,False,False,absent,absent,,,False,False
fastfit,09215_00,collar,True,False,present,present,0.20259538292884827,,True,False
fastfit,09215_00,lapel,False,False,absent,absent,,,False,False
fastfit,09215_00,cuff,False,False,absent,absent,,,False,False
fastfit,09215_00,button hole,False,False,absent,absent,,,False,False
fastfit,09215_00,button,False,False,absent,absent,,,False,False
fastfit,09215_00,pocket,False,False,absent,absent,,,False,False
fastfit,09215_00,zipper,False,False,absent,absent,,,False,False
fastfit,09215_00,sleeve,True,True,present,present,0.24078798294067383,0.25084421038627625,False,False
fastfit,09215_00,shoulder,True,True,present,present,0.20352840423583984,0.20352838933467865,False,False
fastfit,09215_00,logo,False,False,absent,absent,,,False,False
fastfit,09412_00,collar,False,False,present,present,,,False,False
fastfit,09412_00,lapel,False,False,absent,absent,,,False,False
fastfit,09412_00,cuff,False,False,absent,absent,,,False,False
fastfit,09412_00,button hole,False,False,absent,absent,,,False,False
fastfit,09412_00,button,False,False,absent,absent,,,False,False
fastfit,09412_00,pocket,False,False,absent,absent,,,False,False
fastfit,09412_00,zipper,False,False,absent,absent,,,False,False
fastfit,09412_00,sleeve,True,True,present,present,0.323471337556839,0.882313072681427,False,False
fastfit,09412_00,shoulder,True,True,present,present,0.6318482756614685,0.6663786172866821,False,False
fastfit,09412_00,logo,False,False,absent,absent,,,False,False
fastfit,09487_00,collar,True,False,present,present,0.43581125140190125,,True,False
fastfit,09487_00,lapel,False,False,absent,absent,,,False,False
fastfit,09487_00,cuff,True,True,present,present,0.36258360743522644,0.6709750294685364,False,False
fastfit,09487_00,button hole,False,False,absent,absent,,,False,False
fastfit,09487_00,button,False,False,absent,absent,,,False,False
fastfit,09487_00,pocket,False,False,absent,absent,,,False,False
fastfit,09487_00,zipper,False,False,absent,absent,,,False,False
fastfit,09487_00,sleeve,True,True,present,present,0.4454123377799988,0.5572256445884705,False,False
fastfit,09487_00,shoulder,True,True,present,present,0.4377625584602356,0.6207066774368286,False,False
fastfit,09487_00,logo,False,False,absent,absent,,,False,False
fastfit,09751_00,collar,True,True,present,present,0.36529937386512756,0.43258121609687805,False,False
fastfit,09751_00,lapel,False,False,absent,absent,,,False,False
fastfit,09751_00,cuff,False,False,absent,present,,,False,False
fastfit,09751_00,button hole,False,False,absent,absent,,,False,False
fastfit,09751_00,button,False,False,absent,absent,,,False,False
fastfit,09751_00,pocket,True,True,present,present,0.44241616129875183,0.44241616129875183,False,False
fastfit,09751_00,zipper,False,False,absent,absent,,,False,False
fastfit,09751_00,sleeve,False,False,absent,absent,,,False,False
fastfit,09751_00,shoulder,True,True,present,present,0.3244363069534302,0.3705078363418579,False,False
fastfit,09751_00,logo,False,False,absent,absent,,,False,False
fastfit,09845_00,collar,False,False,absent,absent,,,False,False
fastfit,09845_00,lapel,False,False,absent,absent,,,False,False
fastfit,09845_00,cuff,False,False,absent,absent,,,False,False
fastfit,09845_00,button hole,False,False,absent,absent,,,False,False
fastfit,09845_00,button,False,False,absent,absent,,,False,False
fastfit,09845_00,pocket,False,False,absent,absent,,,False,False
fastfit,09845_00,zipper,False,False,absent,absent,,,False,False
fastfit,09845_00,sleeve,False,False,absent,absent,,,False,False
fastfit,09845_00,shoulder,True,True,present,present,0.5265234112739563,0.5608571767807007,False,False
fastfit,09845_00,logo,False,False,absent,absent,,,False,False
fastfit,09912_00,collar,False,False,absent,absent,,,False,False
fastfit,09912_00,lapel,False,False,absent,absent,,,False,False
fastfit,09912_00,cuff,False,False,absent,absent,,,False,False
fastfit,09912_00,button hole,False,False,absent,absent,,,False,False
fastfit,09912_00,button,False,False,absent,absent,,,False,False
fastfit,09912_00,pocket,False,False,absent,absent,,,False,False
fastfit,09912_00,zipper,False,False,absent,absent,,,False,False
fastfit,09912_00,sleeve,True,True,present,present,0.36546796560287476,0.3929613530635834,False,False
fastfit,09912_00,shoulder,True,True,present,present,0.629858136177063,0.553376317024231,False,False
fastfit,09912_00,logo,False,False,absent,absent,,,False,False
fastfit,09940_00,collar,False,False,absent,absent,,,False,False
fastfit,09940_00,lapel,False,False,absent,absent,,,False,False
fastfit,09940_00,cuff,False,False,absent,absent,,,False,False
fastfit,09940_00,button hole,False,False,absent,absent,,,False,False
fastfit,09940_00,button,False,False,absent,absent,,,False,False
fastfit,09940_00,pocket,False,False,absent,absent,,,False,False
fastfit,09940_00,zipper,False,False,absent,absent,,,False,False
fastfit,09940_00,sleeve,False,False,uncertain,absent,,,False,False
fastfit,09940_00,shoulder,True,True,present,present,0.3183693587779999,0.3195209205150604,False,False
fastfit,09940_00,logo,False,False,absent,absent,,,False,False
fastfit,09949_00,collar,False,False,absent,absent,,,False,False
fastfit,09949_00,lapel,False,False,absent,absent,,,False,False
fastfit,09949_00,cuff,False,False,absent,absent,,,False,False
fastfit,09949_00,button hole,False,False,absent,absent,,,False,False
fastfit,09949_00,button,False,False,absent,absent,,,False,False
fastfit,09949_00,pocket,False,False,absent,absent,,,False,False
fastfit,09949_00,zipper,False,False,absent,absent,,,False,False
fastfit,09949_00,sleeve,True,True,present,present,0.4323561191558838,0.566453218460083,False,False
fastfit,09949_00,shoulder,True,True,present,present,0.3923551142215729,0.3715100884437561,False,False
fastfit,09949_00,logo,False,False,absent,absent,,,False,False
fastfit,10265_00,collar,False,False,absent,absent,,,False,False
fastfit,10265_00,lapel,False,False,absent,absent,,,False,False
fastfit,10265_00,cuff,False,False,absent,absent,,,False,False
fastfit,10265_00,button hole,False,False,absent,absent,,,False,False
fastfit,10265_00,button,False,False,absent,absent,,,False,False
fastfit,10265_00,pocket,False,False,absent,absent,,,False,False
fastfit,10265_00,zipper,False,False,absent,absent,,,False,False
fastfit,10265_00,sleeve,False,False,present,absent,,,False,False
fastfit,10265_00,shoulder,True,True,present,present,0.44317319989204407,0.45459625124931335,False,False
fastfit,10265_00,logo,False,False,absent,absent,,,False,False
fastfit,10352_00,collar,True,True,present,present,0.5474259257316589,0.5474259257316589,False,False
fastfit,10352_00,lapel,False,False,absent,absent,,,False,False
fastfit,10352_00,cuff,False,False,absent,absent,,,False,False
fastfit,10352_00,button hole,False,False,absent,absent,,,False,False
fastfit,10352_00,button,False,False,absent,absent,,,False,False
fastfit,10352_00,pocket,False,False,absent,absent,,,False,False
fastfit,10352_00,zipper,False,False,absent,absent,,,False,False
fastfit,10352_00,sleeve,True,True,present,present,0.37696030735969543,0.3759687840938568,False,False
fastfit,10352_00,shoulder,True,True,present,present,0.5210192799568176,0.46000513434410095,False,False
fastfit,10352_00,logo,False,False,absent,absent,,,False,False
fastfit,10428_00,collar,False,False,absent,absent,,,False,False
fastfit,10428_00,lapel,False,False,absent,absent,,,False,False
fastfit,10428_00,cuff,False,False,uncertain,uncertain,,,False,False
fastfit,10428_00,button hole,False,False,absent,absent,,,False,False
fastfit,10428_00,button,False,False,absent,absent,,,False,False
fastfit,10428_00,pocket,False,False,absent,absent,,,False,False
fastfit,10428_00,zipper,False,False,absent,absent,,,False,False
fastfit,10428_00,sleeve,True,True,present,present,0.44369402527809143,0.555256187915802,False,False
fastfit,10428_00,shoulder,True,True,present,present,0.2736271619796753,0.277946412563324,False,False
fastfit,10428_00,logo,False,False,absent,absent,,,False,False
fastfit,10495_00,collar,False,False,absent,absent,,,False,False
fastfit,10495_00,lapel,False,False,absent,absent,,,False,False
fastfit,10495_00,cuff,False,False,absent,absent,,,False,False
fastfit,10495_00,button hole,False,False,absent,absent,,,False,False
fastfit,10495_00,button,False,False,absent,absent,,,False,False
fastfit,10495_00,pocket,False,False,absent,absent,,,False,False
fastfit,10495_00,zipper,False,False,absent,absent,,,False,False
fastfit,10495_00,sleeve,False,False,absent,absent,,,False,False
fastfit,10495_00,shoulder,True,True,present,present,0.41855138540267944,0.4654485583305359,False,False
fastfit,10495_00,logo,False,False,absent,absent,,,False,False
fastfit,10657_00,collar,False,False,absent,absent,,,False,False
fastfit,10657_00,lapel,False,False,absent,absent,,,False,False
fastfit,10657_00,cuff,True,True,present,present,0.6751240491867065,0.6042454838752747,False,False
fastfit,10657_00,button hole,False,False,absent,absent,,,False,False
fastfit,10657_00,button,False,False,absent,absent,,,False,False
fastfit,10657_00,pocket,False,False,absent,absent,,,False,False
fastfit,10657_00,zipper,False,False,absent,absent,,,False,False
fastfit,10657_00,sleeve,True,True,present,present,0.6502565145492554,0.640440821647644,False,False
fastfit,10657_00,shoulder,True,True,present,present,0.6078509092330933,0.652567982673645,False,False
fastfit,10657_00,logo,False,False,absent,absent,,,False,False
fastfit,10680_00,collar,False,False,uncertain,present,,,False,False
fastfit,10680_00,lapel,False,False,absent,absent,,,False,False
fastfit,10680_00,cuff,True,True,present,present,0.5229225158691406,0.4795010983943939,False,False
fastfit,10680_00,button hole,False,False,absent,absent,,,False,False
fastfit,10680_00,button,False,False,absent,absent,,,False,False
fastfit,10680_00,pocket,False,False,absent,absent,,,False,False
fastfit,10680_00,zipper,False,False,absent,absent,,,False,False
fastfit,10680_00,sleeve,True,True,present,present,0.5333712697029114,0.5261000990867615,False,False
fastfit,10680_00,shoulder,True,True,present,present,0.4638690948486328,0.4808925688266754,False,False
fastfit,10680_00,logo,False,False,absent,absent,,,False,False
fastfit,10731_00,collar,True,False,present,present,0.3353692293167114,,True,False
fastfit,10731_00,lapel,False,False,absent,absent,,,False,False
fastfit,10731_00,cuff,False,False,absent,present,,,False,False
fastfit,10731_00,button hole,False,False,absent,uncertain,,,False,False
fastfit,10731_00,button,False,False,absent,uncertain,,,False,False
fastfit,10731_00,pocket,False,False,absent,absent,,,False,False
fastfit,10731_00,zipper,False,False,absent,absent,,,False,False
fastfit,10731_00,sleeve,True,True,present,present,0.32764047384262085,0.32925838232040405,False,False
fastfit,10731_00,shoulder,True,True,present,present,0.3487147092819214,0.32652559876441956,False,False
fastfit,10731_00,logo,False,False,absent,absent,,,False,False
fastfit,10843_00,collar,False,False,absent,uncertain,,,False,False
fastfit,10843_00,lapel,False,False,absent,absent,,,False,False
fastfit,10843_00,cuff,False,False,absent,absent,,,False,False
fastfit,10843_00,button hole,False,False,absent,absent,,,False,False
fastfit,10843_00,button,False,False,absent,absent,,,False,False
fastfit,10843_00,pocket,False,False,absent,absent,,,False,False
fastfit,10843_00,zipper,False,False,absent,absent,,,False,False
fastfit,10843_00,sleeve,True,True,present,present,0.2665612995624542,0.3798283040523529,False,False
fastfit,10843_00,shoulder,True,True,present,present,0.43030843138694763,0.306060791015625,False,False
fastfit,10843_00,logo,False,False,absent,absent,,,False,False
fastfit,11001_00,collar,False,False,absent,absent,,,False,False
fastfit,11001_00,lapel,False,False,absent,absent,,,False,False
fastfit,11001_00,cuff,False,False,absent,uncertain,,,False,False
fastfit,11001_00,button hole,False,False,absent,absent,,,False,False
fastfit,11001_00,button,False,False,absent,absent,,,False,False
fastfit,11001_00,pocket,False,False,absent,absent,,,False,False
fastfit,11001_00,zipper,False,False,absent,absent,,,False,False
fastfit,11001_00,sleeve,True,True,present,present,0.3994322717189789,0.4291626214981079,False,False
fastfit,11001_00,shoulder,True,True,present,present,0.42271241545677185,0.4448614716529846,False,False
fastfit,11001_00,logo,False,False,absent,absent,,,False,False
fastfit,11054_00,collar,True,False,present,present,0.6078494191169739,,True,False
fastfit,11054_00,lapel,False,False,absent,absent,,,False,False
fastfit,11054_00,cuff,True,True,present,present,0.808097779750824,0.8177362680435181,False,False
fastfit,11054_00,button hole,False,False,absent,absent,,,False,False
fastfit,11054_00,button,False,False,absent,absent,,,False,False
fastfit,11054_00,pocket,False,False,absent,absent,,,False,False
fastfit,11054_00,zipper,False,False,absent,absent,,,False,False
fastfit,11054_00,sleeve,True,True,present,present,0.8105176091194153,0.7239378690719604,False,False
fastfit,11054_00,shoulder,True,True,present,present,0.5606003999710083,0.5560342073440552,False,False
fastfit,11054_00,logo,False,False,absent,absent,,,False,False
fastfit,11206_00,collar,False,False,absent,absent,,,False,False
fastfit,11206_00,lapel,False,False,absent,absent,,,False,False
fastfit,11206_00,cuff,False,False,absent,absent,,,False,False
fastfit,11206_00,button hole,False,False,absent,absent,,,False,False
fastfit,11206_00,button,False,False,absent,absent,,,False,False
fastfit,11206_00,pocket,False,False,absent,absent,,,False,False
fastfit,11206_00,zipper,False,False,absent,absent,,,False,False
fastfit,11206_00,sleeve,True,True,present,present,0.3447120487689972,0.40494775772094727,False,False
fastfit,11206_00,shoulder,True,True,present,present,0.3752715289592743,0.3644016683101654,False,False
fastfit,11206_00,logo,False,False,absent,absent,,,False,False
fastfit,11372_00,collar,False,False,absent,absent,,,False,False
fastfit,11372_00,lapel,False,False,absent,absent,,,False,False
fastfit,11372_00,cuff,False,False,absent,absent,,,False,False
fastfit,11372_00,button hole,False,False,absent,absent,,,False,False
fastfit,11372_00,button,False,False,absent,absent,,,False,False
fastfit,11372_00,pocket,False,False,absent,absent,,,False,False
fastfit,11372_00,zipper,False,False,absent,absent,,,False,False
fastfit,11372_00,sleeve,True,True,present,present,0.20624151825904846,0.4757399559020996,False,False
fastfit,11372_00,shoulder,True,True,present,present,0.32495638728141785,0.3854885697364807,False,False
fastfit,11372_00,logo,False,False,absent,absent,,,False,False
fastfit,11438_00,collar,False,False,absent,absent,,,False,False
fastfit,11438_00,lapel,False,False,absent,absent,,,False,False
fastfit,11438_00,cuff,False,False,uncertain,absent,,,False,False
fastfit,11438_00,button hole,False,False,absent,absent,,,False,False
fastfit,11438_00,button,False,False,absent,absent,,,False,False
fastfit,11438_00,pocket,False,False,absent,absent,,,False,False
fastfit,11438_00,zipper,False,False,absent,absent,,,False,False
fastfit,11438_00,sleeve,True,True,present,present,0.380309522151947,0.40927594900131226,False,False
fastfit,11438_00,shoulder,True,False,present,present,0.3955545127391815,,True,False
fastfit,11438_00,logo,False,False,absent,absent,,,False,False
fastfit,11556_00,collar,False,False,absent,absent,,,False,False
fastfit,11556_00,lapel,False,False,absent,absent,,,False,False
fastfit,11556_00,cuff,True,True,present,present,0.5076341032981873,0.5577000975608826,False,False
fastfit,11556_00,button hole,False,False,absent,absent,,,False,False
fastfit,11556_00,button,False,False,absent,absent,,,False,False
fastfit,11556_00,pocket,False,False,absent,absent,,,False,False
fastfit,11556_00,zipper,False,False,absent,absent,,,False,False
fastfit,11556_00,sleeve,True,True,present,present,0.5436250567436218,0.5448747277259827,False,False
fastfit,11556_00,shoulder,True,True,present,present,0.40586116909980774,0.3822747468948364,False,False
fastfit,11556_00,logo,False,False,absent,absent,,,False,False
fastfit,11600_00,collar,True,False,present,uncertain,0.3221660852432251,,True,False
fastfit,11600_00,lapel,False,False,absent,absent,,,False,False
fastfit,11600_00,cuff,False,False,absent,absent,,,False,False
fastfit,11600_00,button hole,False,False,absent,absent,,,False,False
fastfit,11600_00,button,False,False,absent,absent,,,False,False
fastfit,11600_00,pocket,False,False,absent,absent,,,False,False
fastfit,11600_00,zipper,False,False,absent,absent,,,False,False
fastfit,11600_00,sleeve,False,False,absent,absent,,,False,False
fastfit,11600_00,shoulder,True,True,present,present,0.28965896368026733,0.2951925992965698,False,False
fastfit,11600_00,logo,False,False,absent,absent,,,False,False
fastfit,11709_00,collar,True,True,present,present,0.8583582043647766,0.8583582043647766,False,False
fastfit,11709_00,lapel,False,False,absent,absent,,,False,False
fastfit,11709_00,cuff,False,False,absent,uncertain,,,False,False
fastfit,11709_00,button hole,False,False,absent,absent,,,False,False
fastfit,11709_00,button,False,False,absent,absent,,,False,False
fastfit,11709_00,pocket,False,False,absent,absent,,,False,False
fastfit,11709_00,zipper,False,False,absent,absent,,,False,False
fastfit,11709_00,sleeve,True,True,present,present,0.5827333927154541,0.5339592099189758,False,False
fastfit,11709_00,shoulder,True,True,present,present,0.7959709763526917,0.7725846171379089,False,False
fastfit,11709_00,logo,False,False,absent,absent,,,False,False
fastfit,11766_00,collar,True,True,present,present,0.3032204210758209,0.3032204210758209,False,False
fastfit,11766_00,lapel,False,False,absent,absent,,,False,False
fastfit,11766_00,cuff,False,False,absent,absent,,,False,False
fastfit,11766_00,button hole,False,False,absent,absent,,,False,False
fastfit,11766_00,button,False,False,absent,absent,,,False,False
fastfit,11766_00,pocket,False,False,absent,absent,,,False,False
fastfit,11766_00,zipper,False,False,absent,absent,,,False,False
fastfit,11766_00,sleeve,True,True,present,present,0.20895297825336456,0.2191736102104187,False,False
fastfit,11766_00,shoulder,True,True,present,present,0.25713980197906494,0.2141391485929489,False,False
fastfit,11766_00,logo,False,False,absent,absent,,,False,False
fastfit,11799_00,collar,True,True,present,present,0.4565865099430084,0.41564494371414185,False,False
fastfit,11799_00,lapel,False,False,absent,absent,,,False,False
fastfit,11799_00,cuff,False,False,absent,uncertain,,,False,False
fastfit,11799_00,button hole,False,False,absent,absent,,,False,False
fastfit,11799_00,button,False,False,absent,absent,,,False,False
fastfit,11799_00,pocket,False,False,absent,absent,,,False,False
fastfit,11799_00,zipper,False,False,absent,absent,,,False,False
fastfit,11799_00,sleeve,True,True,present,present,0.6173542737960815,0.6893401741981506,False,False
fastfit,11799_00,shoulder,True,True,present,present,0.5142801403999329,0.49519529938697815,False,False
fastfit,11799_00,logo,False,False,absent,absent,,,False,False
fastfit,11892_00,collar,False,False,absent,absent,,,False,False
fastfit,11892_00,lapel,False,False,absent,absent,,,False,False
fastfit,11892_00,cuff,False,False,absent,absent,,,False,False
fastfit,11892_00,button hole,False,False,absent,absent,,,False,False
fastfit,11892_00,button,False,False,absent,absent,,,False,False
fastfit,11892_00,pocket,False,False,absent,absent,,,False,False
fastfit,11892_00,zipper,False,False,absent,absent,,,False,False
fastfit,11892_00,sleeve,False,False,absent,absent,,,False,False
fastfit,11892_00,shoulder,True,True,present,present,0.4817303717136383,0.5606974363327026,False,False
fastfit,11892_00,logo,False,False,absent,absent,,,False,False
fastfit,11913_00,collar,False,False,absent,absent,,,False,False
fastfit,11913_00,lapel,False,False,absent,absent,,,False,False
fastfit,11913_00,cuff,False,False,absent,absent,,,False,False
fastfit,11913_00,button hole,False,False,absent,absent,,,False,False
fastfit,11913_00,button,False,False,absent,absent,,,False,False
fastfit,11913_00,pocket,False,False,absent,absent,,,False,False
fastfit,11913_00,zipper,False,False,absent,absent,,,False,False
fastfit,11913_00,sleeve,False,False,absent,absent,,,False,False
fastfit,11913_00,shoulder,True,True,present,present,0.4026590585708618,0.4949853718280792,False,False
fastfit,11913_00,logo,False,False,absent,absent,,,False,False
fastfit,11985_00,collar,False,False,absent,absent,,,False,False
fastfit,11985_00,lapel,False,False,absent,absent,,,False,False
fastfit,11985_00,cuff,False,False,absent,absent,,,False,False
fastfit,11985_00,button hole,False,False,absent,absent,,,False,False
fastfit,11985_00,button,False,False,absent,absent,,,False,False
fastfit,11985_00,pocket,False,False,absent,absent,,,False,False
fastfit,11985_00,zipper,False,False,absent,absent,,,False,False
fastfit,11985_00,sleeve,True,True,present,present,0.7016749978065491,0.8677177429199219,False,False
fastfit,11985_00,shoulder,True,True,present,present,0.888393223285675,0.793708860874176,False,False
fastfit,11985_00,logo,False,False,absent,absent,,,False,False
fastfit,11993_00,collar,True,False,present,uncertain,0.3684622049331665,,True,False
fastfit,11993_00,lapel,False,False,absent,absent,,,False,False
fastfit,11993_00,cuff,True,True,present,present,0.4066026210784912,0.37506648898124695,False,False
fastfit,11993_00,button hole,False,False,absent,absent,,,False,False
fastfit,11993_00,button,False,False,absent,absent,,,False,False
fastfit,11993_00,pocket,False,False,absent,absent,,,False,False
fastfit,11993_00,zipper,False,False,absent,absent,,,False,False
fastfit,11993_00,sleeve,True,True,present,present,0.4567156434059143,0.45528164505958557,False,False
fastfit,11993_00,shoulder,True,True,present,present,0.37987813353538513,0.37327471375465393,False,False
fastfit,11993_00,logo,False,False,absent,absent,,,False,False
fastfit,11994_00,collar,True,True,present,present,0.38712888956069946,0.43860623240470886,False,False
fastfit,11994_00,lapel,False,False,absent,absent,,,False,False
fastfit,11994_00,cuff,False,False,uncertain,uncertain,,,False,False
fastfit,11994_00,button hole,False,False,absent,absent,,,False,False
fastfit,11994_00,button,True,False,present,absent,0.4678054749965668,,True,False
fastfit,11994_00,pocket,False,False,absent,absent,,,False,False
fastfit,11994_00,zipper,False,False,absent,absent,,,False,False
fastfit,11994_00,sleeve,True,True,present,present,0.34979385137557983,0.33620667457580566,False,False
fastfit,11994_00,shoulder,True,True,present,present,0.3440939486026764,0.3651677370071411,False,False
fastfit,11994_00,logo,False,False,absent,absent,,,False,False
fastfit,12362_00,collar,False,True,uncertain,present,,,False,False
fastfit,12362_00,lapel,False,False,absent,absent,,,False,False
fastfit,12362_00,cuff,False,False,absent,absent,,,False,False
fastfit,12362_00,button hole,False,False,absent,absent,,,False,False
fastfit,12362_00,button,False,False,absent,absent,,,False,False
fastfit,12362_00,pocket,False,False,absent,absent,,,False,False
fastfit,12362_00,zipper,False,False,absent,absent,,,False,False
fastfit,12362_00,sleeve,True,True,present,present,0.24253609776496887,0.27911537885665894,False,False
fastfit,12362_00,shoulder,True,True,present,present,0.23376011848449707,0.2631780207157135,False,False
fastfit,12362_00,logo,True,True,present,present,0.28528377413749695,0.28528380393981934,False,False
fastfit,12365_00,collar,False,False,absent,absent,,,False,False
fastfit,12365_00,lapel,False,False,absent,absent,,,False,False
fastfit,12365_00,cuff,False,False,absent,absent,,,False,False
fastfit,12365_00,button hole,False,False,absent,absent,,,False,False
fastfit,12365_00,button,False,False,absent,absent,,,False,False
fastfit,12365_00,pocket,False,False,absent,absent,,,False,False
fastfit,12365_00,zipper,False,False,absent,absent,,,False,False
fastfit,12365_00,sleeve,False,False,absent,absent,,,False,False
fastfit,12365_00,shoulder,True,True,present,present,0.22656135261058807,0.22656135261058807,False,False
fastfit,12365_00,logo,False,False,absent,absent,,,False,False
fastfit,12419_00,collar,False,False,absent,absent,,,False,False
fastfit,12419_00,lapel,False,False,absent,absent,,,False,False
fastfit,12419_00,cuff,False,False,absent,absent,,,False,False
fastfit,12419_00,button hole,False,False,absent,absent,,,False,False
fastfit,12419_00,button,False,False,absent,absent,,,False,False
fastfit,12419_00,pocket,False,False,absent,absent,,,False,False
fastfit,12419_00,zipper,False,False,absent,absent,,,False,False
fastfit,12419_00,sleeve,False,False,absent,absent,,,False,False
fastfit,12419_00,shoulder,True,True,present,present,0.45897844433784485,0.46885061264038086,False,False
fastfit,12419_00,logo,False,False,absent,absent,,,False,False
fastfit,12541_00,collar,False,False,absent,absent,,,False,False
fastfit,12541_00,lapel,False,False,absent,absent,,,False,False
fastfit,12541_00,cuff,False,False,absent,absent,,,False,False
fastfit,12541_00,button hole,False,False,absent,absent,,,False,False
fastfit,12541_00,button,False,False,absent,absent,,,False,False
fastfit,12541_00,pocket,False,False,absent,absent,,,False,False
fastfit,12541_00,zipper,False,False,absent,absent,,,False,False
fastfit,12541_00,sleeve,False,False,absent,absent,,,False,False
fastfit,12541_00,shoulder,True,True,present,present,0.33671659231185913,0.3489334285259247,False,False
fastfit,12541_00,logo,False,False,absent,absent,,,False,False
fastfit,12572_00,collar,False,False,absent,present,,,False,False
fastfit,12572_00,lapel,False,False,absent,absent,,,False,False
fastfit,12572_00,cuff,False,False,absent,uncertain,,,False,False
fastfit,12572_00,button hole,False,False,absent,absent,,,False,False
fastfit,12572_00,button,False,False,absent,absent,,,False,False
fastfit,12572_00,pocket,False,False,absent,absent,,,False,False
fastfit,12572_00,zipper,False,False,absent,absent,,,False,False
fastfit,12572_00,sleeve,True,True,present,present,0.41340959072113037,0.48473456501960754,False,False
fastfit,12572_00,shoulder,True,True,present,present,0.5734280347824097,0.8607988953590393,False,False
fastfit,12572_00,logo,False,False,absent,absent,,,False,False
fastfit,12651_00,collar,False,False,absent,absent,,,False,False
fastfit,12651_00,lapel,False,False,absent,absent,,,False,False
fastfit,12651_00,cuff,True,False,present,absent,0.6818069219589233,,True,False
fastfit,12651_00,button hole,False,False,absent,absent,,,False,False
fastfit,12651_00,button,False,False,absent,absent,,,False,False
fastfit,12651_00,pocket,False,False,absent,absent,,,False,False
fastfit,12651_00,zipper,False,False,absent,absent,,,False,False
fastfit,12651_00,sleeve,True,True,present,present,0.763200044631958,0.7631999850273132,False,False
fastfit,12651_00,shoulder,True,True,present,present,0.9260875582695007,0.9565348625183105,False,False
fastfit,12651_00,logo,False,False,absent,absent,,,False,False
fastfit,12661_00,collar,False,False,absent,absent,,,False,False
fastfit,12661_00,lapel,False,False,absent,absent,,,False,False
fastfit,12661_00,cuff,False,False,absent,absent,,,False,False
fastfit,12661_00,button hole,False,False,absent,absent,,,False,False
fastfit,12661_00,button,False,False,absent,absent,,,False,False
fastfit,12661_00,pocket,False,False,absent,absent,,,False,False
fastfit,12661_00,zipper,False,False,absent,absent,,,False,False
fastfit,12661_00,sleeve,True,True,present,present,0.38372743129730225,0.3885174095630646,False,False
fastfit,12661_00,shoulder,True,True,present,present,0.9274808764457703,1.200939416885376,False,False
fastfit,12661_00,logo,False,False,absent,absent,,,False,False
fastfit,12749_00,collar,False,False,absent,absent,,,False,False
fastfit,12749_00,lapel,False,False,absent,absent,,,False,False
fastfit,12749_00,cuff,False,False,absent,absent,,,False,False
fastfit,12749_00,button hole,False,False,absent,absent,,,False,False
fastfit,12749_00,button,False,False,absent,absent,,,False,False
fastfit,12749_00,pocket,False,False,absent,absent,,,False,False
fastfit,12749_00,zipper,False,False,absent,absent,,,False,False
fastfit,12749_00,sleeve,True,True,present,present,0.6481107473373413,0.6465387940406799,False,False
fastfit,12749_00,shoulder,True,True,present,present,0.3572944104671478,0.4151807427406311,False,False
fastfit,12749_00,logo,False,False,absent,absent,,,False,False
fastfit,13126_00,collar,False,False,absent,absent,,,False,False
fastfit,13126_00,lapel,False,False,absent,absent,,,False,False
fastfit,13126_00,cuff,False,False,absent,absent,,,False,False
fastfit,13126_00,button hole,False,False,absent,absent,,,False,False
fastfit,13126_00,button,False,False,absent,absent,,,False,False
fastfit,13126_00,pocket,False,False,absent,absent,,,False,False
fastfit,13126_00,zipper,False,False,absent,absent,,,False,False
fastfit,13126_00,sleeve,True,True,present,present,0.3614140450954437,0.41470077633857727,False,False
fastfit,13126_00,shoulder,True,True,present,present,0.2788572907447815,0.3104785978794098,False,False
fastfit,13126_00,logo,False,False,absent,absent,,,False,False
fastfit,13140_00,collar,False,False,absent,uncertain,,,False,False
fastfit,13140_00,lapel,False,False,absent,absent,,,False,False
fastfit,13140_00,cuff,True,False,present,absent,0.3385118246078491,,True,False
fastfit,13140_00,button hole,False,False,absent,absent,,,False,False
fastfit,13140_00,button,False,False,absent,absent,,,False,False
fastfit,13140_00,pocket,False,False,absent,absent,,,False,False
fastfit,13140_00,zipper,False,False,absent,absent,,,False,False
fastfit,13140_00,sleeve,True,True,present,present,0.3437343239784241,0.3697974681854248,False,False
fastfit,13140_00,shoulder,True,True,present,present,0.5024938583374023,0.5362834930419922,False,False
fastfit,13140_00,logo,False,False,absent,absent,,,False,False
fastfit,13172_00,collar,True,False,present,uncertain,0.4315745532512665,,True,False
fastfit,13172_00,lapel,False,False,absent,absent,,,False,False
fastfit,13172_00,cuff,False,False,absent,absent,,,False,False
fastfit,13172_00,button hole,False,False,absent,absent,,,False,False
fastfit,13172_00,button,False,False,absent,absent,,,False,False
fastfit,13172_00,pocket,False,False,absent,absent,,,False,False
fastfit,13172_00,zipper,False,False,absent,absent,,,False,False
fastfit,13172_00,sleeve,True,True,present,present,0.2995379865169525,0.3680759072303772,False,False
fastfit,13172_00,shoulder,True,True,present,present,0.39002561569213867,0.5237756967544556,False,False
fastfit,13172_00,logo,True,True,present,present,0.3230037987232208,0.40236249566078186,False,False
fastfit,13491_00,collar,False,False,absent,absent,,,False,False
fastfit,13491_00,lapel,False,False,absent,absent,,,False,False
fastfit,13491_00,cuff,False,False,absent,absent,,,False,False
fastfit,13491_00,button hole,False,False,absent,absent,,,False,False
fastfit,13491_00,button,False,False,absent,absent,,,False,False
fastfit,13491_00,pocket,False,False,absent,absent,,,False,False
fastfit,13491_00,zipper,False,False,absent,absent,,,False,False
fastfit,13491_00,sleeve,True,True,present,present,0.2199268341064453,0.2792682647705078,False,False
fastfit,13491_00,shoulder,True,False,present,present,0.4209846556186676,,True,False
fastfit,13491_00,logo,True,True,present,present,0.5022243857383728,0.5022244453430176,False,False
fastfit,13517_00,collar,True,True,present,present,0.5961595177650452,0.5961595177650452,False,False
fastfit,13517_00,lapel,False,False,absent,absent,,,False,False
fastfit,13517_00,cuff,False,False,absent,absent,,,False,False
fastfit,13517_00,button hole,False,False,absent,absent,,,False,False
fastfit,13517_00,button,False,False,absent,absent,,,False,False
fastfit,13517_00,pocket,False,False,absent,absent,,,False,False
fastfit,13517_00,zipper,False,False,absent,absent,,,False,False
fastfit,13517_00,sleeve,False,False,absent,absent,,,False,False
fastfit,13517_00,shoulder,True,True,present,present,0.5885831713676453,0.8233011364936829,False,False
fastfit,13517_00,logo,False,False,absent,absent,,,False,False
fastfit,13589_00,collar,False,False,absent,absent,,,False,False
fastfit,13589_00,lapel,False,False,absent,absent,,,False,False
fastfit,13589_00,cuff,False,False,absent,absent,,,False,False
fastfit,13589_00,button hole,False,False,absent,absent,,,False,False
fastfit,13589_00,button,False,False,absent,absent,,,False,False
fastfit,13589_00,pocket,False,False,absent,absent,,,False,False
fastfit,13589_00,zipper,False,False,absent,absent,,,False,False
fastfit,13589_00,sleeve,True,True,present,present,0.3755030930042267,0.3755030930042267,False,False
fastfit,13589_00,shoulder,True,True,present,present,0.5161935687065125,0.5161935687065125,False,False
fastfit,13589_00,logo,False,False,absent,absent,,,False,False
fastfit,13967_00,collar,False,False,absent,absent,,,False,False
fastfit,13967_00,lapel,False,False,absent,absent,,,False,False
fastfit,13967_00,cuff,False,False,absent,absent,,,False,False
fastfit,13967_00,button hole,False,False,absent,absent,,,False,False
fastfit,13967_00,button,False,False,absent,absent,,,False,False
fastfit,13967_00,pocket,False,False,absent,absent,,,False,False
fastfit,13967_00,zipper,False,False,absent,absent,,,False,False
fastfit,13967_00,sleeve,True,True,present,present,0.3432026505470276,0.34320268034935,False,False
fastfit,13967_00,shoulder,True,False,present,present,0.3574352264404297,,True,False
fastfit,13967_00,logo,False,False,absent,absent,,,False,False
fastfit,13988_00,collar,False,False,absent,uncertain,,,False,False
fastfit,13988_00,lapel,False,False,absent,absent,,,False,False
fastfit,13988_00,cuff,False,False,absent,absent,,,False,False
fastfit,13988_00,button hole,False,False,absent,absent,,,False,False
fastfit,13988_00,button,False,False,absent,absent,,,False,False
fastfit,13988_00,pocket,False,False,absent,absent,,,False,False
fastfit,13988_00,zipper,False,False,absent,absent,,,False,False
fastfit,13988_00,sleeve,True,True,present,present,0.45502588152885437,0.4446626603603363,False,False
fastfit,13988_00,shoulder,True,True,present,present,0.37683799862861633,0.37683799862861633,False,False
fastfit,13988_00,logo,False,False,absent,absent,,,False,False
fastfit,14009_00,collar,True,False,present,absent,0.6970772743225098,,True,False
fastfit,14009_00,lapel,False,False,absent,absent,,,False,False
fastfit,14009_00,cuff,False,False,absent,absent,,,False,False
fastfit,14009_00,button hole,False,False,absent,absent,,,False,False
fastfit,14009_00,button,False,False,absent,absent,,,False,False
fastfit,14009_00,pocket,False,False,absent,absent,,,False,False
fastfit,14009_00,zipper,False,False,absent,absent,,,False,False
fastfit,14009_00,sleeve,False,False,absent,absent,,,False,False
fastfit,14009_00,shoulder,True,True,present,present,0.6824423670768738,0.572727620601654,False,False
fastfit,14009_00,logo,False,False,absent,absent,,,False,False
fastfit,14059_00,collar,False,False,absent,absent,,,False,False
fastfit,14059_00,lapel,False,False,absent,absent,,,False,False
fastfit,14059_00,cuff,False,False,absent,absent,,,False,False
fastfit,14059_00,button hole,False,False,absent,absent,,,False,False
fastfit,14059_00,button,False,False,absent,absent,,,False,False
fastfit,14059_00,pocket,False,False,absent,absent,,,False,False
fastfit,14059_00,zipper,False,False,absent,absent,,,False,False
fastfit,14059_00,sleeve,False,False,absent,absent,,,False,False
fastfit,14059_00,shoulder,True,True,present,present,0.5297546982765198,0.5297546982765198,False,False
fastfit,14059_00,logo,False,False,absent,absent,,,False,False
fastfit,14173_00,collar,False,False,absent,absent,,,False,False
fastfit,14173_00,lapel,False,False,absent,absent,,,False,False
fastfit,14173_00,cuff,True,True,present,present,0.49911972880363464,0.42915889620780945,False,False
fastfit,14173_00,button hole,False,False,absent,absent,,,False,False
fastfit,14173_00,button,False,False,absent,absent,,,False,False
fastfit,14173_00,pocket,False,False,absent,absent,,,False,False
fastfit,14173_00,zipper,False,False,absent,absent,,,False,False
fastfit,14173_00,sleeve,True,True,present,present,0.6812137961387634,0.6577145457267761,False,False
fastfit,14173_00,shoulder,True,True,present,present,0.5660567283630371,0.7337564826011658,False,False
fastfit,14173_00,logo,False,False,absent,absent,,,False,False
fastfit,14181_00,collar,True,True,present,present,0.3202792704105377,0.32027924060821533,False,False
fastfit,14181_00,lapel,False,False,absent,absent,,,False,False
fastfit,14181_00,cuff,True,True,present,present,0.2801326811313629,0.2801326513290405,False,False
fastfit,14181_00,button hole,False,False,absent,absent,,,False,False
fastfit,14181_00,button,False,False,absent,absent,,,False,False
fastfit,14181_00,pocket,False,False,absent,absent,,,False,False
fastfit,14181_00,zipper,False,False,absent,absent,,,False,False
fastfit,14181_00,sleeve,True,True,present,present,0.2758432626724243,0.2758432626724243,False,False
fastfit,14181_00,shoulder,True,False,present,present,0.31470802426338196,,True,False
fastfit,14181_00,logo,True,True,present,present,0.3428311347961426,0.37504470348358154,False,False
fastfit,14189_00,collar,False,False,uncertain,uncertain,,,False,False
fastfit,14189_00,lapel,False,False,absent,absent,,,False,False
fastfit,14189_00,cuff,False,False,absent,absent,,,False,False
fastfit,14189_00,button hole,False,False,absent,absent,,,False,False
fastfit,14189_00,button,False,False,absent,absent,,,False,False
fastfit,14189_00,pocket,False,False,absent,absent,,,False,False
fastfit,14189_00,zipper,False,False,absent,absent,,,False,False
fastfit,14189_00,sleeve,True,True,present,present,0.265840619802475,0.265840619802475,False,False
fastfit,14189_00,shoulder,True,True,present,present,0.33050620555877686,0.31897106766700745,False,False
fastfit,14189_00,logo,False,False,absent,absent,,,False,False
fastfit,14471_00,collar,False,False,uncertain,uncertain,,,False,False
fastfit,14471_00,lapel,False,False,absent,absent,,,False,False
fastfit,14471_00,cuff,True,True,present,present,0.3221275210380554,0.5409064888954163,False,False
fastfit,14471_00,button hole,False,False,absent,absent,,,False,False
fastfit,14471_00,button,False,False,absent,absent,,,False,False
fastfit,14471_00,pocket,False,False,absent,absent,,,False,False
fastfit,14471_00,zipper,False,False,absent,absent,,,False,False
fastfit,14471_00,sleeve,True,True,present,present,0.42149579524993896,0.4865359961986542,False,False
fastfit,14471_00,shoulder,True,True,present,present,0.47271043062210083,0.6092283725738525,False,False
fastfit,14471_00,logo,False,False,absent,absent,,,False,False
fastfit,14651_00,collar,True,True,present,present,0.518143355846405,0.518143355846405,False,False
fastfit,14651_00,lapel,False,False,absent,absent,,,False,False
fastfit,14651_00,cuff,True,False,present,absent,0.28588274121284485,,True,False
fastfit,14651_00,button hole,False,False,absent,absent,,,False,False
fastfit,14651_00,button,False,False,absent,absent,,,False,False
fastfit,14651_00,pocket,False,False,absent,absent,,,False,False
fastfit,14651_00,zipper,False,False,absent,absent,,,False,False
fastfit,14651_00,sleeve,True,True,present,present,0.2677517831325531,0.2677517235279083,False,False
fastfit,14651_00,shoulder,True,True,present,present,0.4131375551223755,0.27635934948921204,False,False
fastfit,14651_00,logo,False,False,uncertain,present,,,False,False
idm,00013_00,collar,True,True,present,present,0.29231205582618713,0.2923121154308319,False,False
idm,00013_00,lapel,False,False,absent,absent,,,False,False
idm,00013_00,cuff,True,True,present,present,0.24462823569774628,0.22657492756843567,False,False
idm,00013_00,button hole,False,False,absent,absent,,,False,False
idm,00013_00,button,False,False,absent,absent,,,False,False
idm,00013_00,pocket,False,False,absent,absent,,,False,False
idm,00013_00,zipper,False,False,absent,absent,,,False,False
idm,00013_00,sleeve,True,True,present,present,0.2846100628376007,0.35746318101882935,False,False
idm,00013_00,shoulder,True,True,present,present,0.24851395189762115,0.24851398169994354,False,False
idm,00013_00,logo,True,False,present,uncertain,0.32115888595581055,,True,False
idm,00272_00,collar,False,False,absent,uncertain,,,False,False
idm,00272_00,lapel,False,False,absent,absent,,,False,False
idm,00272_00,cuff,False,False,absent,absent,,,False,False
idm,00272_00,button hole,False,False,absent,absent,,,False,False
idm,00272_00,button,False,False,absent,absent,,,False,False
idm,00272_00,pocket,False,False,absent,absent,,,False,False
idm,00272_00,zipper,False,False,absent,absent,,,False,False
idm,00272_00,sleeve,False,False,absent,absent,,,False,False
idm,00272_00,shoulder,True,False,present,present,0.43234822154045105,,True,False
idm,00272_00,logo,False,False,absent,absent,,,False,False
idm,00401_00,collar,True,True,present,present,0.5224050283432007,0.5224050879478455,False,False
idm,00401_00,lapel,False,False,absent,absent,,,False,False
idm,00401_00,cuff,True,True,present,present,0.2930043339729309,0.32674238085746765,False,False
idm,00401_00,button hole,False,False,absent,absent,,,False,False
idm,00401_00,button,False,False,absent,absent,,,False,False
idm,00401_00,pocket,False,False,absent,absent,,,False,False
idm,00401_00,zipper,False,False,absent,absent,,,False,False
idm,00401_00,sleeve,True,True,present,present,0.3135428726673126,0.3483828604221344,False,False
idm,00401_00,shoulder,False,True,present,present,,,False,False
idm,00401_00,logo,False,False,absent,absent,,,False,False
idm,00494_00,collar,False,True,uncertain,present,,,False,False
idm,00494_00,lapel,False,False,absent,absent,,,False,False
idm,00494_00,cuff,True,True,present,present,0.22268104553222656,0.22268104553222656,False,False
idm,00494_00,button hole,False,False,absent,absent,,,False,False
idm,00494_00,button,False,False,absent,absent,,,False,False
idm,00494_00,pocket,False,False,absent,absent,,,False,False
idm,00494_00,zipper,False,False,absent,absent,,,False,False
idm,00494_00,sleeve,True,True,present,present,0.4749819338321686,0.5633371472358704,False,False
idm,00494_00,shoulder,False,True,present,present,,,False,False
idm,00494_00,logo,True,True,present,present,0.4379264712333679,0.5410410761833191,False,False
idm,00698_00,collar,False,False,absent,absent,,,False,False
idm,00698_00,lapel,False,False,absent,absent,,,False,False
idm,00698_00,cuff,False,False,absent,absent,,,False,False
idm,00698_00,button hole,False,False,absent,absent,,,False,False
idm,00698_00,button,False,False,present,uncertain,,,False,False
idm,00698_00,pocket,False,False,absent,absent,,,False,False
idm,00698_00,zipper,False,False,absent,absent,,,False,False
idm,00698_00,sleeve,True,True,present,present,0.24235983192920685,0.2888156771659851,False,False
idm,00698_00,shoulder,True,True,present,present,0.19739891588687897,0.19739891588687897,False,False
idm,00698_00,logo,False,False,absent,absent,,,False,False
idm,00827_00,collar,False,False,absent,absent,,,False,False
idm,00827_00,lapel,False,False,absent,absent,,,False,False
idm,00827_00,cuff,False,False,absent,absent,,,False,False
idm,00827_00,button hole,False,False,absent,absent,,,False,False
idm,00827_00,button,False,False,absent,absent,,,False,False
idm,00827_00,pocket,False,False,absent,absent,,,False,False
idm,00827_00,zipper,False,False,absent,absent,,,False,False
idm,00827_00,sleeve,False,False,absent,absent,,,False,False
idm,00827_00,shoulder,True,True,present,present,0.3393716812133789,0.34171730279922485,False,False
idm,00827_00,logo,False,False,absent,absent,,,False,False
idm,01026_00,collar,True,True,present,present,0.5274415016174316,0.7328097224235535,False,False
idm,01026_00,lapel,False,False,absent,absent,,,False,False
idm,01026_00,cuff,True,True,present,present,0.4288119971752167,0.4288119971752167,False,False
idm,01026_00,button hole,False,False,absent,absent,,,False,False
idm,01026_00,button,False,False,absent,absent,,,False,False
idm,01026_00,pocket,False,False,absent,absent,,,False,False
idm,01026_00,zipper,False,False,absent,absent,,,False,False
idm,01026_00,sleeve,True,True,present,present,0.44717761874198914,0.4798066020011902,False,False
idm,01026_00,shoulder,True,True,present,present,0.5420814156532288,0.5353593826293945,False,False
idm,01026_00,logo,False,False,uncertain,absent,,,False,False
idm,01046_00,collar,False,False,absent,absent,,,False,False
idm,01046_00,lapel,False,False,absent,absent,,,False,False
idm,01046_00,cuff,True,True,present,present,0.31899797916412354,0.3926416337490082,False,False
idm,01046_00,button hole,False,False,absent,absent,,,False,False
idm,01046_00,button,True,True,present,present,0.49151745438575745,0.5015838146209717,False,False
idm,01046_00,pocket,False,False,absent,absent,,,False,False
idm,01046_00,zipper,False,False,absent,absent,,,False,False
idm,01046_00,sleeve,True,True,present,present,0.34858438372612,0.35029366612434387,False,False
idm,01046_00,shoulder,False,True,present,present,,,False,False
idm,01046_00,logo,False,False,absent,absent,,,False,False
idm,01090_00,collar,True,True,present,present,0.5825112462043762,0.5825112462043762,False,False
idm,01090_00,lapel,False,False,absent,absent,,,False,False
idm,01090_00,cuff,True,True,present,present,0.2791031301021576,0.2791031301021576,False,False
idm,01090_00,button hole,False,False,absent,absent,,,False,False
idm,01090_00,button,False,False,absent,absent,,,False,False
idm,01090_00,pocket,False,False,absent,absent,,,False,False
idm,01090_00,zipper,False,False,absent,absent,,,False,False
idm,01090_00,sleeve,True,True,present,present,0.49290016293525696,0.49290016293525696,False,False
idm,01090_00,shoulder,True,True,present,present,0.5771754384040833,0.5920981764793396,False,False
idm,01090_00,logo,False,False,absent,absent,,,False,False
idm,01386_00,collar,True,False,present,present,0.36159491539001465,,True,False
idm,01386_00,lapel,False,False,absent,absent,,,False,False
idm,01386_00,cuff,False,False,absent,absent,,,False,False
idm,01386_00,button hole,False,False,absent,absent,,,False,False
idm,01386_00,button,False,False,absent,absent,,,False,False
idm,01386_00,pocket,False,False,absent,absent,,,False,False
idm,01386_00,zipper,False,False,absent,absent,,,False,False
idm,01386_00,sleeve,True,True,present,present,0.30869239568710327,0.3639724552631378,False,False
idm,01386_00,shoulder,True,True,present,present,0.40222543478012085,0.5629521012306213,False,False
idm,01386_00,logo,False,False,absent,absent,,,False,False
idm,01503_00,collar,False,False,uncertain,present,,,False,False
idm,01503_00,lapel,False,False,absent,absent,,,False,False
idm,01503_00,cuff,False,False,uncertain,uncertain,,,False,False
idm,01503_00,button hole,False,False,absent,absent,,,False,False
idm,01503_00,button,False,False,absent,absent,,,False,False
idm,01503_00,pocket,False,False,absent,absent,,,False,False
idm,01503_00,zipper,False,False,absent,absent,,,False,False
idm,01503_00,sleeve,True,True,present,present,0.39078086614608765,0.38604190945625305,False,False
idm,01503_00,shoulder,True,True,present,present,0.38495177030563354,0.4312688708305359,False,False
idm,01503_00,logo,False,False,absent,absent,,,False,False
idm,01767_00,collar,False,False,absent,uncertain,,,False,False
idm,01767_00,lapel,False,False,absent,absent,,,False,False
idm,01767_00,cuff,False,False,absent,absent,,,False,False
idm,01767_00,button hole,False,False,absent,absent,,,False,False
idm,01767_00,button,True,False,present,absent,0.41973501443862915,,True,False
idm,01767_00,pocket,False,False,absent,absent,,,False,False
idm,01767_00,zipper,False,False,absent,absent,,,False,False
idm,01767_00,sleeve,True,True,present,present,0.3322289288043976,0.3322288691997528,False,False
idm,01767_00,shoulder,True,True,present,present,0.38533249497413635,0.2912673354148865,False,False
idm,01767_00,logo,False,False,present,present,,,False,False
idm,01801_00,collar,False,False,absent,absent,,,False,False
idm,01801_00,lapel,False,False,absent,absent,,,False,False
idm,01801_00,cuff,False,False,absent,absent,,,False,False
idm,01801_00,button hole,False,False,absent,absent,,,False,False
idm,01801_00,button,False,False,absent,absent,,,False,False
idm,01801_00,pocket,False,False,absent,absent,,,False,False
idm,01801_00,zipper,False,False,absent,absent,,,False,False
idm,01801_00,sleeve,False,False,absent,absent,,,False,False
idm,01801_00,shoulder,True,True,present,present,0.32226017117500305,0.6241850256919861,False,False
idm,01801_00,logo,False,False,absent,absent,,,False,False
idm,01827_00,collar,True,True,present,present,0.2501646876335144,0.2501646876335144,False,False
idm,01827_00,lapel,False,False,absent,absent,,,False,False
idm,01827_00,cuff,False,True,absent,present,,,False,True
idm,01827_00,button hole,False,False,absent,absent,,,False,False
idm,01827_00,button,False,False,absent,absent,,,False,False
idm,01827_00,pocket,True,True,present,present,0.19555425643920898,0.2477400153875351,False,False
idm,01827_00,zipper,False,False,absent,absent,,,False,False
idm,01827_00,sleeve,True,True,present,present,0.16685034334659576,0.2061159908771515,False,False
idm,01827_00,shoulder,True,False,present,present,0.18584835529327393,,True,False
idm,01827_00,logo,False,False,absent,absent,,,False,False
idm,01832_00,collar,True,True,present,present,0.15967129170894623,0.19277608394622803,False,False
idm,01832_00,lapel,False,False,absent,absent,,,False,False
idm,01832_00,cuff,False,False,absent,absent,,,False,False
idm,01832_00,button hole,False,False,absent,absent,,,False,False
idm,01832_00,button,False,False,absent,absent,,,False,False
idm,01832_00,pocket,False,False,absent,absent,,,False,False
idm,01832_00,zipper,False,False,absent,absent,,,False,False
idm,01832_00,sleeve,True,True,present,present,0.12482296675443649,0.15171077847480774,False,False
idm,01832_00,shoulder,True,True,present,present,0.14255940914154053,0.41761165857315063,False,False
idm,01832_00,logo,False,False,absent,absent,,,False,False
idm,01877_00,collar,True,False,present,absent,0.6318638324737549,,True,False
idm,01877_00,lapel,False,False,absent,absent,,,False,False
idm,01877_00,cuff,False,False,absent,absent,,,False,False
idm,01877_00,button hole,False,False,absent,absent,,,False,False
idm,01877_00,button,False,False,absent,absent,,,False,False
idm,01877_00,pocket,False,False,absent,absent,,,False,False
idm,01877_00,zipper,False,False,absent,absent,,,False,False
idm,01877_00,sleeve,True,True,present,present,0.40908142924308777,0.40723854303359985,False,False
idm,01877_00,shoulder,True,True,present,present,0.4365684688091278,0.4386075735092163,False,False
idm,01877_00,logo,False,True,present,present,,,False,False
idm,01900_00,collar,False,False,absent,absent,,,False,False
idm,01900_00,lapel,False,False,absent,absent,,,False,False
idm,01900_00,cuff,True,False,present,absent,0.3580620586872101,,True,False
idm,01900_00,button hole,False,False,absent,absent,,,False,False
idm,01900_00,button,False,False,absent,absent,,,False,False
idm,01900_00,pocket,False,False,absent,absent,,,False,False
idm,01900_00,zipper,False,False,absent,absent,,,False,False
idm,01900_00,sleeve,True,True,present,present,0.4349374771118164,0.4307928681373596,False,False
idm,01900_00,shoulder,True,True,present,present,0.3734200596809387,0.4371680021286011,False,False
idm,01900_00,logo,False,False,absent,absent,,,False,False
idm,01917_00,collar,True,True,present,present,0.2950391471385956,0.2950391471385956,False,False
idm,01917_00,lapel,False,False,absent,absent,,,False,False
idm,01917_00,cuff,False,False,absent,absent,,,False,False
idm,01917_00,button hole,False,False,absent,absent,,,False,False
idm,01917_00,button,False,False,absent,absent,,,False,False
idm,01917_00,pocket,False,False,absent,absent,,,False,False
idm,01917_00,zipper,False,False,absent,absent,,,False,False
idm,01917_00,sleeve,True,True,present,present,0.2962303161621094,0.2805757522583008,False,False
idm,01917_00,shoulder,True,True,present,present,0.3674711287021637,0.3778115510940552,False,False
idm,01917_00,logo,False,False,absent,absent,,,False,False
idm,01994_00,collar,False,False,absent,absent,,,False,False
idm,01994_00,lapel,False,False,absent,absent,,,False,False
idm,01994_00,cuff,False,False,absent,absent,,,False,False
idm,01994_00,button hole,False,False,absent,absent,,,False,False
idm,01994_00,button,False,False,absent,absent,,,False,False
idm,01994_00,pocket,False,False,absent,absent,,,False,False
idm,01994_00,zipper,False,False,absent,absent,,,False,False
idm,01994_00,sleeve,True,True,present,present,0.2704547941684723,0.2689960300922394,False,False
idm,01994_00,shoulder,True,True,present,present,0.3304745554924011,0.34918102622032166,False,False
idm,01994_00,logo,False,False,absent,absent,,,False,False
idm,02180_00,collar,True,True,present,present,0.46483659744262695,0.46738284826278687,False,False
idm,02180_00,lapel,False,False,absent,absent,,,False,False
idm,02180_00,cuff,False,True,uncertain,present,,,False,False
idm,02180_00,button hole,False,False,absent,absent,,,False,False
idm,02180_00,button,False,False,absent,absent,,,False,False
idm,02180_00,pocket,False,False,absent,absent,,,False,False
idm,02180_00,zipper,False,False,absent,absent,,,False,False
idm,02180_00,sleeve,True,True,present,present,0.4316674768924713,0.4673535227775574,False,False
idm,02180_00,shoulder,True,True,present,present,0.39068350195884705,0.39758622646331787,False,False
idm,02180_00,logo,True,True,present,present,0.47858384251594543,0.4956837296485901,False,False
idm,02253_00,collar,False,False,uncertain,absent,,,False,False
idm,02253_00,lapel,False,False,absent,absent,,,False,False
idm,02253_00,cuff,True,True,present,present,0.6253591775894165,0.6253591775894165,False,False
idm,02253_00,button hole,False,False,absent,absent,,,False,False
idm,02253_00,button,False,False,absent,absent,,,False,False
idm,02253_00,pocket,False,False,absent,absent,,,False,False
idm,02253_00,zipper,False,False,absent,absent,,,False,False
idm,02253_00,sleeve,True,True,present,present,0.5548149347305298,0.5724353790283203,False,False
idm,02253_00,shoulder,True,True,present,present,0.45608291029930115,0.4794531762599945,False,False
idm,02253_00,logo,False,False,absent,absent,,,False,False
idm,02327_00,collar,True,False,present,absent,0.6253701448440552,,True,False
idm,02327_00,lapel,False,False,absent,absent,,,False,False
idm,02327_00,cuff,False,False,absent,absent,,,False,False
idm,02327_00,button hole,False,False,absent,absent,,,False,False
idm,02327_00,button,False,False,absent,absent,,,False,False
idm,02327_00,pocket,False,False,absent,absent,,,False,False
idm,02327_00,zipper,False,False,absent,absent,,,False,False
idm,02327_00,sleeve,False,True,present,present,,,False,False
idm,02327_00,shoulder,True,True,present,present,0.6342402100563049,0.8164301514625549,False,False
idm,02327_00,logo,False,False,absent,absent,,,False,False
idm,02336_00,collar,False,False,absent,absent,,,False,False
idm,02336_00,lapel,False,False,absent,absent,,,False,False
idm,02336_00,cuff,False,False,absent,absent,,,False,False
idm,02336_00,button hole,False,False,absent,absent,,,False,False
idm,02336_00,button,False,False,absent,absent,,,False,False
idm,02336_00,pocket,False,False,absent,absent,,,False,False
idm,02336_00,zipper,False,False,absent,absent,,,False,False
idm,02336_00,sleeve,False,False,absent,absent,,,False,False
idm,02336_00,shoulder,True,True,present,present,0.453772634267807,0.5606392621994019,False,False
idm,02336_00,logo,False,False,absent,absent,,,False,False
idm,02372_00,collar,False,False,absent,absent,,,False,False
idm,02372_00,lapel,False,False,absent,absent,,,False,False
idm,02372_00,cuff,False,False,absent,absent,,,False,False
idm,02372_00,button hole,False,False,absent,absent,,,False,False
idm,02372_00,button,False,False,absent,absent,,,False,False
idm,02372_00,pocket,False,False,absent,absent,,,False,False
idm,02372_00,zipper,False,False,absent,absent,,,False,False
idm,02372_00,sleeve,False,False,absent,absent,,,False,False
idm,02372_00,shoulder,True,True,present,present,0.41874003410339355,0.41874003410339355,False,False
idm,02372_00,logo,False,False,absent,absent,,,False,False
idm,02388_00,collar,True,True,present,present,0.4361407458782196,0.4361407458782196,False,False
idm,02388_00,lapel,False,False,absent,absent,,,False,False
idm,02388_00,cuff,False,False,absent,absent,,,False,False
idm,02388_00,button hole,False,False,absent,absent,,,False,False
idm,02388_00,button,False,False,absent,absent,,,False,False
idm,02388_00,pocket,False,False,absent,absent,,,False,False
idm,02388_00,zipper,False,False,absent,absent,,,False,False
idm,02388_00,sleeve,True,True,present,present,0.5239934921264648,0.5805234909057617,False,False
idm,02388_00,shoulder,True,True,present,present,0.44600558280944824,0.43679988384246826,False,False
idm,02388_00,logo,False,False,absent,absent,,,False,False
idm,02400_00,collar,False,False,absent,absent,,,False,False
idm,02400_00,lapel,False,False,absent,absent,,,False,False
idm,02400_00,cuff,False,False,absent,absent,,,False,False
idm,02400_00,button hole,False,False,absent,absent,,,False,False
idm,02400_00,button,False,False,absent,absent,,,False,False
idm,02400_00,pocket,False,False,absent,absent,,,False,False
idm,02400_00,zipper,False,False,absent,absent,,,False,False
idm,02400_00,sleeve,True,True,present,present,0.6469765901565552,0.6614915132522583,False,False
idm,02400_00,shoulder,True,True,present,present,0.7521237134933472,0.6904072761535645,False,False
idm,02400_00,logo,False,False,absent,absent,,,False,False
idm,02457_00,collar,False,False,absent,absent,,,False,False
idm,02457_00,lapel,False,False,absent,absent,,,False,False
idm,02457_00,cuff,False,False,absent,absent,,,False,False
idm,02457_00,button hole,False,False,absent,absent,,,False,False
idm,02457_00,button,False,False,absent,absent,,,False,False
idm,02457_00,pocket,False,False,absent,absent,,,False,False
idm,02457_00,zipper,False,False,absent,absent,,,False,False
idm,02457_00,sleeve,True,True,present,present,0.4606803059577942,0.4611651301383972,False,False
idm,02457_00,shoulder,True,True,present,present,0.4019377529621124,0.4019377529621124,False,False
idm,02457_00,logo,False,False,absent,absent,,,False,False
idm,02743_00,collar,True,True,present,present,0.403570294380188,0.403570294380188,False,False
idm,02743_00,lapel,False,False,absent,absent,,,False,False
idm,02743_00,cuff,True,True,present,present,0.2602548599243164,0.35662367939949036,False,False
idm,02743_00,button hole,False,False,absent,absent,,,False,False
idm,02743_00,button,False,False,absent,absent,,,False,False
idm,02743_00,pocket,False,False,absent,absent,,,False,False
idm,02743_00,zipper,False,False,absent,absent,,,False,False
idm,02743_00,sleeve,True,True,present,present,0.2738538980484009,0.2738538980484009,False,False
idm,02743_00,shoulder,True,True,present,present,0.2678242623806,0.2835020124912262,False,False
idm,02743_00,logo,True,True,present,present,0.2802068889141083,0.2802068889141083,False,False
idm,02810_00,collar,False,False,absent,absent,,,False,False
idm,02810_00,lapel,False,False,absent,absent,,,False,False
idm,02810_00,cuff,False,False,absent,absent,,,False,False
idm,02810_00,button hole,False,False,absent,absent,,,False,False
idm,02810_00,button,False,False,absent,absent,,,False,False
idm,02810_00,pocket,True,True,present,present,0.4129738509654999,0.561284601688385,False,False
idm,02810_00,zipper,False,False,absent,absent,,,False,False
idm,02810_00,sleeve,True,True,present,present,0.26701855659484863,0.26701855659484863,False,False
idm,02810_00,shoulder,True,True,present,present,0.31139075756073,0.4269275665283203,False,False
idm,02810_00,logo,False,False,absent,absent,,,False,False
idm,02871_00,collar,True,True,present,present,0.3445168137550354,0.3445168137550354,False,False
idm,02871_00,lapel,False,False,absent,absent,,,False,False
idm,02871_00,cuff,False,False,uncertain,absent,,,False,False
idm,02871_00,button hole,False,False,absent,absent,,,False,False
idm,02871_00,button,False,False,absent,absent,,,False,False
idm,02871_00,pocket,False,False,absent,absent,,,False,False
idm,02871_00,zipper,False,False,absent,absent,,,False,False
idm,02871_00,sleeve,True,True,present,present,0.3000246286392212,0.3000246286392212,False,False
idm,02871_00,shoulder,True,True,present,present,0.35863614082336426,0.36627522110939026,False,False
idm,02871_00,logo,True,True,present,present,0.3205828368663788,0.37724941968917847,False,False
idm,03013_00,collar,True,True,present,present,0.29523107409477234,0.3725912272930145,False,False
idm,03013_00,lapel,False,False,absent,absent,,,False,False
idm,03013_00,cuff,False,False,absent,absent,,,False,False
idm,03013_00,button hole,False,False,absent,absent,,,False,False
idm,03013_00,button,False,False,absent,absent,,,False,False
idm,03013_00,pocket,False,False,absent,absent,,,False,False
idm,03013_00,zipper,False,False,absent,absent,,,False,False
idm,03013_00,sleeve,True,True,present,present,0.34048622846603394,0.33548733592033386,False,False
idm,03013_00,shoulder,True,True,present,present,0.24575136601924896,0.27886950969696045,False,False
idm,03013_00,logo,False,False,absent,absent,,,False,False
idm,03191_00,collar,False,False,absent,absent,,,False,False
idm,03191_00,lapel,False,False,absent,absent,,,False,False
idm,03191_00,cuff,False,True,uncertain,present,,,False,False
idm,03191_00,button hole,False,False,absent,absent,,,False,False
idm,03191_00,button,False,False,absent,absent,,,False,False
idm,03191_00,pocket,False,False,absent,absent,,,False,False
idm,03191_00,zipper,False,False,absent,absent,,,False,False
idm,03191_00,sleeve,True,True,present,present,0.26718395948410034,0.3052774965763092,False,False
idm,03191_00,shoulder,True,True,present,present,0.1747995764017105,0.17479956150054932,False,False
idm,03191_00,logo,False,False,absent,absent,,,False,False
idm,03608_00,collar,True,False,present,present,0.29460805654525757,,True,False
idm,03608_00,lapel,False,False,absent,absent,,,False,False
idm,03608_00,cuff,True,True,present,present,0.37863340973854065,0.5402795076370239,False,False
idm,03608_00,button hole,False,False,absent,absent,,,False,False
idm,03608_00,button,False,False,absent,absent,,,False,False
idm,03608_00,pocket,False,False,absent,absent,,,False,False
idm,03608_00,zipper,False,False,absent,absent,,,False,False
idm,03608_00,sleeve,True,True,present,present,0.41254135966300964,0.4529302418231964,False,False
idm,03608_00,shoulder,True,True,present,present,0.3062862455844879,0.3384872078895569,False,False
idm,03608_00,logo,False,False,absent,absent,,,False,False
idm,03935_00,collar,True,False,present,absent,0.33290761709213257,,True,False
idm,03935_00,lapel,False,False,absent,absent,,,False,False
idm,03935_00,cuff,True,True,present,present,0.32808929681777954,0.36196425557136536,False,False
idm,03935_00,button hole,False,False,absent,absent,,,False,False
idm,03935_00,button,False,False,absent,absent,,,False,False
idm,03935_00,pocket,False,False,absent,absent,,,False,False
idm,03935_00,zipper,False,False,absent,absent,,,False,False
idm,03935_00,sleeve,True,True,present,present,0.3103295564651489,0.3654268980026245,False,False
idm,03935_00,shoulder,True,True,present,present,0.25253263115882874,0.40007129311561584,False,False
idm,03935_00,logo,False,False,absent,absent,,,False,False
idm,03950_00,collar,False,False,absent,absent,,,False,False
idm,03950_00,lapel,False,False,absent,absent,,,False,False
idm,03950_00,cuff,False,True,absent,present,,,False,True
idm,03950_00,button hole,False,False,absent,absent,,,False,False
idm,03950_00,button,False,False,absent,absent,,,False,False
idm,03950_00,pocket,False,False,absent,absent,,,False,False
idm,03950_00,zipper,False,False,absent,absent,,,False,False
idm,03950_00,sleeve,True,True,present,present,0.5323061347007751,0.5558984279632568,False,False
idm,03950_00,shoulder,True,True,present,present,0.452383428812027,0.45238345861434937,False,False
idm,03950_00,logo,False,False,absent,absent,,,False,False
idm,03991_00,collar,True,False,present,present,0.4590996503829956,,True,False
idm,03991_00,lapel,False,False,absent,absent,,,False,False
idm,03991_00,cuff,False,False,absent,absent,,,False,False
idm,03991_00,button hole,False,False,absent,absent,,,False,False
idm,03991_00,button,False,False,absent,absent,,,False,False
idm,03991_00,pocket,False,False,absent,absent,,,False,False
idm,03991_00,zipper,False,False,absent,absent,,,False,False
idm,03991_00,sleeve,False,False,absent,absent,,,False,False
idm,03991_00,shoulder,True,True,present,present,0.45365193486213684,0.4536517858505249,False,False
idm,03991_00,logo,False,False,absent,absent,,,False,False
idm,04430_00,collar,True,True,present,present,0.2569634020328522,0.2569634020328522,False,False
idm,04430_00,lapel,False,False,absent,absent,,,False,False
idm,04430_00,cuff,False,False,absent,absent,,,False,False
idm,04430_00,button hole,False,False,absent,absent,,,False,False
idm,04430_00,button,False,False,absent,absent,,,False,False
idm,04430_00,pocket,False,False,absent,absent,,,False,False
idm,04430_00,zipper,False,False,absent,absent,,,False,False
idm,04430_00,sleeve,True,True,present,present,0.2951788902282715,0.29041364789009094,False,False
idm,04430_00,shoulder,True,True,present,present,0.22119557857513428,0.3983485698699951,False,False
idm,04430_00,logo,False,False,absent,absent,,,False,False
idm,04562_00,collar,True,True,present,present,0.5057170987129211,0.5057170987129211,False,False
idm,04562_00,lapel,False,False,absent,absent,,,False,False
idm,04562_00,cuff,False,False,absent,absent,,,False,False
idm,04562_00,button hole,False,False,absent,absent,,,False,False
idm,04562_00,button,False,False,absent,absent,,,False,False
idm,04562_00,pocket,False,False,absent,uncertain,,,False,False
idm,04562_00,zipper,False,False,absent,absent,,,False,False
idm,04562_00,sleeve,True,True,present,present,0.3857334852218628,0.4347781836986542,False,False
idm,04562_00,shoulder,True,True,present,present,0.43539294600486755,0.4309878647327423,False,False
idm,04562_00,logo,False,False,absent,absent,,,False,False
idm,04652_00,collar,False,True,absent,present,,,False,True
idm,04652_00,lapel,False,False,absent,absent,,,False,False
idm,04652_00,cuff,False,False,absent,absent,,,False,False
idm,04652_00,button hole,False,False,absent,absent,,,False,False
idm,04652_00,button,False,False,absent,absent,,,False,False
idm,04652_00,pocket,False,False,absent,absent,,,False,False
idm,04652_00,zipper,False,False,absent,absent,,,False,False
idm,04652_00,sleeve,True,True,present,present,0.4034598469734192,0.4195513427257538,False,False
idm,04652_00,shoulder,True,True,present,present,0.6782456040382385,0.686856210231781,False,False
idm,04652_00,logo,False,False,absent,absent,,,False,False
idm,04680_00,collar,False,False,uncertain,absent,,,False,False
idm,04680_00,lapel,False,False,absent,absent,,,False,False
idm,04680_00,cuff,False,False,absent,absent,,,False,False
idm,04680_00,button hole,False,False,absent,absent,,,False,False
idm,04680_00,button,True,True,present,present,0.34055906534194946,0.3829708695411682,False,False
idm,04680_00,pocket,False,False,absent,absent,,,False,False
idm,04680_00,zipper,False,False,absent,absent,,,False,False
idm,04680_00,sleeve,False,False,absent,absent,,,False,False
idm,04680_00,shoulder,True,True,present,present,0.273925244808197,0.273925244808197,False,False
idm,04680_00,logo,False,False,absent,absent,,,False,False
idm,04699_00,collar,False,False,absent,absent,,,False,False
idm,04699_00,lapel,False,False,absent,absent,,,False,False
idm,04699_00,cuff,False,True,uncertain,present,,,False,False
idm,04699_00,button hole,False,False,absent,absent,,,False,False
idm,04699_00,button,False,False,absent,absent,,,False,False
idm,04699_00,pocket,False,False,absent,absent,,,False,False
idm,04699_00,zipper,False,False,absent,absent,,,False,False
idm,04699_00,sleeve,True,True,present,present,0.48345327377319336,0.5514088273048401,False,False
idm,04699_00,shoulder,True,True,present,present,0.36976271867752075,0.36744996905326843,False,False
idm,04699_00,logo,False,False,absent,absent,,,False,False
idm,04847_00,collar,True,True,present,present,0.740656852722168,0.818469762802124,False,False
idm,04847_00,lapel,False,False,absent,absent,,,False,False
idm,04847_00,cuff,False,False,absent,absent,,,False,False
idm,04847_00,button hole,False,False,absent,absent,,,False,False
idm,04847_00,button,False,False,absent,absent,,,False,False
idm,04847_00,pocket,False,False,absent,absent,,,False,False
idm,04847_00,zipper,False,False,absent,absent,,,False,False
idm,04847_00,sleeve,True,True,present,present,0.5615102052688599,0.7316933274269104,False,False
idm,04847_00,shoulder,False,False,present,present,,,False,False
idm,04847_00,logo,True,False,present,present,0.7101970314979553,,True,False
idm,04893_00,collar,False,False,absent,absent,,,False,False
idm,04893_00,lapel,False,False,absent,absent,,,False,False
idm,04893_00,cuff,False,False,absent,absent,,,False,False
idm,04893_00,button hole,False,False,absent,absent,,,False,False
idm,04893_00,button,False,False,absent,absent,,,False,False
idm,04893_00,pocket,False,False,absent,absent,,,False,False
idm,04893_00,zipper,False,False,absent,absent,,,False,False
idm,04893_00,sleeve,True,True,present,present,0.47174692153930664,0.7046465277671814,False,False
idm,04893_00,shoulder,True,True,present,present,0.4407185912132263,0.4851580262184143,False,False
idm,04893_00,logo,False,False,absent,absent,,,False,False
idm,04944_00,collar,True,True,present,present,0.5396468043327332,0.5396468043327332,False,False
idm,04944_00,lapel,False,False,absent,absent,,,False,False
idm,04944_00,cuff,False,False,absent,absent,,,False,False
idm,04944_00,button hole,False,False,absent,absent,,,False,False
idm,04944_00,button,False,False,absent,absent,,,False,False
idm,04944_00,pocket,False,False,absent,absent,,,False,False
idm,04944_00,zipper,False,False,absent,absent,,,False,False
idm,04944_00,sleeve,True,True,present,present,0.2767741084098816,0.3395312428474426,False,False
idm,04944_00,shoulder,True,True,present,present,0.6273482441902161,0.5962971448898315,False,False
idm,04944_00,logo,False,False,absent,absent,,,False,False
idm,05156_00,collar,True,True,present,present,0.3384833335876465,0.3384833335876465,False,False
idm,05156_00,lapel,False,False,absent,absent,,,False,False
idm,05156_00,cuff,True,True,present,present,0.2814376950263977,0.28168177604675293,False,False
idm,05156_00,button hole,False,False,absent,absent,,,False,False
idm,05156_00,button,False,False,absent,absent,,,False,False
idm,05156_00,pocket,False,False,absent,absent,,,False,False
idm,05156_00,zipper,False,False,absent,absent,,,False,False
idm,05156_00,sleeve,True,True,present,present,0.3103601336479187,0.3319690227508545,False,False
idm,05156_00,shoulder,True,True,present,present,0.2969413995742798,0.3044167757034302,False,False
idm,05156_00,logo,False,False,absent,absent,,,False,False
idm,05329_00,collar,False,False,absent,absent,,,False,False
idm,05329_00,lapel,False,False,absent,absent,,,False,False
idm,05329_00,cuff,False,False,absent,absent,,,False,False
idm,05329_00,button hole,False,False,absent,absent,,,False,False
idm,05329_00,button,False,False,absent,absent,,,False,False
idm,05329_00,pocket,False,False,absent,absent,,,False,False
idm,05329_00,zipper,False,False,absent,absent,,,False,False
idm,05329_00,sleeve,True,True,present,present,0.3960544466972351,0.4470027983188629,False,False
idm,05329_00,shoulder,True,True,present,present,0.41239723563194275,0.4061436653137207,False,False
idm,05329_00,logo,False,False,absent,absent,,,False,False
idm,05544_00,collar,True,True,present,present,0.3553978502750397,0.41376495361328125,False,False
idm,05544_00,lapel,False,False,absent,absent,,,False,False
idm,05544_00,cuff,False,False,absent,absent,,,False,False
idm,05544_00,button hole,False,False,absent,absent,,,False,False
idm,05544_00,button,False,False,absent,absent,,,False,False
idm,05544_00,pocket,False,False,absent,absent,,,False,False
idm,05544_00,zipper,False,False,absent,absent,,,False,False
idm,05544_00,sleeve,False,False,absent,absent,,,False,False
idm,05544_00,shoulder,False,False,uncertain,uncertain,,,False,False
idm,05544_00,logo,False,False,absent,absent,,,False,False
idm,05910_00,collar,False,False,absent,absent,,,False,False
idm,05910_00,lapel,False,False,absent,absent,,,False,False
idm,05910_00,cuff,False,False,absent,absent,,,False,False
idm,05910_00,button hole,False,False,absent,absent,,,False,False
idm,05910_00,button,False,False,absent,absent,,,False,False
idm,05910_00,pocket,False,False,absent,absent,,,False,False
idm,05910_00,zipper,False,False,absent,absent,,,False,False
idm,05910_00,sleeve,False,False,absent,absent,,,False,False
idm,05910_00,shoulder,True,True,present,present,0.5451074838638306,0.5451074838638306,False,False
idm,05910_00,logo,False,False,absent,absent,,,False,False
idm,05961_00,collar,False,True,absent,present,,,False,True
idm,05961_00,lapel,False,False,absent,absent,,,False,False
idm,05961_00,cuff,False,False,absent,absent,,,False,False
idm,05961_00,button hole,False,False,absent,absent,,,False,False
idm,05961_00,button,False,False,absent,absent,,,False,False
idm,05961_00,pocket,False,False,absent,absent,,,False,False
idm,05961_00,zipper,False,False,absent,absent,,,False,False
idm,05961_00,sleeve,True,True,present,present,0.4507247805595398,0.4279358386993408,False,False
idm,05961_00,shoulder,True,True,present,present,0.41373488306999207,0.5283070802688599,False,False
idm,05961_00,logo,False,False,absent,absent,,,False,False
idm,06192_00,collar,True,True,present,present,0.3654778301715851,0.3654778301715851,False,False
idm,06192_00,lapel,False,False,absent,absent,,,False,False
idm,06192_00,cuff,True,True,present,present,0.2961438298225403,0.27380505204200745,False,False
idm,06192_00,button hole,False,False,absent,absent,,,False,False
idm,06192_00,button,False,False,absent,absent,,,False,False
idm,06192_00,pocket,False,False,absent,absent,,,False,False
idm,06192_00,zipper,False,False,absent,absent,,,False,False
idm,06192_00,sleeve,True,True,present,present,0.3950943350791931,0.3950943350791931,False,False
idm,06192_00,shoulder,True,True,present,present,0.40633222460746765,0.40633222460746765,False,False
idm,06192_00,logo,False,False,absent,absent,,,False,False
idm,06730_00,collar,True,True,present,present,0.4075299799442291,0.3966526687145233,False,False
idm,06730_00,lapel,False,False,absent,absent,,,False,False
idm,06730_00,cuff,True,True,present,present,0.375993013381958,0.517421305179596,False,False
idm,06730_00,button hole,False,False,absent,absent,,,False,False
idm,06730_00,button,False,False,absent,absent,,,False,False
idm,06730_00,pocket,False,False,absent,absent,,,False,False
idm,06730_00,zipper,False,False,absent,absent,,,False,False
idm,06730_00,sleeve,True,True,present,present,0.46558061242103577,0.5159907341003418,False,False
idm,06730_00,shoulder,True,True,present,present,0.41162925958633423,0.4132331609725952,False,False
idm,06730_00,logo,False,False,absent,absent,,,False,False
idm,06753_00,collar,False,False,uncertain,absent,,,False,False
idm,06753_00,lapel,False,False,absent,absent,,,False,False
idm,06753_00,cuff,False,False,absent,absent,,,False,False
idm,06753_00,button hole,False,False,absent,absent,,,False,False
idm,06753_00,button,False,False,absent,absent,,,False,False
idm,06753_00,pocket,False,False,absent,absent,,,False,False
idm,06753_00,zipper,False,False,absent,absent,,,False,False
idm,06753_00,sleeve,True,True,present,present,0.3366698920726776,0.3315892219543457,False,False
idm,06753_00,shoulder,True,True,present,present,0.2980867028236389,0.3087267577648163,False,False
idm,06753_00,logo,False,False,absent,absent,,,False,False
idm,06939_00,collar,True,False,present,present,0.4068009853363037,,True,False
idm,06939_00,lapel,False,False,absent,absent,,,False,False
idm,06939_00,cuff,False,False,absent,absent,,,False,False
idm,06939_00,button hole,False,False,absent,absent,,,False,False
idm,06939_00,button,False,False,absent,absent,,,False,False
idm,06939_00,pocket,False,False,absent,absent,,,False,False
idm,06939_00,zipper,False,False,absent,absent,,,False,False
idm,06939_00,sleeve,True,True,present,present,0.32268327474594116,0.46280908584594727,False,False
idm,06939_00,shoulder,True,True,present,present,0.2841031849384308,0.26221397519111633,False,False
idm,06939_00,logo,True,False,present,uncertain,0.3420257568359375,,True,False
idm,06978_00,collar,False,False,absent,uncertain,,,False,False
idm,06978_00,lapel,False,False,absent,absent,,,False,False
idm,06978_00,cuff,False,False,absent,absent,,,False,False
idm,06978_00,button hole,False,False,absent,absent,,,False,False
idm,06978_00,button,False,False,absent,absent,,,False,False
idm,06978_00,pocket,False,False,absent,absent,,,False,False
idm,06978_00,zipper,False,False,absent,absent,,,False,False
idm,06978_00,sleeve,True,True,present,present,0.23762549459934235,0.2613287568092346,False,False
idm,06978_00,shoulder,True,True,present,present,0.26138558983802795,0.27417659759521484,False,False
idm,06978_00,logo,False,False,absent,absent,,,False,False
idm,07150_00,collar,True,True,present,present,0.3130797743797302,0.37938985228538513,False,False
idm,07150_00,lapel,False,False,absent,absent,,,False,False
idm,07150_00,cuff,False,True,absent,present,,,False,True
idm,07150_00,button hole,False,False,absent,absent,,,False,False
idm,07150_00,button,False,False,absent,absent,,,False,False
idm,07150_00,pocket,False,False,absent,absent,,,False,False
idm,07150_00,zipper,False,False,absent,absent,,,False,False
idm,07150_00,sleeve,True,True,present,present,0.28360697627067566,0.308430939912796,False,False
idm,07150_00,shoulder,True,True,present,present,0.2340199053287506,0.23401987552642822,False,False
idm,07150_00,logo,False,False,uncertain,uncertain,,,False,False
idm,07212_00,collar,False,False,absent,absent,,,False,False
idm,07212_00,lapel,False,False,absent,absent,,,False,False
idm,07212_00,cuff,True,True,present,present,0.1443031281232834,0.2571493983268738,False,False
idm,07212_00,button hole,False,False,absent,absent,,,False,False
idm,07212_00,button,True,True,present,present,0.40653476119041443,0.40653476119041443,False,False
idm,07212_00,pocket,False,False,absent,absent,,,False,False
idm,07212_00,zipper,False,False,absent,absent,,,False,False
idm,07212_00,sleeve,True,True,present,present,0.3950296640396118,0.4024502635002136,False,False
idm,07212_00,shoulder,True,True,present,present,0.40874695777893066,0.5142227411270142,False,False
idm,07212_00,logo,False,True,uncertain,present,,,False,False
idm,07396_00,collar,False,False,absent,absent,,,False,False
idm,07396_00,lapel,False,False,absent,absent,,,False,False
idm,07396_00,cuff,False,False,uncertain,absent,,,False,False
idm,07396_00,button hole,False,False,absent,absent,,,False,False
idm,07396_00,button,False,False,absent,absent,,,False,False
idm,07396_00,pocket,False,False,absent,absent,,,False,False
idm,07396_00,zipper,False,False,absent,absent,,,False,False
idm,07396_00,sleeve,True,True,present,present,0.41702115535736084,0.41084155440330505,False,False
idm,07396_00,shoulder,True,True,present,present,0.45016250014305115,0.5906379222869873,False,False
idm,07396_00,logo,False,False,absent,absent,,,False,False
idm,07573_00,collar,False,False,absent,absent,,,False,False
idm,07573_00,lapel,False,False,absent,absent,,,False,False
idm,07573_00,cuff,False,False,absent,absent,,,False,False
idm,07573_00,button hole,False,False,absent,absent,,,False,False
idm,07573_00,button,False,False,absent,absent,,,False,False
idm,07573_00,pocket,False,False,absent,absent,,,False,False
idm,07573_00,zipper,False,False,absent,absent,,,False,False
idm,07573_00,sleeve,True,True,present,present,0.39850205183029175,0.43016234040260315,False,False
idm,07573_00,shoulder,True,True,present,present,0.4188981056213379,0.4193964898586273,False,False
idm,07573_00,logo,False,False,absent,absent,,,False,False
idm,07599_00,collar,True,True,present,present,0.9836603999137878,0.9836603999137878,False,False
idm,07599_00,lapel,False,False,absent,absent,,,False,False
idm,07599_00,cuff,False,False,absent,absent,,,False,False
idm,07599_00,button hole,False,False,absent,absent,,,False,False
idm,07599_00,button,False,False,absent,absent,,,False,False
idm,07599_00,pocket,False,False,absent,absent,,,False,False
idm,07599_00,zipper,False,False,absent,absent,,,False,False
idm,07599_00,sleeve,False,False,absent,absent,,,False,False
idm,07599_00,shoulder,True,False,present,uncertain,0.847261905670166,,True,False
idm,07599_00,logo,False,False,absent,absent,,,False,False
idm,07694_00,collar,True,False,present,uncertain,0.41129207611083984,,True,False
idm,07694_00,lapel,False,False,absent,absent,,,False,False
idm,07694_00,cuff,False,False,absent,absent,,,False,False
idm,07694_00,button hole,False,False,absent,absent,,,False,False
idm,07694_00,button,False,False,absent,absent,,,False,False
idm,07694_00,pocket,False,False,absent,absent,,,False,False
idm,07694_00,zipper,False,False,absent,absent,,,False,False
idm,07694_00,sleeve,True,True,present,present,0.3505898714065552,0.3505900502204895,False,False
idm,07694_00,shoulder,True,True,present,present,0.3127693235874176,0.2910623550415039,False,False
idm,07694_00,logo,True,True,present,present,0.43171820044517517,0.43171823024749756,False,False
idm,07707_00,collar,False,False,absent,absent,,,False,False
idm,07707_00,lapel,False,False,absent,absent,,,False,False
idm,07707_00,cuff,False,False,absent,absent,,,False,False
idm,07707_00,button hole,False,False,absent,absent,,,False,False
idm,07707_00,button,False,False,absent,absent,,,False,False
idm,07707_00,pocket,False,False,absent,absent,,,False,False
idm,07707_00,zipper,False,False,absent,absent,,,False,False
idm,07707_00,sleeve,False,False,absent,absent,,,False,False
idm,07707_00,shoulder,True,True,present,present,0.26905590295791626,0.26905590295791626,False,False
idm,07707_00,logo,False,False,absent,absent,,,False,False
idm,07825_00,collar,True,True,present,present,0.25333863496780396,0.25333863496780396,False,False
idm,07825_00,lapel,False,False,absent,absent,,,False,False
idm,07825_00,cuff,True,False,present,uncertain,0.2567027807235718,,True,False
idm,07825_00,button hole,False,False,absent,absent,,,False,False
idm,07825_00,button,False,False,absent,absent,,,False,False
idm,07825_00,pocket,False,False,absent,absent,,,False,False
idm,07825_00,zipper,False,False,absent,absent,,,False,False
idm,07825_00,sleeve,True,True,present,present,0.31552550196647644,0.31552550196647644,False,False
idm,07825_00,shoulder,True,True,present,present,0.2885264754295349,0.3377689719200134,False,False
idm,07825_00,logo,False,False,absent,absent,,,False,False
idm,07847_00,collar,False,False,absent,absent,,,False,False
idm,07847_00,lapel,False,False,absent,absent,,,False,False
idm,07847_00,cuff,False,False,absent,absent,,,False,False
idm,07847_00,button hole,False,False,absent,absent,,,False,False
idm,07847_00,button,False,False,absent,absent,,,False,False
idm,07847_00,pocket,False,False,absent,absent,,,False,False
idm,07847_00,zipper,False,False,absent,absent,,,False,False
idm,07847_00,sleeve,True,False,present,uncertain,0.39930975437164307,,True,False
idm,07847_00,shoulder,True,True,present,present,0.27790123224258423,0.3851088583469391,False,False
idm,07847_00,logo,False,False,absent,absent,,,False,False
idm,07884_00,collar,True,True,present,present,0.5567455887794495,0.5551278591156006,False,False
idm,07884_00,lapel,False,False,absent,absent,,,False,False
idm,07884_00,cuff,False,False,absent,absent,,,False,False
idm,07884_00,button hole,False,False,absent,absent,,,False,False
idm,07884_00,button,False,False,absent,absent,,,False,False
idm,07884_00,pocket,False,False,absent,absent,,,False,False
idm,07884_00,zipper,False,False,absent,absent,,,False,False
idm,07884_00,sleeve,True,True,present,present,0.3073674738407135,0.3109610080718994,False,False
idm,07884_00,shoulder,True,True,present,present,0.411047101020813,0.4319867193698883,False,False
idm,07884_00,logo,True,True,present,present,0.4429672360420227,0.49668440222740173,False,False
idm,07965_00,collar,True,True,present,present,0.15170760452747345,0.15553130209445953,False,False
idm,07965_00,lapel,False,False,absent,absent,,,False,False
idm,07965_00,cuff,True,False,present,absent,0.42740342020988464,,True,False
idm,07965_00,button hole,False,False,absent,absent,,,False,False
idm,07965_00,button,False,False,absent,absent,,,False,False
idm,07965_00,pocket,False,False,absent,absent,,,False,False
idm,07965_00,zipper,False,False,absent,absent,,,False,False
idm,07965_00,sleeve,True,True,present,present,0.22428740561008453,0.22428740561008453,False,False
idm,07965_00,shoulder,True,True,present,present,0.1819859892129898,0.23471364378929138,False,False
idm,07965_00,logo,False,False,absent,absent,,,False,False
idm,07966_00,collar,False,True,uncertain,present,,,False,False
idm,07966_00,lapel,False,False,absent,absent,,,False,False
idm,07966_00,cuff,False,True,uncertain,present,,,False,False
idm,07966_00,button hole,False,False,absent,absent,,,False,False
idm,07966_00,button,False,False,absent,absent,,,False,False
idm,07966_00,pocket,False,False,absent,absent,,,False,False
idm,07966_00,zipper,False,False,absent,absent,,,False,False
idm,07966_00,sleeve,True,True,present,present,0.32920727133750916,0.3494340777397156,False,False
idm,07966_00,shoulder,True,True,present,present,0.37497472763061523,0.4055671691894531,False,False
idm,07966_00,logo,False,False,absent,absent,,,False,False
idm,08102_00,collar,True,False,present,uncertain,0.3121035695075989,,True,False
idm,08102_00,lapel,False,False,absent,absent,,,False,False
idm,08102_00,cuff,False,False,absent,uncertain,,,False,False
idm,08102_00,button hole,False,False,absent,absent,,,False,False
idm,08102_00,button,False,False,absent,absent,,,False,False
idm,08102_00,pocket,False,False,absent,absent,,,False,False
idm,08102_00,zipper,False,False,absent,absent,,,False,False
idm,08102_00,sleeve,True,True,present,present,0.3527974784374237,0.46035265922546387,False,False
idm,08102_00,shoulder,False,False,present,present,,,False,False
idm,08102_00,logo,False,True,uncertain,present,,,False,False
idm,08149_00,collar,False,False,absent,absent,,,False,False
idm,08149_00,lapel,False,False,absent,absent,,,False,False
idm,08149_00,cuff,True,True,present,present,0.4133128821849823,0.394391804933548,False,False
idm,08149_00,button hole,False,False,absent,absent,,,False,False
idm,08149_00,button,False,False,absent,absent,,,False,False
idm,08149_00,pocket,False,False,absent,absent,,,False,False
idm,08149_00,zipper,False,False,absent,absent,,,False,False
idm,08149_00,sleeve,True,True,present,present,0.4643833041191101,0.47947433590888977,False,False
idm,08149_00,shoulder,True,True,present,present,0.3628229796886444,0.34813350439071655,False,False
idm,08149_00,logo,False,False,absent,absent,,,False,False
idm,08158_00,collar,True,False,present,absent,0.2372635304927826,,True,False
idm,08158_00,lapel,False,False,absent,absent,,,False,False
idm,08158_00,cuff,True,True,present,present,0.41601255536079407,0.4160125255584717,False,False
idm,08158_00,button hole,False,False,absent,absent,,,False,False
idm,08158_00,button,False,False,absent,absent,,,False,False
idm,08158_00,pocket,False,False,absent,absent,,,False,False
idm,08158_00,zipper,False,False,absent,absent,,,False,False
idm,08158_00,sleeve,True,True,present,present,0.5235207676887512,0.5235207080841064,False,False
idm,08158_00,shoulder,True,True,present,present,0.32681065797805786,0.3260321021080017,False,False
idm,08158_00,logo,False,False,absent,absent,,,False,False
idm,08232_00,collar,True,True,present,present,0.28598448634147644,0.4555701017379761,False,False
idm,08232_00,lapel,False,False,absent,absent,,,False,False
idm,08232_00,cuff,False,False,absent,uncertain,,,False,False
idm,08232_00,button hole,False,False,absent,absent,,,False,False
idm,08232_00,button,True,True,present,present,0.3281456530094147,0.37090003490448,False,False
idm,08232_00,pocket,False,False,absent,absent,,,False,False
idm,08232_00,zipper,False,False,absent,absent,,,False,False
idm,08232_00,sleeve,True,True,present,present,0.40441858768463135,0.44722288846969604,False,False
idm,08232_00,shoulder,True,True,present,present,0.3186573386192322,0.49162596464157104,False,False
idm,08232_00,logo,False,False,absent,absent,,,False,False
idm,08314_00,collar,False,False,absent,absent,,,False,False
idm,08314_00,lapel,False,False,absent,absent,,,False,False
idm,08314_00,cuff,False,False,absent,absent,,,False,False
idm,08314_00,button hole,False,False,absent,absent,,,False,False
idm,08314_00,button,False,False,absent,absent,,,False,False
idm,08314_00,pocket,False,False,absent,absent,,,False,False
idm,08314_00,zipper,False,False,absent,absent,,,False,False
idm,08314_00,sleeve,True,True,present,present,0.19076958298683167,0.2510474920272827,False,False
idm,08314_00,shoulder,True,True,present,present,0.430049329996109,0.4316759705543518,False,False
idm,08314_00,logo,False,False,absent,absent,,,False,False
idm,08316_00,collar,True,True,present,present,0.28712210059165955,0.28712210059165955,False,False
idm,08316_00,lapel,False,False,absent,absent,,,False,False
idm,08316_00,cuff,False,False,absent,absent,,,False,False
idm,08316_00,button hole,False,False,absent,absent,,,False,False
idm,08316_00,button,True,True,present,present,0.23427997529506683,0.22732886672019958,False,False
idm,08316_00,pocket,False,False,absent,absent,,,False,False
idm,08316_00,zipper,False,False,absent,absent,,,False,False
idm,08316_00,sleeve,True,True,present,present,0.17785951495170593,0.37107136845588684,False,False
idm,08316_00,shoulder,True,True,present,present,0.27278903126716614,0.30372458696365356,False,False
idm,08316_00,logo,False,False,absent,absent,,,False,False
idm,08650_00,collar,False,False,absent,absent,,,False,False
idm,08650_00,lapel,False,False,absent,absent,,,False,False
idm,08650_00,cuff,False,False,absent,absent,,,False,False
idm,08650_00,button hole,False,False,absent,absent,,,False,False
idm,08650_00,button,False,False,absent,absent,,,False,False
idm,08650_00,pocket,False,False,absent,absent,,,False,False
idm,08650_00,zipper,False,False,absent,absent,,,False,False
idm,08650_00,sleeve,False,False,uncertain,absent,,,False,False
idm,08650_00,shoulder,True,True,present,present,0.4859117567539215,0.4859117567539215,False,False
idm,08650_00,logo,False,False,absent,absent,,,False,False
idm,09067_00,collar,False,False,absent,absent,,,False,False
idm,09067_00,lapel,False,False,absent,absent,,,False,False
idm,09067_00,cuff,True,True,present,present,0.1174706295132637,0.1188001036643982,False,False
idm,09067_00,button hole,False,False,absent,absent,,,False,False
idm,09067_00,button,True,True,present,present,0.24240979552268982,0.3619673550128937,False,False
idm,09067_00,pocket,False,False,absent,absent,,,False,False
idm,09067_00,zipper,False,False,absent,absent,,,False,False
idm,09067_00,sleeve,True,True,present,present,0.1676936149597168,0.25306016206741333,False,False
idm,09067_00,shoulder,True,True,present,present,0.23063944280147552,0.2399103194475174,False,False
idm,09067_00,logo,False,False,absent,absent,,,False,False
idm,09215_00,collar,True,True,present,present,0.1789216697216034,0.1789216697216034,False,False
idm,09215_00,lapel,False,False,absent,absent,,,False,False
idm,09215_00,cuff,False,False,absent,absent,,,False,False
idm,09215_00,button hole,False,False,absent,absent,,,False,False
idm,09215_00,button,False,False,absent,absent,,,False,False
idm,09215_00,pocket,False,False,absent,absent,,,False,False
idm,09215_00,zipper,False,False,absent,absent,,,False,False
idm,09215_00,sleeve,True,True,present,present,0.15187588334083557,0.15187588334083557,False,False
idm,09215_00,shoulder,True,True,present,present,0.17711594700813293,0.2719935178756714,False,False
idm,09215_00,logo,False,False,absent,absent,,,False,False
idm,09412_00,collar,False,True,present,present,,,False,False
idm,09412_00,lapel,False,False,absent,absent,,,False,False
idm,09412_00,cuff,False,False,absent,absent,,,False,False
idm,09412_00,button hole,False,False,absent,absent,,,False,False
idm,09412_00,button,False,False,absent,absent,,,False,False
idm,09412_00,pocket,False,False,absent,absent,,,False,False
idm,09412_00,zipper,False,False,absent,absent,,,False,False
idm,09412_00,sleeve,True,True,present,present,0.21684429049491882,0.2515944242477417,False,False
idm,09412_00,shoulder,True,True,present,present,0.31305190920829773,0.6290818452835083,False,False
idm,09412_00,logo,False,False,absent,absent,,,False,False
idm,09487_00,collar,True,False,present,uncertain,0.34543943405151367,,True,False
idm,09487_00,lapel,False,False,absent,absent,,,False,False
idm,09487_00,cuff,True,True,present,present,0.3047906160354614,0.3380712568759918,False,False
idm,09487_00,button hole,False,False,absent,absent,,,False,False
idm,09487_00,button,False,False,absent,absent,,,False,False
idm,09487_00,pocket,False,False,absent,absent,,,False,False
idm,09487_00,zipper,False,False,absent,absent,,,False,False
idm,09487_00,sleeve,True,True,present,present,0.3497113883495331,0.3592194616794586,False,False
idm,09487_00,shoulder,True,True,present,present,0.3520069718360901,0.48092538118362427,False,False
idm,09487_00,logo,False,False,absent,absent,,,False,False
idm,09751_00,collar,True,True,present,present,0.38193589448928833,0.47499388456344604,False,False
idm,09751_00,lapel,False,False,absent,absent,,,False,False
idm,09751_00,cuff,False,False,absent,absent,,,False,False
idm,09751_00,button hole,False,False,absent,absent,,,False,False
idm,09751_00,button,False,False,absent,absent,,,False,False
idm,09751_00,pocket,True,True,present,present,0.5678255558013916,0.6811856627464294,False,False
idm,09751_00,zipper,False,False,absent,absent,,,False,False
idm,09751_00,sleeve,False,False,absent,absent,,,False,False
idm,09751_00,shoulder,True,True,present,present,0.40521982312202454,0.42582768201828003,False,False
idm,09751_00,logo,False,False,absent,absent,,,False,False
idm,09845_00,collar,False,False,absent,absent,,,False,False
idm,09845_00,lapel,False,False,absent,absent,,,False,False
idm,09845_00,cuff,False,False,absent,absent,,,False,False
idm,09845_00,button hole,False,False,absent,absent,,,False,False
idm,09845_00,button,False,False,absent,absent,,,False,False
idm,09845_00,pocket,False,False,absent,absent,,,False,False
idm,09845_00,zipper,False,False,absent,absent,,,False,False
idm,09845_00,sleeve,False,False,absent,absent,,,False,False
idm,09845_00,shoulder,True,True,present,present,0.5185338854789734,0.5185338854789734,False,False
idm,09845_00,logo,False,False,absent,absent,,,False,False
idm,09912_00,collar,False,False,absent,absent,,,False,False
idm,09912_00,lapel,False,False,absent,absent,,,False,False
idm,09912_00,cuff,False,True,absent,present,,,False,True
idm,09912_00,button hole,False,False,absent,absent,,,False,False
idm,09912_00,button,False,False,absent,absent,,,False,False
idm,09912_00,pocket,False,False,absent,absent,,,False,False
idm,09912_00,zipper,False,False,absent,absent,,,False,False
idm,09912_00,sleeve,True,True,present,present,0.32473957538604736,0.41880741715431213,False,False
idm,09912_00,shoulder,True,True,present,present,0.350327730178833,0.32165762782096863,False,False
idm,09912_00,logo,False,False,absent,absent,,,False,False
idm,09940_00,collar,False,False,absent,absent,,,False,False
idm,09940_00,lapel,False,False,absent,absent,,,False,False
idm,09940_00,cuff,False,False,absent,absent,,,False,False
idm,09940_00,button hole,False,False,absent,absent,,,False,False
idm,09940_00,button,False,False,absent,absent,,,False,False
idm,09940_00,pocket,False,False,absent,absent,,,False,False
idm,09940_00,zipper,False,False,absent,absent,,,False,False
idm,09940_00,sleeve,False,False,uncertain,absent,,,False,False
idm,09940_00,shoulder,True,True,present,present,0.3649892508983612,0.39191126823425293,False,False
idm,09940_00,logo,False,False,absent,absent,,,False,False
idm,09949_00,collar,False,False,absent,absent,,,False,False
idm,09949_00,lapel,False,False,absent,absent,,,False,False
idm,09949_00,cuff,False,False,absent,absent,,,False,False
idm,09949_00,button hole,False,False,absent,absent,,,False,False
idm,09949_00,button,False,False,absent,absent,,,False,False
idm,09949_00,pocket,False,False,absent,absent,,,False,False
idm,09949_00,zipper,False,False,absent,absent,,,False,False
idm,09949_00,sleeve,True,True,present,present,0.5159292221069336,0.6890140175819397,False,False
idm,09949_00,shoulder,True,True,present,present,0.33723756670951843,0.3725600838661194,False,False
idm,09949_00,logo,False,False,absent,absent,,,False,False
idm,10265_00,collar,False,False,absent,uncertain,,,False,False
idm,10265_00,lapel,False,False,absent,absent,,,False,False
idm,10265_00,cuff,False,False,absent,absent,,,False,False
idm,10265_00,button hole,False,False,absent,absent,,,False,False
idm,10265_00,button,False,False,absent,absent,,,False,False
idm,10265_00,pocket,False,False,absent,absent,,,False,False
idm,10265_00,zipper,False,False,absent,absent,,,False,False
idm,10265_00,sleeve,False,False,present,absent,,,False,False
idm,10265_00,shoulder,True,True,present,present,0.47726085782051086,0.460448294878006,False,False
idm,10265_00,logo,False,False,absent,absent,,,False,False
idm,10352_00,collar,True,True,present,present,0.523366391658783,0.523366391658783,False,False
idm,10352_00,lapel,False,False,absent,absent,,,False,False
idm,10352_00,cuff,False,False,absent,absent,,,False,False
idm,10352_00,button hole,False,False,absent,absent,,,False,False
idm,10352_00,button,False,False,absent,absent,,,False,False
idm,10352_00,pocket,False,False,absent,absent,,,False,False
idm,10352_00,zipper,False,False,absent,absent,,,False,False
idm,10352_00,sleeve,True,True,present,present,0.3683486878871918,0.36759382486343384,False,False
idm,10352_00,shoulder,True,True,present,present,0.5102782845497131,0.6583704352378845,False,False
idm,10352_00,logo,False,False,absent,absent,,,False,False
idm,10428_00,collar,False,False,absent,absent,,,False,False
idm,10428_00,lapel,False,False,absent,absent,,,False,False
idm,10428_00,cuff,False,True,uncertain,present,,,False,False
idm,10428_00,button hole,False,False,absent,absent,,,False,False
idm,10428_00,button,False,False,absent,absent,,,False,False
idm,10428_00,pocket,False,False,absent,absent,,,False,False
idm,10428_00,zipper,False,False,absent,absent,,,False,False
idm,10428_00,sleeve,True,True,present,present,0.30151185393333435,0.47881850600242615,False,False
idm,10428_00,shoulder,True,True,present,present,0.2516767680644989,0.27293679118156433,False,False
idm,10428_00,logo,False,False,absent,absent,,,False,False
idm,10495_00,collar,False,False,absent,absent,,,False,False
idm,10495_00,lapel,False,False,absent,absent,,,False,False
idm,10495_00,cuff,False,False,absent,absent,,,False,False
idm,10495_00,button hole,False,False,absent,absent,,,False,False
idm,10495_00,button,False,False,absent,absent,,,False,False
idm,10495_00,pocket,False,False,absent,absent,,,False,False
idm,10495_00,zipper,False,False,absent,absent,,,False,False
idm,10495_00,sleeve,False,False,absent,absent,,,False,False
idm,10495_00,shoulder,True,True,present,present,0.5722542405128479,0.5722542405128479,False,False
idm,10495_00,logo,False,False,absent,absent,,,False,False
idm,10657_00,collar,False,False,absent,absent,,,False,False
idm,10657_00,lapel,False,False,absent,absent,,,False,False
idm,10657_00,cuff,True,True,present,present,0.6015217304229736,0.6731005311012268,False,False
idm,10657_00,button hole,False,False,absent,absent,,,False,False
idm,10657_00,button,False,False,absent,absent,,,False,False
idm,10657_00,pocket,False,False,absent,absent,,,False,False
idm,10657_00,zipper,False,False,absent,absent,,,False,False
idm,10657_00,sleeve,True,True,present,present,0.48968634009361267,0.49275773763656616,False,False
idm,10657_00,shoulder,True,True,present,present,0.5115463733673096,0.5115463733673096,False,False
idm,10657_00,logo,False,False,absent,absent,,,False,False
idm,10680_00,collar,False,False,uncertain,present,,,False,False
idm,10680_00,lapel,False,False,absent,absent,,,False,False
idm,10680_00,cuff,True,False,present,absent,0.6245755553245544,,True,False
idm,10680_00,button hole,False,False,absent,absent,,,False,False
idm,10680_00,button,False,False,absent,absent,,,False,False
idm,10680_00,pocket,False,False,absent,absent,,,False,False
idm,10680_00,zipper,False,False,absent,absent,,,False,False
idm,10680_00,sleeve,True,True,present,present,0.6692972183227539,0.5518871545791626,False,False
idm,10680_00,shoulder,True,True,present,present,0.579988420009613,0.5799884796142578,False,False
idm,10680_00,logo,False,False,absent,absent,,,False,False
idm,10731_00,collar,True,False,present,uncertain,0.3015521764755249,,True,False
idm,10731_00,lapel,False,False,absent,absent,,,False,False
idm,10731_00,cuff,False,False,absent,absent,,,False,False
idm,10731_00,button hole,False,False,absent,absent,,,False,False
idm,10731_00,button,False,False,absent,absent,,,False,False
idm,10731_00,pocket,False,False,absent,absent,,,False,False
idm,10731_00,zipper,False,False,absent,absent,,,False,False
idm,10731_00,sleeve,True,True,present,present,0.3268622159957886,0.4783515930175781,False,False
idm,10731_00,shoulder,True,True,present,present,0.3204070031642914,0.3127426505088806,False,False
idm,10731_00,logo,False,False,absent,absent,,,False,False
idm,10843_00,collar,False,False,absent,absent,,,False,False
idm,10843_00,lapel,False,False,absent,absent,,,False,False
idm,10843_00,cuff,False,True,absent,present,,,False,True
idm,10843_00,button hole,False,False,absent,absent,,,False,False
idm,10843_00,button,False,False,absent,absent,,,False,False
idm,10843_00,pocket,False,False,absent,absent,,,False,False
idm,10843_00,zipper,False,False,absent,absent,,,False,False
idm,10843_00,sleeve,True,True,present,present,0.31858426332473755,0.31858426332473755,False,False
idm,10843_00,shoulder,True,True,present,present,0.3323881924152374,0.4097190201282501,False,False
idm,10843_00,logo,False,False,absent,absent,,,False,False
idm,11001_00,collar,False,False,absent,absent,,,False,False
idm,11001_00,lapel,False,False,absent,absent,,,False,False
idm,11001_00,cuff,False,False,absent,absent,,,False,False
idm,11001_00,button hole,False,False,absent,absent,,,False,False
idm,11001_00,button,False,False,absent,absent,,,False,False
idm,11001_00,pocket,False,False,absent,absent,,,False,False
idm,11001_00,zipper,False,False,absent,absent,,,False,False
idm,11001_00,sleeve,True,True,present,present,0.41678938269615173,0.41678938269615173,False,False
idm,11001_00,shoulder,True,True,present,present,0.3373248279094696,0.3373248279094696,False,False
idm,11001_00,logo,False,False,absent,absent,,,False,False
idm,11054_00,collar,True,True,present,present,0.3337714672088623,0.3337714672088623,False,False
idm,11054_00,lapel,False,False,absent,absent,,,False,False
idm,11054_00,cuff,True,True,present,present,0.6204468607902527,0.5620688796043396,False,False
idm,11054_00,button hole,False,False,absent,absent,,,False,False
idm,11054_00,button,False,False,absent,absent,,,False,False
idm,11054_00,pocket,False,False,absent,absent,,,False,False
idm,11054_00,zipper,False,False,absent,absent,,,False,False
idm,11054_00,sleeve,True,True,present,present,0.5330415964126587,0.5162695646286011,False,False
idm,11054_00,shoulder,True,True,present,present,0.42454373836517334,0.4981059432029724,False,False
idm,11054_00,logo,False,False,absent,absent,,,False,False
idm,11206_00,collar,False,False,absent,absent,,,False,False
idm,11206_00,lapel,False,False,absent,absent,,,False,False
idm,11206_00,cuff,False,False,absent,absent,,,False,False
idm,11206_00,button hole,False,False,absent,absent,,,False,False
idm,11206_00,button,False,False,absent,absent,,,False,False
idm,11206_00,pocket,False,False,absent,absent,,,False,False
idm,11206_00,zipper,False,False,absent,absent,,,False,False
idm,11206_00,sleeve,True,True,present,present,0.2587375342845917,0.2587375342845917,False,False
idm,11206_00,shoulder,True,True,present,present,0.2285510003566742,0.2285510003566742,False,False
idm,11206_00,logo,False,False,absent,absent,,,False,False
idm,11372_00,collar,False,False,absent,absent,,,False,False
idm,11372_00,lapel,False,False,absent,absent,,,False,False
idm,11372_00,cuff,False,False,absent,absent,,,False,False
idm,11372_00,button hole,False,False,absent,absent,,,False,False
idm,11372_00,button,False,False,absent,absent,,,False,False
idm,11372_00,pocket,False,False,absent,absent,,,False,False
idm,11372_00,zipper,False,False,absent,absent,,,False,False
idm,11372_00,sleeve,True,True,present,present,0.1899602860212326,0.5313111543655396,False,False
idm,11372_00,shoulder,True,True,present,present,0.302437424659729,0.5469334125518799,False,False
idm,11372_00,logo,False,False,absent,absent,,,False,False
idm,11438_00,collar,False,False,absent,absent,,,False,False
idm,11438_00,lapel,False,False,absent,absent,,,False,False
idm,11438_00,cuff,False,False,uncertain,absent,,,False,False
idm,11438_00,button hole,False,False,absent,absent,,,False,False
idm,11438_00,button,False,False,absent,absent,,,False,False
idm,11438_00,pocket,False,False,absent,absent,,,False,False
idm,11438_00,zipper,False,False,absent,absent,,,False,False
idm,11438_00,sleeve,True,True,present,present,0.3051176071166992,0.3022346794605255,False,False
idm,11438_00,shoulder,True,True,present,present,0.3434002101421356,0.43465402722358704,False,False
idm,11438_00,logo,False,False,absent,absent,,,False,False
idm,11556_00,collar,False,False,absent,absent,,,False,False
idm,11556_00,lapel,False,False,absent,absent,,,False,False
idm,11556_00,cuff,True,True,present,present,0.5182033777236938,0.5080924034118652,False,False
idm,11556_00,button hole,False,False,absent,absent,,,False,False
idm,11556_00,button,False,False,absent,absent,,,False,False
idm,11556_00,pocket,False,False,absent,absent,,,False,False
idm,11556_00,zipper,False,False,absent,absent,,,False,False
idm,11556_00,sleeve,True,True,present,present,0.5134475827217102,0.5326116681098938,False,False
idm,11556_00,shoulder,True,True,present,present,0.4988750219345093,0.5228248238563538,False,False
idm,11556_00,logo,False,False,absent,uncertain,,,False,False
idm,11600_00,collar,True,False,present,absent,0.20693077147006989,,True,False
idm,11600_00,lapel,False,False,absent,absent,,,False,False
idm,11600_00,cuff,False,False,absent,absent,,,False,False
idm,11600_00,button hole,False,False,absent,absent,,,False,False
idm,11600_00,button,False,False,absent,absent,,,False,False
idm,11600_00,pocket,False,False,absent,absent,,,False,False
idm,11600_00,zipper,False,False,absent,absent,,,False,False
idm,11600_00,sleeve,False,False,absent,absent,,,False,False
idm,11600_00,shoulder,True,True,present,present,0.18432043492794037,0.2095189392566681,False,False
idm,11600_00,logo,False,False,absent,absent,,,False,False
idm,11709_00,collar,True,True,present,present,0.8169594407081604,0.8619881272315979,False,False
idm,11709_00,lapel,False,False,absent,absent,,,False,False
idm,11709_00,cuff,False,False,absent,absent,,,False,False
idm,11709_00,button hole,False,False,absent,absent,,,False,False
idm,11709_00,button,False,False,absent,absent,,,False,False
idm,11709_00,pocket,False,False,absent,absent,,,False,False
idm,11709_00,zipper,False,False,absent,absent,,,False,False
idm,11709_00,sleeve,True,True,present,present,0.5681004524230957,0.5659798979759216,False,False
idm,11709_00,shoulder,True,True,present,present,0.7594277262687683,0.9134299159049988,False,False
idm,11709_00,logo,False,False,absent,absent,,,False,False
idm,11766_00,collar,True,False,present,uncertain,0.3548901081085205,,True,False
idm,11766_00,lapel,False,False,absent,absent,,,False,False
idm,11766_00,cuff,False,False,absent,absent,,,False,False
idm,11766_00,button hole,False,False,absent,absent,,,False,False
idm,11766_00,button,False,False,absent,absent,,,False,False
idm,11766_00,pocket,False,False,absent,absent,,,False,False
idm,11766_00,zipper,False,False,absent,absent,,,False,False
idm,11766_00,sleeve,True,True,present,present,0.2246665507555008,0.22466659545898438,False,False
idm,11766_00,shoulder,True,True,present,present,0.29504626989364624,0.29504626989364624,False,False
idm,11766_00,logo,False,False,absent,absent,,,False,False
idm,11799_00,collar,True,True,present,present,0.45680510997772217,0.450055867433548,False,False
idm,11799_00,lapel,False,False,absent,absent,,,False,False
idm,11799_00,cuff,False,False,absent,absent,,,False,False
idm,11799_00,button hole,False,False,absent,absent,,,False,False
idm,11799_00,button,False,False,absent,absent,,,False,False
idm,11799_00,pocket,False,False,absent,absent,,,False,False
idm,11799_00,zipper,False,False,absent,absent,,,False,False
idm,11799_00,sleeve,True,True,present,present,0.572263777256012,0.572263777256012,False,False
idm,11799_00,shoulder,True,True,present,present,0.46495571732521057,0.49982842803001404,False,False
idm,11799_00,logo,False,False,absent,absent,,,False,False
idm,11892_00,collar,False,False,absent,absent,,,False,False
idm,11892_00,lapel,False,False,absent,absent,,,False,False
idm,11892_00,cuff,False,False,absent,absent,,,False,False
idm,11892_00,button hole,False,False,absent,absent,,,False,False
idm,11892_00,button,False,False,absent,absent,,,False,False
idm,11892_00,pocket,False,False,absent,absent,,,False,False
idm,11892_00,zipper,False,False,absent,absent,,,False,False
idm,11892_00,sleeve,False,False,absent,absent,,,False,False
idm,11892_00,shoulder,True,True,present,present,0.4485422968864441,0.58733731508255,False,False
idm,11892_00,logo,False,False,absent,absent,,,False,False
idm,11913_00,collar,False,False,absent,absent,,,False,False
idm,11913_00,lapel,False,False,absent,absent,,,False,False
idm,11913_00,cuff,False,False,absent,absent,,,False,False
idm,11913_00,button hole,False,False,absent,absent,,,False,False
idm,11913_00,button,False,False,absent,absent,,,False,False
idm,11913_00,pocket,False,False,absent,absent,,,False,False
idm,11913_00,zipper,False,False,absent,absent,,,False,False
idm,11913_00,sleeve,False,False,absent,absent,,,False,False
idm,11913_00,shoulder,True,True,present,present,0.5369850397109985,0.5369850397109985,False,False
idm,11913_00,logo,False,False,absent,absent,,,False,False
idm,11985_00,collar,False,False,absent,absent,,,False,False
idm,11985_00,lapel,False,False,absent,absent,,,False,False
idm,11985_00,cuff,False,False,absent,absent,,,False,False
idm,11985_00,button hole,False,False,absent,absent,,,False,False
idm,11985_00,button,False,False,absent,absent,,,False,False
idm,11985_00,pocket,False,False,absent,absent,,,False,False
idm,11985_00,zipper,False,False,absent,absent,,,False,False
idm,11985_00,sleeve,True,True,present,present,0.5264981985092163,0.5187132954597473,False,False
idm,11985_00,shoulder,True,True,present,present,0.7499629855155945,0.6539630889892578,False,False
idm,11985_00,logo,False,False,absent,absent,,,False,False
idm,11993_00,collar,True,True,present,present,0.27028292417526245,0.34366413950920105,False,False
idm,11993_00,lapel,False,False,absent,absent,,,False,False
idm,11993_00,cuff,True,True,present,present,0.2813529968261719,0.3131333887577057,False,False
idm,11993_00,button hole,False,False,absent,absent,,,False,False
idm,11993_00,button,False,False,absent,absent,,,False,False
idm,11993_00,pocket,False,False,absent,absent,,,False,False
idm,11993_00,zipper,False,False,absent,absent,,,False,False
idm,11993_00,sleeve,True,True,present,present,0.3138931095600128,0.32217487692832947,False,False
idm,11993_00,shoulder,True,True,present,present,0.3290739059448242,0.3519464433193207,False,False
idm,11993_00,logo,False,False,absent,absent,,,False,False
idm,11994_00,collar,True,True,present,present,0.42116087675094604,0.4149530231952667,False,False
idm,11994_00,lapel,False,False,absent,absent,,,False,False
idm,11994_00,cuff,False,True,uncertain,present,,,False,False
idm,11994_00,button hole,False,False,absent,absent,,,False,False
idm,11994_00,button,True,False,present,absent,0.4063628017902374,,True,False
idm,11994_00,pocket,False,False,absent,absent,,,False,False
idm,11994_00,zipper,False,False,absent,absent,,,False,False
idm,11994_00,sleeve,True,True,present,present,0.43327832221984863,0.48059481382369995,False,False
idm,11994_00,shoulder,True,True,present,present,0.42030754685401917,0.5107772350311279,False,False
idm,11994_00,logo,False,False,absent,absent,,,False,False
idm,12362_00,collar,False,True,uncertain,present,,,False,False
idm,12362_00,lapel,False,False,absent,absent,,,False,False
idm,12362_00,cuff,False,False,absent,absent,,,False,False
idm,12362_00,button hole,False,False,absent,absent,,,False,False
idm,12362_00,button,False,False,absent,absent,,,False,False
idm,12362_00,pocket,False,False,absent,absent,,,False,False
idm,12362_00,zipper,False,False,absent,absent,,,False,False
idm,12362_00,sleeve,True,True,present,present,0.26241204142570496,0.296239972114563,False,False
idm,12362_00,shoulder,True,True,present,present,0.24015259742736816,0.2401527315378189,False,False
idm,12362_00,logo,True,True,present,present,0.26322588324546814,0.2632259130477905,False,False
idm,12365_00,collar,False,False,absent,absent,,,False,False
idm,12365_00,lapel,False,False,absent,absent,,,False,False
idm,12365_00,cuff,False,False,absent,absent,,,False,False
idm,12365_00,button hole,False,False,absent,absent,,,False,False
idm,12365_00,button,False,False,absent,absent,,,False,False
idm,12365_00,pocket,False,False,absent,absent,,,False,False
idm,12365_00,zipper,False,False,absent,absent,,,False,False
idm,12365_00,sleeve,False,False,absent,absent,,,False,False
idm,12365_00,shoulder,True,True,present,present,0.2759961187839508,0.24331890046596527,False,False
idm,12365_00,logo,False,False,absent,absent,,,False,False
idm,12419_00,collar,False,False,absent,absent,,,False,False
idm,12419_00,lapel,False,False,absent,absent,,,False,False
idm,12419_00,cuff,False,False,absent,absent,,,False,False
idm,12419_00,button hole,False,False,absent,absent,,,False,False
idm,12419_00,button,False,False,absent,absent,,,False,False
idm,12419_00,pocket,False,False,absent,absent,,,False,False
idm,12419_00,zipper,False,False,absent,absent,,,False,False
idm,12419_00,sleeve,False,False,absent,absent,,,False,False
idm,12419_00,shoulder,True,True,present,present,0.20273736119270325,0.20273736119270325,False,False
idm,12419_00,logo,False,False,absent,absent,,,False,False
idm,12541_00,collar,False,False,absent,absent,,,False,False
idm,12541_00,lapel,False,False,absent,absent,,,False,False
idm,12541_00,cuff,False,False,absent,absent,,,False,False
idm,12541_00,button hole,False,False,absent,absent,,,False,False
idm,12541_00,button,False,False,absent,absent,,,False,False
idm,12541_00,pocket,False,False,absent,absent,,,False,False
idm,12541_00,zipper,False,False,absent,absent,,,False,False
idm,12541_00,sleeve,False,False,absent,absent,,,False,False
idm,12541_00,shoulder,True,True,present,present,0.42914342880249023,0.42914342880249023,False,False
idm,12541_00,logo,False,False,absent,absent,,,False,False
idm,12572_00,collar,False,False,absent,absent,,,False,False
idm,12572_00,lapel,False,False,absent,absent,,,False,False
idm,12572_00,cuff,False,False,absent,absent,,,False,False
idm,12572_00,button hole,False,False,absent,absent,,,False,False
idm,12572_00,button,False,False,absent,absent,,,False,False
idm,12572_00,pocket,False,False,absent,absent,,,False,False
idm,12572_00,zipper,False,False,absent,absent,,,False,False
idm,12572_00,sleeve,True,True,present,present,0.4183671176433563,0.5029299855232239,False,False
idm,12572_00,shoulder,True,True,present,present,0.6908929944038391,0.6908929944038391,False,False
idm,12572_00,logo,False,False,absent,uncertain,,,False,False
idm,12651_00,collar,False,False,absent,absent,,,False,False
idm,12651_00,lapel,False,False,absent,absent,,,False,False
idm,12651_00,cuff,True,True,present,present,0.4306108355522156,0.4306108355522156,False,False
idm,12651_00,button hole,False,False,absent,absent,,,False,False
idm,12651_00,button,False,False,absent,absent,,,False,False
idm,12651_00,pocket,False,False,absent,absent,,,False,False
idm,12651_00,zipper,False,False,absent,absent,,,False,False
idm,12651_00,sleeve,True,True,present,present,0.49411001801490784,0.7010008096694946,False,False
idm,12651_00,shoulder,True,True,present,present,0.5937575697898865,0.5512028336524963,False,False
idm,12651_00,logo,False,False,absent,absent,,,False,False
idm,12661_00,collar,False,False,absent,absent,,,False,False
idm,12661_00,lapel,False,False,absent,absent,,,False,False
idm,12661_00,cuff,False,False,absent,absent,,,False,False
idm,12661_00,button hole,False,False,absent,absent,,,False,False
idm,12661_00,button,False,False,absent,absent,,,False,False
idm,12661_00,pocket,False,False,absent,absent,,,False,False
idm,12661_00,zipper,False,False,absent,absent,,,False,False
idm,12661_00,sleeve,True,True,present,present,0.33973926305770874,0.3603035509586334,False,False
idm,12661_00,shoulder,True,True,present,present,0.26687315106391907,0.7230902910232544,False,False
idm,12661_00,logo,False,False,absent,absent,,,False,False
idm,12749_00,collar,False,False,absent,absent,,,False,False
idm,12749_00,lapel,False,False,absent,absent,,,False,False
idm,12749_00,cuff,False,False,absent,absent,,,False,False
idm,12749_00,button hole,False,False,absent,absent,,,False,False
idm,12749_00,button,False,False,absent,absent,,,False,False
idm,12749_00,pocket,False,False,absent,absent,,,False,False
idm,12749_00,zipper,False,False,absent,absent,,,False,False
idm,12749_00,sleeve,True,True,present,present,0.33249205350875854,0.5292575359344482,False,False
idm,12749_00,shoulder,True,True,present,present,0.2646399140357971,0.34357133507728577,False,False
idm,12749_00,logo,False,False,absent,absent,,,False,False
idm,13126_00,collar,False,False,absent,absent,,,False,False
idm,13126_00,lapel,False,False,absent,absent,,,False,False
idm,13126_00,cuff,False,False,absent,absent,,,False,False
idm,13126_00,button hole,False,False,absent,absent,,,False,False
idm,13126_00,button,False,False,absent,absent,,,False,False
idm,13126_00,pocket,False,False,absent,absent,,,False,False
idm,13126_00,zipper,False,False,absent,absent,,,False,False
idm,13126_00,sleeve,True,True,present,present,0.16845200955867767,0.18119272589683533,False,False
idm,13126_00,shoulder,True,True,present,present,0.1904176026582718,0.21743910014629364,False,False
idm,13126_00,logo,False,False,absent,absent,,,False,False
idm,13140_00,collar,False,False,absent,absent,,,False,False
idm,13140_00,lapel,False,False,absent,absent,,,False,False
idm,13140_00,cuff,True,False,present,absent,0.4843580424785614,,True,False
idm,13140_00,button hole,False,False,absent,absent,,,False,False
idm,13140_00,button,False,False,absent,absent,,,False,False
idm,13140_00,pocket,False,False,absent,absent,,,False,False
idm,13140_00,zipper,False,False,absent,absent,,,False,False
idm,13140_00,sleeve,True,True,present,present,0.47569072246551514,0.5735629796981812,False,False
idm,13140_00,shoulder,True,False,present,present,0.6837472915649414,,True,False
idm,13140_00,logo,False,False,absent,absent,,,False,False
idm,13172_00,collar,True,True,present,present,0.36270827054977417,0.31225118041038513,False,False
idm,13172_00,lapel,False,False,absent,absent,,,False,False
idm,13172_00,cuff,False,False,absent,absent,,,False,False
idm,13172_00,button hole,False,False,absent,absent,,,False,False
idm,13172_00,button,False,False,absent,absent,,,False,False
idm,13172_00,pocket,False,False,absent,absent,,,False,False
idm,13172_00,zipper,False,False,absent,absent,,,False,False
idm,13172_00,sleeve,True,True,present,present,0.2122337967157364,0.19965814054012299,False,False
idm,13172_00,shoulder,True,True,present,present,0.2915500998497009,0.4348503053188324,False,False
idm,13172_00,logo,True,True,present,present,0.27233168482780457,0.30054771900177,False,False
idm,13491_00,collar,False,False,absent,absent,,,False,False
idm,13491_00,lapel,False,False,absent,absent,,,False,False
idm,13491_00,cuff,False,False,absent,absent,,,False,False
idm,13491_00,button hole,False,False,absent,absent,,,False,False
idm,13491_00,button,False,False,absent,absent,,,False,False
idm,13491_00,pocket,False,False,absent,absent,,,False,False
idm,13491_00,zipper,False,False,absent,absent,,,False,False
idm,13491_00,sleeve,True,True,present,present,0.21202242374420166,0.21169784665107727,False,False
idm,13491_00,shoulder,True,True,present,present,0.2954375147819519,0.33527594804763794,False,False
idm,13491_00,logo,True,True,present,present,0.47102075815200806,0.47102075815200806,False,False
idm,13517_00,collar,True,False,present,present,0.5313767194747925,,True,False
idm,13517_00,lapel,False,False,absent,absent,,,False,False
idm,13517_00,cuff,False,False,absent,absent,,,False,False
idm,13517_00,button hole,False,False,absent,absent,,,False,False
idm,13517_00,button,False,False,absent,absent,,,False,False
idm,13517_00,pocket,False,False,absent,absent,,,False,False
idm,13517_00,zipper,False,False,absent,absent,,,False,False
idm,13517_00,sleeve,False,False,absent,absent,,,False,False
idm,13517_00,shoulder,True,True,present,present,0.6310291290283203,0.6803783774375916,False,False
idm,13517_00,logo,False,False,absent,absent,,,False,False
idm,13589_00,collar,False,False,absent,absent,,,False,False
idm,13589_00,lapel,False,False,absent,absent,,,False,False
idm,13589_00,cuff,False,False,absent,absent,,,False,False
idm,13589_00,button hole,False,False,absent,absent,,,False,False
idm,13589_00,button,False,False,absent,absent,,,False,False
idm,13589_00,pocket,False,False,absent,absent,,,False,False
idm,13589_00,zipper,False,False,absent,absent,,,False,False
idm,13589_00,sleeve,True,True,present,present,0.4566573202610016,0.46653151512145996,False,False
idm,13589_00,shoulder,True,True,present,present,0.5483534336090088,0.5483534336090088,False,False
idm,13589_00,logo,False,False,absent,absent,,,False,False
idm,13967_00,collar,False,False,absent,absent,,,False,False
idm,13967_00,lapel,False,False,absent,absent,,,False,False
idm,13967_00,cuff,False,False,absent,absent,,,False,False
idm,13967_00,button hole,False,False,absent,absent,,,False,False
idm,13967_00,button,False,False,absent,absent,,,False,False
idm,13967_00,pocket,False,False,absent,absent,,,False,False
idm,13967_00,zipper,False,False,absent,absent,,,False,False
idm,13967_00,sleeve,True,True,present,present,0.25258955359458923,0.25258955359458923,False,False
idm,13967_00,shoulder,True,True,present,present,0.3383573889732361,0.4019901752471924,False,False
idm,13967_00,logo,False,False,absent,absent,,,False,False
idm,13988_00,collar,False,False,absent,absent,,,False,False
idm,13988_00,lapel,False,False,absent,absent,,,False,False
idm,13988_00,cuff,False,False,absent,absent,,,False,False
idm,13988_00,button hole,False,False,absent,absent,,,False,False
idm,13988_00,button,False,False,absent,absent,,,False,False
idm,13988_00,pocket,False,False,absent,absent,,,False,False
idm,13988_00,zipper,False,False,absent,absent,,,False,False
idm,13988_00,sleeve,True,True,present,present,0.46317189931869507,0.41286054253578186,False,False
idm,13988_00,shoulder,True,True,present,present,0.5511628985404968,0.5749022960662842,False,False
idm,13988_00,logo,False,False,absent,absent,,,False,False
idm,14009_00,collar,True,False,present,absent,0.6196777820587158,,True,False
idm,14009_00,lapel,False,False,absent,absent,,,False,False
idm,14009_00,cuff,False,False,absent,absent,,,False,False
idm,14009_00,button hole,False,False,absent,absent,,,False,False
idm,14009_00,button,False,False,absent,absent,,,False,False
idm,14009_00,pocket,False,False,absent,absent,,,False,False
idm,14009_00,zipper,False,False,absent,absent,,,False,False
idm,14009_00,sleeve,False,False,absent,absent,,,False,False
idm,14009_00,shoulder,True,True,present,present,0.5969436764717102,0.548265814781189,False,False
idm,14009_00,logo,False,False,absent,absent,,,False,False
idm,14059_00,collar,False,False,absent,absent,,,False,False
idm,14059_00,lapel,False,False,absent,absent,,,False,False
idm,14059_00,cuff,False,False,absent,absent,,,False,False
idm,14059_00,button hole,False,False,absent,absent,,,False,False
idm,14059_00,button,False,False,absent,absent,,,False,False
idm,14059_00,pocket,False,False,absent,absent,,,False,False
idm,14059_00,zipper,False,False,absent,absent,,,False,False
idm,14059_00,sleeve,False,False,absent,absent,,,False,False
idm,14059_00,shoulder,True,True,present,present,0.5758858919143677,0.5758858919143677,False,False
idm,14059_00,logo,False,False,absent,absent,,,False,False
idm,14173_00,collar,False,False,absent,absent,,,False,False
idm,14173_00,lapel,False,False,absent,absent,,,False,False
idm,14173_00,cuff,True,True,present,present,0.5243905782699585,0.5243905782699585,False,False
idm,14173_00,button hole,False,False,absent,absent,,,False,False
idm,14173_00,button,False,False,absent,absent,,,False,False
idm,14173_00,pocket,False,False,absent,absent,,,False,False
idm,14173_00,zipper,False,False,absent,absent,,,False,False
idm,14173_00,sleeve,True,True,present,present,0.5634989142417908,0.5210006833076477,False,False
idm,14173_00,shoulder,True,True,present,present,0.39916878938674927,0.8288931846618652,False,False
idm,14173_00,logo,False,False,absent,absent,,,False,False
idm,14181_00,collar,True,True,present,present,0.2906375825405121,0.2906375825405121,False,False
idm,14181_00,lapel,False,False,absent,absent,,,False,False
idm,14181_00,cuff,True,True,present,present,0.33184802532196045,0.41662701964378357,False,False
idm,14181_00,button hole,False,False,absent,absent,,,False,False
idm,14181_00,button,False,False,absent,absent,,,False,False
idm,14181_00,pocket,False,False,absent,absent,,,False,False
idm,14181_00,zipper,False,False,absent,absent,,,False,False
idm,14181_00,sleeve,True,True,present,present,0.30830901861190796,0.3202406167984009,False,False
idm,14181_00,shoulder,True,True,present,present,0.22065190970897675,0.2632105350494385,False,False
idm,14181_00,logo,True,True,present,present,0.2774081230163574,0.31838303804397583,False,False
idm,14189_00,collar,False,False,uncertain,absent,,,False,False
idm,14189_00,lapel,False,False,absent,absent,,,False,False
idm,14189_00,cuff,False,False,absent,absent,,,False,False
idm,14189_00,button hole,False,False,absent,absent,,,False,False
idm,14189_00,button,False,False,absent,absent,,,False,False
idm,14189_00,pocket,False,False,absent,absent,,,False,False
idm,14189_00,zipper,False,False,absent,absent,,,False,False
idm,14189_00,sleeve,True,True,present,present,0.23125627636909485,0.23125627636909485,False,False
idm,14189_00,shoulder,True,True,present,present,0.21474860608577728,0.21474860608577728,False,False
idm,14189_00,logo,False,False,absent,absent,,,False,False
idm,14471_00,collar,False,False,uncertain,absent,,,False,False
idm,14471_00,lapel,False,False,absent,absent,,,False,False
idm,14471_00,cuff,True,True,present,present,0.3961015045642853,0.40708696842193604,False,False
idm,14471_00,button hole,False,False,absent,absent,,,False,False
idm,14471_00,button,False,False,absent,absent,,,False,False
idm,14471_00,pocket,False,False,absent,absent,,,False,False
idm,14471_00,zipper,False,False,absent,absent,,,False,False
idm,14471_00,sleeve,True,True,present,present,0.3950318992137909,0.4150710999965668,False,False
idm,14471_00,shoulder,True,True,present,present,0.5746446251869202,0.5978482365608215,False,False
idm,14471_00,logo,False,False,absent,absent,,,False,False
idm,14651_00,collar,True,True,present,present,0.6481879949569702,0.7362602353096008,False,False
idm,14651_00,lapel,False,False,absent,absent,,,False,False
idm,14651_00,cuff,True,False,present,absent,0.47102853655815125,,True,False
idm,14651_00,button hole,False,False,absent,absent,,,False,False
idm,14651_00,button,False,False,absent,absent,,,False,False
idm,14651_00,pocket,False,False,absent,absent,,,False,False
idm,14651_00,zipper,False,False,absent,absent,,,False,False
idm,14651_00,sleeve,True,True,present,present,0.5143779516220093,0.514378011226654,False,False
idm,14651_00,shoulder,True,True,present,present,0.5775971412658691,0.515143871307373,False,False
idm,14651_00,logo,False,False,uncertain,uncertain,,,False,False
leffa,00013_00,collar,True,True,present,present,0.22216986119747162,0.3942345678806305,False,False
leffa,00013_00,lapel,False,False,absent,absent,,,False,False
leffa,00013_00,cuff,True,True,present,present,0.2639886736869812,0.27094796299934387,False,False
leffa,00013_00,button hole,False,False,absent,absent,,,False,False
leffa,00013_00,button,False,False,absent,absent,,,False,False
leffa,00013_00,pocket,False,False,absent,absent,,,False,False
leffa,00013_00,zipper,False,False,absent,absent,,,False,False
leffa,00013_00,sleeve,True,True,present,present,0.26507723331451416,0.26507726311683655,False,False
leffa,00013_00,shoulder,True,True,present,present,0.2740640938282013,0.2740640640258789,False,False
leffa,00013_00,logo,True,False,present,uncertain,0.3104211091995239,,True,False
leffa,00272_00,collar,False,False,absent,absent,,,False,False
leffa,00272_00,lapel,False,False,absent,absent,,,False,False
leffa,00272_00,cuff,False,False,absent,absent,,,False,False
leffa,00272_00,button hole,False,False,absent,absent,,,False,False
leffa,00272_00,button,False,False,absent,absent,,,False,False
leffa,00272_00,pocket,False,False,absent,absent,,,False,False
leffa,00272_00,zipper,False,False,absent,absent,,,False,False
leffa,00272_00,sleeve,False,False,absent,absent,,,False,False
leffa,00272_00,shoulder,True,True,present,present,0.36414197087287903,0.4518499970436096,False,False
leffa,00272_00,logo,False,False,absent,absent,,,False,False
leffa,00401_00,collar,True,True,present,present,0.4821283519268036,0.4821283221244812,False,False
leffa,00401_00,lapel,False,False,absent,absent,,,False,False
leffa,00401_00,cuff,True,True,present,present,0.3158770203590393,0.3158770501613617,False,False
leffa,00401_00,button hole,False,False,absent,absent,,,False,False
leffa,00401_00,button,False,False,absent,absent,,,False,False
leffa,00401_00,pocket,False,False,absent,absent,,,False,False
leffa,00401_00,zipper,False,False,absent,absent,,,False,False
leffa,00401_00,sleeve,True,True,present,present,0.2826129198074341,0.39662274718284607,False,False
leffa,00401_00,shoulder,False,True,present,present,,,False,False
leffa,00401_00,logo,False,False,absent,absent,,,False,False
leffa,00494_00,collar,False,True,uncertain,present,,,False,False
leffa,00494_00,lapel,False,False,absent,absent,,,False,False
leffa,00494_00,cuff,True,True,present,present,0.20693805813789368,0.20693813264369965,False,False
leffa,00494_00,button hole,False,False,absent,absent,,,False,False
leffa,00494_00,button,False,False,absent,absent,,,False,False
leffa,00494_00,pocket,False,False,absent,absent,,,False,False
leffa,00494_00,zipper,False,False,absent,absent,,,False,False
leffa,00494_00,sleeve,True,True,present,present,0.37413692474365234,0.6840919852256775,False,False
leffa,00494_00,shoulder,False,False,present,present,,,False,False
leffa,00494_00,logo,True,True,present,present,0.4649372100830078,0.5367709994316101,False,False
leffa,00698_00,collar,False,False,absent,absent,,,False,False
leffa,00698_00,lapel,False,False,absent,absent,,,False,False
leffa,00698_00,cuff,False,False,absent,absent,,,False,False
leffa,00698_00,button hole,False,False,absent,absent,,,False,False
leffa,00698_00,button,False,False,present,uncertain,,,False,False
leffa,00698_00,pocket,False,False,absent,absent,,,False,False
leffa,00698_00,zipper,False,False,absent,absent,,,False,False
leffa,00698_00,sleeve,True,True,present,present,0.19092781841754913,0.20685918629169464,False,False
leffa,00698_00,shoulder,True,True,present,present,0.2523964047431946,0.2523964047431946,False,False
leffa,00698_00,logo,False,False,absent,absent,,,False,False
leffa,00827_00,collar,False,False,absent,absent,,,False,False
leffa,00827_00,lapel,False,False,absent,absent,,,False,False
leffa,00827_00,cuff,False,False,absent,absent,,,False,False
leffa,00827_00,button hole,False,False,absent,absent,,,False,False
leffa,00827_00,button,False,False,absent,absent,,,False,False
leffa,00827_00,pocket,False,False,absent,absent,,,False,False
leffa,00827_00,zipper,False,False,absent,absent,,,False,False
leffa,00827_00,sleeve,False,False,absent,absent,,,False,False
leffa,00827_00,shoulder,True,True,present,present,0.375763475894928,0.38958048820495605,False,False
leffa,00827_00,logo,False,False,absent,absent,,,False,False
leffa,01026_00,collar,True,True,present,present,0.4753984212875366,0.5805650353431702,False,False
leffa,01026_00,lapel,False,False,absent,absent,,,False,False
leffa,01026_00,cuff,True,True,present,present,0.5039186477661133,0.6933693885803223,False,False
leffa,01026_00,button hole,False,False,absent,absent,,,False,False
leffa,01026_00,button,False,False,absent,absent,,,False,False
leffa,01026_00,pocket,False,False,absent,absent,,,False,False
leffa,01026_00,zipper,False,False,absent,absent,,,False,False
leffa,01026_00,sleeve,True,True,present,present,0.5281452536582947,0.5151420831680298,False,False
leffa,01026_00,shoulder,True,True,present,present,0.46250927448272705,0.44841158390045166,False,False
leffa,01026_00,logo,False,False,uncertain,absent,,,False,False
leffa,01046_00,collar,False,False,absent,absent,,,False,False
leffa,01046_00,lapel,False,False,absent,absent,,,False,False
leffa,01046_00,cuff,True,True,present,present,0.4048515856266022,0.4997437298297882,False,False
leffa,01046_00,button hole,False,False,absent,absent,,,False,False
leffa,01046_00,button,True,True,present,present,0.48609310388565063,0.4738187789916992,False,False
leffa,01046_00,pocket,False,False,absent,absent,,,False,False
leffa,01046_00,zipper,False,False,absent,absent,,,False,False
leffa,01046_00,sleeve,True,True,present,present,0.38572829961776733,0.35821428894996643,False,False
leffa,01046_00,shoulder,False,True,present,present,,,False,False
leffa,01046_00,logo,False,False,absent,absent,,,False,False
leffa,01090_00,collar,True,True,present,present,0.42823225259780884,0.42823225259780884,False,False
leffa,01090_00,lapel,False,False,absent,absent,,,False,False
leffa,01090_00,cuff,True,True,present,present,0.21348737180233002,0.21348737180233002,False,False
leffa,01090_00,button hole,False,False,absent,absent,,,False,False
leffa,01090_00,button,False,False,absent,absent,,,False,False
leffa,01090_00,pocket,False,False,absent,absent,,,False,False
leffa,01090_00,zipper,False,False,absent,absent,,,False,False
leffa,01090_00,sleeve,True,True,present,present,0.2918654680252075,0.3571960926055908,False,False
leffa,01090_00,shoulder,True,True,present,present,0.3676093518733978,0.3676093518733978,False,False
leffa,01090_00,logo,False,False,absent,absent,,,False,False
leffa,01386_00,collar,True,True,present,present,0.44837886095046997,0.44837892055511475,False,False
leffa,01386_00,lapel,False,False,absent,absent,,,False,False
leffa,01386_00,cuff,False,True,absent,present,,,False,True
leffa,01386_00,button hole,False,False,absent,absent,,,False,False
leffa,01386_00,button,False,False,absent,absent,,,False,False
leffa,01386_00,pocket,False,False,absent,absent,,,False,False
leffa,01386_00,zipper,False,False,absent,absent,,,False,False
leffa,01386_00,sleeve,True,True,present,present,0.3036883771419525,0.3036884069442749,False,False
leffa,01386_00,shoulder,True,True,present,present,0.45209383964538574,0.5116066336631775,False,False
leffa,01386_00,logo,False,False,absent,absent,,,False,False
leffa,01503_00,collar,False,False,uncertain,uncertain,,,False,False
leffa,01503_00,lapel,False,False,absent,absent,,,False,False
leffa,01503_00,cuff,False,False,uncertain,uncertain,,,False,False
leffa,01503_00,button hole,False,False,absent,absent,,,False,False
leffa,01503_00,button,False,False,absent,absent,,,False,False
leffa,01503_00,pocket,False,False,absent,absent,,,False,False
leffa,01503_00,zipper,False,False,absent,absent,,,False,False
leffa,01503_00,sleeve,True,True,present,present,0.40604865550994873,0.4160770773887634,False,False
leffa,01503_00,shoulder,True,True,present,present,0.45467501878738403,0.4484350383281708,False,False
leffa,01503_00,logo,False,False,absent,absent,,,False,False
leffa,01767_00,collar,False,True,absent,present,,,False,True
leffa,01767_00,lapel,False,False,absent,absent,,,False,False
leffa,01767_00,cuff,False,False,absent,absent,,,False,False
leffa,01767_00,button hole,False,False,absent,absent,,,False,False
leffa,01767_00,button,True,False,present,absent,0.2738041877746582,,True,False
leffa,01767_00,pocket,False,False,absent,absent,,,False,False
leffa,01767_00,zipper,False,False,absent,absent,,,False,False
leffa,01767_00,sleeve,True,True,present,present,0.2777702212333679,0.2777702212333679,False,False
leffa,01767_00,shoulder,True,True,present,present,0.2602381706237793,0.2616092264652252,False,False
leffa,01767_00,logo,False,False,present,present,,,False,False
leffa,01801_00,collar,False,False,absent,absent,,,False,False
leffa,01801_00,lapel,False,False,absent,absent,,,False,False
leffa,01801_00,cuff,False,False,absent,absent,,,False,False
leffa,01801_00,button hole,False,False,absent,absent,,,False,False
leffa,01801_00,button,False,False,absent,absent,,,False,False
leffa,01801_00,pocket,False,False,absent,absent,,,False,False
leffa,01801_00,zipper,False,False,absent,absent,,,False,False
leffa,01801_00,sleeve,False,False,absent,absent,,,False,False
leffa,01801_00,shoulder,True,True,present,present,0.36708205938339233,0.799238383769989,False,False
leffa,01801_00,logo,False,False,absent,absent,,,False,False
leffa,01827_00,collar,True,True,present,present,0.35212865471839905,0.36713239550590515,False,False
leffa,01827_00,lapel,False,False,absent,absent,,,False,False
leffa,01827_00,cuff,False,False,absent,absent,,,False,False
leffa,01827_00,button hole,False,False,absent,absent,,,False,False
leffa,01827_00,button,False,False,absent,absent,,,False,False
leffa,01827_00,pocket,True,True,present,present,0.2551575303077698,0.2551575303077698,False,False
leffa,01827_00,zipper,False,False,absent,absent,,,False,False
leffa,01827_00,sleeve,True,True,present,present,0.2517381012439728,0.24878710508346558,False,False
leffa,01827_00,shoulder,True,True,present,present,0.2597521245479584,0.35851189494132996,False,False
leffa,01827_00,logo,False,False,absent,absent,,,False,False
leffa,01832_00,collar,True,True,present,present,0.14668646454811096,0.1863919347524643,False,False
leffa,01832_00,lapel,False,False,absent,absent,,,False,False
leffa,01832_00,cuff,False,False,absent,uncertain,,,False,False
leffa,01832_00,button hole,False,False,absent,absent,,,False,False
leffa,01832_00,button,False,False,absent,absent,,,False,False
leffa,01832_00,pocket,False,False,absent,absent,,,False,False
leffa,01832_00,zipper,False,False,absent,absent,,,False,False
leffa,01832_00,sleeve,True,True,present,present,0.12685708701610565,0.204397514462471,False,False
leffa,01832_00,shoulder,True,True,present,present,0.15211798250675201,0.3983324468135834,False,False
leffa,01832_00,logo,False,False,absent,absent,,,False,False
leffa,01877_00,collar,True,False,present,absent,0.48391151428222656,,True,False
leffa,01877_00,lapel,False,False,absent,absent,,,False,False
leffa,01877_00,cuff,False,False,absent,absent,,,False,False
leffa,01877_00,button hole,False,False,absent,absent,,,False,False
leffa,01877_00,button,False,False,absent,absent,,,False,False
leffa,01877_00,pocket,False,False,absent,absent,,,False,False
leffa,01877_00,zipper,False,False,absent,absent,,,False,False
leffa,01877_00,sleeve,True,True,present,present,0.34390130639076233,0.34390130639076233,False,False
leffa,01877_00,shoulder,True,True,present,present,0.3089925944805145,0.3615799844264984,False,False
leffa,01877_00,logo,False,False,present,present,,,False,False
leffa,01900_00,collar,False,False,absent,absent,,,False,False
leffa,01900_00,lapel,False,False,absent,absent,,,False,False
leffa,01900_00,cuff,True,False,present,absent,0.2904585301876068,,True,False
leffa,01900_00,button hole,False,False,absent,absent,,,False,False
leffa,01900_00,button,False,False,absent,absent,,,False,False
leffa,01900_00,pocket,False,False,absent,absent,,,False,False
leffa,01900_00,zipper,False,False,absent,absent,,,False,False
leffa,01900_00,sleeve,True,True,present,present,0.34948718547821045,0.33381953835487366,False,False
leffa,01900_00,shoulder,True,True,present,present,0.392111212015152,0.39211124181747437,False,False
leffa,01900_00,logo,False,False,absent,absent,,,False,False
leffa,01917_00,collar,True,True,present,present,0.3193514943122864,0.3193514943122864,False,False
leffa,01917_00,lapel,False,False,absent,absent,,,False,False
leffa,01917_00,cuff,False,False,absent,absent,,,False,False
leffa,01917_00,button hole,False,False,absent,absent,,,False,False
leffa,01917_00,button,False,False,absent,absent,,,False,False
leffa,01917_00,pocket,False,False,absent,absent,,,False,False
leffa,01917_00,zipper,False,False,absent,absent,,,False,False
leffa,01917_00,sleeve,True,True,present,present,0.261432021856308,0.5353860259056091,False,False
leffa,01917_00,shoulder,True,True,present,present,0.3327363431453705,0.3852486312389374,False,False
leffa,01917_00,logo,False,False,absent,absent,,,False,False
leffa,01994_00,collar,False,False,absent,absent,,,False,False
leffa,01994_00,lapel,False,False,absent,absent,,,False,False
leffa,01994_00,cuff,False,False,absent,absent,,,False,False
leffa,01994_00,button hole,False,False,absent,absent,,,False,False
leffa,01994_00,button,False,False,absent,absent,,,False,False
leffa,01994_00,pocket,False,False,absent,absent,,,False,False
leffa,01994_00,zipper,False,False,absent,absent,,,False,False
leffa,01994_00,sleeve,True,True,present,present,0.17247776687145233,0.19237104058265686,False,False
leffa,01994_00,shoulder,True,True,present,present,0.16111816465854645,0.21178756654262543,False,False
leffa,01994_00,logo,False,False,absent,absent,,,False,False
leffa,02180_00,collar,True,True,present,present,0.3828076124191284,0.3828076124191284,False,False
leffa,02180_00,lapel,False,False,absent,absent,,,False,False
leffa,02180_00,cuff,False,True,uncertain,present,,,False,False
leffa,02180_00,button hole,False,False,absent,absent,,,False,False
leffa,02180_00,button,False,True,absent,present,,,False,True
leffa,02180_00,pocket,False,False,absent,absent,,,False,False
leffa,02180_00,zipper,False,False,absent,absent,,,False,False
leffa,02180_00,sleeve,True,True,present,present,0.34356629848480225,0.3426154553890228,False,False
leffa,02180_00,shoulder,True,True,present,present,0.3394913077354431,0.33681508898735046,False,False
leffa,02180_00,logo,True,True,present,present,0.3243717551231384,0.3243717551231384,False,False
leffa,02253_00,collar,False,False,uncertain,uncertain,,,False,False
leffa,02253_00,lapel,False,False,absent,absent,,,False,False
leffa,02253_00,cuff,True,True,present,present,0.3116087019443512,0.3798752725124359,False,False
leffa,02253_00,button hole,False,False,absent,absent,,,False,False
leffa,02253_00,button,False,False,absent,absent,,,False,False
leffa,02253_00,pocket,False,False,absent,absent,,,False,False
leffa,02253_00,zipper,False,False,absent,absent,,,False,False
leffa,02253_00,sleeve,True,True,present,present,0.41772469878196716,0.39219579100608826,False,False
leffa,02253_00,shoulder,True,True,present,present,0.29183879494667053,0.4904327690601349,False,False
leffa,02253_00,logo,False,False,absent,absent,,,False,False
leffa,02327_00,collar,True,False,present,absent,0.9344028234481812,,True,False
leffa,02327_00,lapel,False,False,absent,absent,,,False,False
leffa,02327_00,cuff,False,False,absent,absent,,,False,False
leffa,02327_00,button hole,False,False,absent,absent,,,False,False
leffa,02327_00,button,False,False,absent,absent,,,False,False
leffa,02327_00,pocket,False,False,absent,uncertain,,,False,False
leffa,02327_00,zipper,False,False,absent,absent,,,False,False
leffa,02327_00,sleeve,False,True,present,present,,,False,False
leffa,02327_00,shoulder,True,True,present,present,0.6254868507385254,0.6161139607429504,False,False
leffa,02327_00,logo,False,False,absent,absent,,,False,False
leffa,02336_00,collar,False,False,absent,absent,,,False,False
leffa,02336_00,lapel,False,False,absent,absent,,,False,False
leffa,02336_00,cuff,False,False,absent,absent,,,False,False
leffa,02336_00,button hole,False,False,absent,absent,,,False,False
leffa,02336_00,button,False,False,absent,absent,,,False,False
leffa,02336_00,pocket,False,False,absent,absent,,,False,False
leffa,02336_00,zipper,False,False,absent,absent,,,False,False
leffa,02336_00,sleeve,False,False,absent,absent,,,False,False
leffa,02336_00,shoulder,True,True,present,present,0.4463326632976532,0.43319806456565857,False,False
leffa,02336_00,logo,False,False,absent,absent,,,False,False
leffa,02372_00,collar,False,False,absent,absent,,,False,False
leffa,02372_00,lapel,False,False,absent,absent,,,False,False
leffa,02372_00,cuff,False,False,absent,absent,,,False,False
leffa,02372_00,button hole,False,False,absent,absent,,,False,False
leffa,02372_00,button,False,False,absent,absent,,,False,False
leffa,02372_00,pocket,False,False,absent,absent,,,False,False
leffa,02372_00,zipper,False,False,absent,absent,,,False,False
leffa,02372_00,sleeve,False,False,absent,absent,,,False,False
leffa,02372_00,shoulder,True,True,present,present,0.3365996181964874,0.5598639845848083,False,False
leffa,02372_00,logo,False,False,absent,absent,,,False,False
leffa,02388_00,collar,True,True,present,present,0.3174525499343872,0.3174525499343872,False,False
leffa,02388_00,lapel,False,False,absent,absent,,,False,False
leffa,02388_00,cuff,False,False,absent,absent,,,False,False
leffa,02388_00,button hole,False,False,absent,absent,,,False,False
leffa,02388_00,button,False,False,absent,absent,,,False,False
leffa,02388_00,pocket,False,False,absent,absent,,,False,False
leffa,02388_00,zipper,False,False,absent,absent,,,False,False
leffa,02388_00,sleeve,True,True,present,present,0.35152915120124817,0.3336511254310608,False,False
leffa,02388_00,shoulder,True,True,present,present,0.3000689148902893,0.3660029470920563,False,False
leffa,02388_00,logo,False,False,absent,absent,,,False,False
leffa,02400_00,collar,False,False,absent,absent,,,False,False
leffa,02400_00,lapel,False,False,absent,absent,,,False,False
leffa,02400_00,cuff,False,False,absent,absent,,,False,False
leffa,02400_00,button hole,False,False,absent,absent,,,False,False
leffa,02400_00,button,False,False,absent,absent,,,False,False
leffa,02400_00,pocket,False,False,absent,absent,,,False,False
leffa,02400_00,zipper,False,False,absent,absent,,,False,False
leffa,02400_00,sleeve,True,True,present,present,0.45621785521507263,0.43520984053611755,False,False
leffa,02400_00,shoulder,True,True,present,present,0.5558658242225647,0.6219199895858765,False,False
leffa,02400_00,logo,False,False,absent,absent,,,False,False
leffa,02457_00,collar,False,False,absent,absent,,,False,False
leffa,02457_00,lapel,False,False,absent,absent,,,False,False
leffa,02457_00,cuff,False,False,absent,absent,,,False,False
leffa,02457_00,button hole,False,False,absent,absent,,,False,False
leffa,02457_00,button,False,False,absent,absent,,,False,False
leffa,02457_00,pocket,False,False,absent,absent,,,False,False
leffa,02457_00,zipper,False,False,absent,absent,,,False,False
leffa,02457_00,sleeve,True,True,present,present,0.46823999285697937,0.49294376373291016,False,False
leffa,02457_00,shoulder,True,True,present,present,0.4026140868663788,0.4076538383960724,False,False
leffa,02457_00,logo,False,False,absent,absent,,,False,False
leffa,02743_00,collar,True,True,present,present,0.4667724072933197,0.5468373894691467,False,False
leffa,02743_00,lapel,False,False,absent,absent,,,False,False
leffa,02743_00,cuff,True,True,present,present,0.2526513338088989,0.42044323682785034,False,False
leffa,02743_00,button hole,False,False,absent,absent,,,False,False
leffa,02743_00,button,False,False,absent,absent,,,False,False
leffa,02743_00,pocket,False,False,absent,absent,,,False,False
leffa,02743_00,zipper,False,False,absent,absent,,,False,False
leffa,02743_00,sleeve,True,True,present,present,0.2553616762161255,0.2553616762161255,False,False
leffa,02743_00,shoulder,True,True,present,present,0.24651622772216797,0.25576797127723694,False,False
leffa,02743_00,logo,True,True,present,present,0.32414281368255615,0.3519304394721985,False,False
leffa,02810_00,collar,False,False,absent,absent,,,False,False
leffa,02810_00,lapel,False,False,absent,absent,,,False,False
leffa,02810_00,cuff,False,False,absent,absent,,,False,False
leffa,02810_00,button hole,False,False,absent,absent,,,False,False
leffa,02810_00,button,False,False,absent,absent,,,False,False
leffa,02810_00,pocket,True,True,present,present,0.3895787000656128,0.4794394075870514,False,False
leffa,02810_00,zipper,False,False,absent,absent,,,False,False
leffa,02810_00,sleeve,True,True,present,present,0.29851293563842773,0.29851293563842773,False,False
leffa,02810_00,shoulder,True,True,present,present,0.6030827760696411,0.5446230173110962,False,False
leffa,02810_00,logo,False,False,absent,absent,,,False,False
leffa,02871_00,collar,True,True,present,present,0.27717646956443787,0.4181963801383972,False,False
leffa,02871_00,lapel,False,False,absent,absent,,,False,False
leffa,02871_00,cuff,False,False,uncertain,absent,,,False,False
leffa,02871_00,button hole,False,False,absent,absent,,,False,False
leffa,02871_00,button,False,False,absent,absent,,,False,False
leffa,02871_00,pocket,False,False,absent,absent,,,False,False
leffa,02871_00,zipper,False,False,absent,absent,,,False,False
leffa,02871_00,sleeve,True,True,present,present,0.3286004364490509,0.3286004364490509,False,False
leffa,02871_00,shoulder,True,True,present,present,0.2925015985965729,0.4409310817718506,False,False
leffa,02871_00,logo,True,True,present,present,0.3161059617996216,0.3161059617996216,False,False
leffa,03013_00,collar,True,False,present,uncertain,0.32141223549842834,,True,False
leffa,03013_00,lapel,False,False,absent,absent,,,False,False
leffa,03013_00,cuff,False,False,absent,absent,,,False,False
leffa,03013_00,button hole,False,False,absent,absent,,,False,False
leffa,03013_00,button,False,False,absent,absent,,,False,False
leffa,03013_00,pocket,False,False,absent,absent,,,False,False
leffa,03013_00,zipper,False,False,absent,absent,,,False,False
leffa,03013_00,sleeve,True,True,present,present,0.3148070275783539,0.3148070275783539,False,False
leffa,03013_00,shoulder,True,True,present,present,0.3010466694831848,0.35800090432167053,False,False
leffa,03013_00,logo,False,False,absent,absent,,,False,False
leffa,03191_00,collar,False,False,absent,absent,,,False,False
leffa,03191_00,lapel,False,False,absent,absent,,,False,False
leffa,03191_00,cuff,False,True,uncertain,present,,,False,False
leffa,03191_00,button hole,False,False,absent,absent,,,False,False
leffa,03191_00,button,False,False,absent,absent,,,False,False
leffa,03191_00,pocket,False,False,absent,absent,,,False,False
leffa,03191_00,zipper,False,False,absent,absent,,,False,False
leffa,03191_00,sleeve,True,True,present,present,0.25887972116470337,0.3260374963283539,False,False
leffa,03191_00,shoulder,True,True,present,present,0.30972227454185486,0.31247931718826294,False,False
leffa,03191_00,logo,False,False,absent,absent,,,False,False
leffa,03608_00,collar,True,True,present,present,0.25383371114730835,0.25383371114730835,False,False
leffa,03608_00,lapel,False,False,absent,absent,,,False,False
leffa,03608_00,cuff,True,True,present,present,0.23787052929401398,0.24686592817306519,False,False
leffa,03608_00,button hole,False,False,absent,absent,,,False,False
leffa,03608_00,button,False,False,absent,absent,,,False,False
leffa,03608_00,pocket,False,False,absent,absent,,,False,False
leffa,03608_00,zipper,False,False,absent,absent,,,False,False
leffa,03608_00,sleeve,True,True,present,present,0.26316341757774353,0.26316341757774353,False,False
leffa,03608_00,shoulder,True,True,present,present,0.27687323093414307,0.27687323093414307,False,False
leffa,03608_00,logo,False,False,absent,absent,,,False,False
leffa,03935_00,collar,True,False,present,absent,0.43555596470832825,,True,False
leffa,03935_00,lapel,False,False,absent,absent,,,False,False
leffa,03935_00,cuff,True,True,present,present,0.5459226965904236,0.4978179335594177,False,False
leffa,03935_00,button hole,False,False,absent,absent,,,False,False
leffa,03935_00,button,False,False,absent,absent,,,False,False
leffa,03935_00,pocket,False,False,absent,absent,,,False,False
leffa,03935_00,zipper,False,False,absent,absent,,,False,False
leffa,03935_00,sleeve,True,True,present,present,0.47856706380844116,0.5273289084434509,False,False
leffa,03935_00,shoulder,True,True,present,present,0.4080331325531006,0.4194244146347046,False,False
leffa,03935_00,logo,False,False,absent,absent,,,False,False
leffa,03950_00,collar,False,False,absent,absent,,,False,False
leffa,03950_00,lapel,False,False,absent,absent,,,False,False
leffa,03950_00,cuff,False,True,absent,present,,,False,True
leffa,03950_00,button hole,False,False,absent,absent,,,False,False
leffa,03950_00,button,False,False,absent,absent,,,False,False
leffa,03950_00,pocket,False,False,absent,absent,,,False,False
leffa,03950_00,zipper,False,False,absent,absent,,,False,False
leffa,03950_00,sleeve,True,True,present,present,0.2622721493244171,0.2622721791267395,False,False
leffa,03950_00,shoulder,True,True,present,present,0.2751903831958771,0.33819010853767395,False,False
leffa,03950_00,logo,False,False,absent,absent,,,False,False
leffa,03991_00,collar,True,True,present,present,0.4151917099952698,0.46411260962486267,False,False
leffa,03991_00,lapel,False,False,absent,absent,,,False,False
leffa,03991_00,cuff,False,False,absent,absent,,,False,False
leffa,03991_00,button hole,False,False,absent,absent,,,False,False
leffa,03991_00,button,False,False,absent,absent,,,False,False
leffa,03991_00,pocket,False,False,absent,absent,,,False,False
leffa,03991_00,zipper,False,False,absent,absent,,,False,False
leffa,03991_00,sleeve,False,False,absent,absent,,,False,False
leffa,03991_00,shoulder,True,True,present,present,0.41660967469215393,0.4505956470966339,False,False
leffa,03991_00,logo,False,False,absent,absent,,,False,False
leffa,04430_00,collar,True,True,present,present,0.17727121710777283,0.17727121710777283,False,False
leffa,04430_00,lapel,False,False,absent,absent,,,False,False
leffa,04430_00,cuff,False,False,absent,absent,,,False,False
leffa,04430_00,button hole,False,False,absent,absent,,,False,False
leffa,04430_00,button,False,False,absent,absent,,,False,False
leffa,04430_00,pocket,False,False,absent,absent,,,False,False
leffa,04430_00,zipper,False,False,absent,absent,,,False,False
leffa,04430_00,sleeve,True,True,present,present,0.34696853160858154,0.3662245273590088,False,False
leffa,04430_00,shoulder,True,True,present,present,0.31760624051094055,0.31760624051094055,False,False
leffa,04430_00,logo,False,False,absent,absent,,,False,False
leffa,04562_00,collar,True,True,present,present,0.5912135243415833,0.5912135243415833,False,False
leffa,04562_00,lapel,False,False,absent,absent,,,False,False
leffa,04562_00,cuff,False,False,absent,absent,,,False,False
leffa,04562_00,button hole,False,False,absent,absent,,,False,False
leffa,04562_00,button,False,False,absent,absent,,,False,False
leffa,04562_00,pocket,False,False,absent,absent,,,False,False
leffa,04562_00,zipper,False,False,absent,absent,,,False,False
leffa,04562_00,sleeve,True,True,present,present,0.427721232175827,0.4264514148235321,False,False
leffa,04562_00,shoulder,True,True,present,present,0.4156688451766968,0.434553861618042,False,False
leffa,04562_00,logo,False,False,absent,absent,,,False,False
leffa,04652_00,collar,False,False,absent,absent,,,False,False
leffa,04652_00,lapel,False,False,absent,absent,,,False,False
leffa,04652_00,cuff,False,False,absent,absent,,,False,False
leffa,04652_00,button hole,False,False,absent,absent,,,False,False
leffa,04652_00,button,False,False,absent,absent,,,False,False
leffa,04652_00,pocket,False,False,absent,absent,,,False,False
leffa,04652_00,zipper,False,False,absent,absent,,,False,False
leffa,04652_00,sleeve,True,True,present,present,0.45909246802330017,0.3136121332645416,False,False
leffa,04652_00,shoulder,True,True,present,present,0.3781290352344513,0.35462823510169983,False,False
leffa,04652_00,logo,False,False,absent,absent,,,False,False
leffa,04680_00,collar,False,False,uncertain,absent,,,False,False
leffa,04680_00,lapel,False,False,absent,absent,,,False,False
leffa,04680_00,cuff,False,False,absent,absent,,,False,False
leffa,04680_00,button hole,False,False,absent,absent,,,False,False
leffa,04680_00,button,True,True,present,present,0.30742883682250977,0.31218287348747253,False,False
leffa,04680_00,pocket,False,False,absent,absent,,,False,False
leffa,04680_00,zipper,False,False,absent,absent,,,False,False
leffa,04680_00,sleeve,False,False,absent,absent,,,False,False
leffa,04680_00,shoulder,True,True,present,present,0.3426603078842163,0.3426603078842163,False,False
leffa,04680_00,logo,False,False,absent,absent,,,False,False
leffa,04699_00,collar,False,False,absent,absent,,,False,False
leffa,04699_00,lapel,False,False,absent,absent,,,False,False
leffa,04699_00,cuff,False,True,uncertain,present,,,False,False
leffa,04699_00,button hole,False,False,absent,absent,,,False,False
leffa,04699_00,button,False,False,absent,absent,,,False,False
leffa,04699_00,pocket,False,False,absent,absent,,,False,False
leffa,04699_00,zipper,False,False,absent,absent,,,False,False
leffa,04699_00,sleeve,True,True,present,present,0.35938677191734314,0.4164413511753082,False,False
leffa,04699_00,shoulder,True,True,present,present,0.3787493407726288,0.37874937057495117,False,False
leffa,04699_00,logo,False,False,absent,absent,,,False,False
leffa,04847_00,collar,True,True,present,present,0.6535060405731201,0.6535062193870544,False,False
leffa,04847_00,lapel,False,False,absent,absent,,,False,False
leffa,04847_00,cuff,False,False,absent,absent,,,False,False
leffa,04847_00,button hole,False,False,absent,absent,,,False,False
leffa,04847_00,button,False,False,absent,absent,,,False,False
leffa,04847_00,pocket,False,False,absent,absent,,,False,False
leffa,04847_00,zipper,False,False,absent,absent,,,False,False
leffa,04847_00,sleeve,True,True,present,present,0.38783103227615356,0.3878311514854431,False,False
leffa,04847_00,shoulder,False,False,present,present,,,False,False
leffa,04847_00,logo,True,False,present,uncertain,0.6874241828918457,,True,False
leffa,04893_00,collar,False,False,absent,absent,,,False,False
leffa,04893_00,lapel,False,False,absent,absent,,,False,False
leffa,04893_00,cuff,False,False,absent,absent,,,False,False
leffa,04893_00,button hole,False,False,absent,absent,,,False,False
leffa,04893_00,button,False,False,absent,absent,,,False,False
leffa,04893_00,pocket,False,False,absent,absent,,,False,False
leffa,04893_00,zipper,False,False,absent,absent,,,False,False
leffa,04893_00,sleeve,True,True,present,present,0.3213038742542267,0.3213038742542267,False,False
leffa,04893_00,shoulder,True,True,present,present,0.24750465154647827,0.2512088119983673,False,False
leffa,04893_00,logo,False,False,absent,absent,,,False,False
leffa,04944_00,collar,True,True,present,present,0.40656566619873047,0.40656566619873047,False,False
leffa,04944_00,lapel,False,False,absent,absent,,,False,False
leffa,04944_00,cuff,False,False,absent,absent,,,False,False
leffa,04944_00,button hole,False,False,absent,absent,,,False,False
leffa,04944_00,button,False,False,absent,absent,,,False,False
leffa,04944_00,pocket,False,False,absent,absent,,,False,False
leffa,04944_00,zipper,False,False,absent,absent,,,False,False
leffa,04944_00,sleeve,True,True,present,present,0.3713799715042114,0.4063521921634674,False,False
leffa,04944_00,shoulder,True,True,present,present,0.4545535743236542,0.45729532837867737,False,False
leffa,04944_00,logo,False,False,absent,absent,,,False,False
leffa,05156_00,collar,True,True,present,present,0.4294021427631378,0.4294021427631378,False,False
leffa,05156_00,lapel,False,False,absent,absent,,,False,False
leffa,05156_00,cuff,True,True,present,present,0.2699317932128906,0.2699317932128906,False,False
leffa,05156_00,button hole,False,False,absent,absent,,,False,False
leffa,05156_00,button,False,False,absent,absent,,,False,False
leffa,05156_00,pocket,False,False,absent,absent,,,False,False
leffa,05156_00,zipper,False,False,absent,absent,,,False,False
leffa,05156_00,sleeve,True,True,present,present,0.31542155146598816,0.31542155146598816,False,False
leffa,05156_00,shoulder,True,True,present,present,0.37721124291419983,0.3550698161125183,False,False
leffa,05156_00,logo,False,False,absent,absent,,,False,False
leffa,05329_00,collar,False,False,absent,absent,,,False,False
leffa,05329_00,lapel,False,False,absent,absent,,,False,False
leffa,05329_00,cuff,False,False,absent,absent,,,False,False
leffa,05329_00,button hole,False,False,absent,absent,,,False,False
leffa,05329_00,button,False,False,absent,absent,,,False,False
leffa,05329_00,pocket,False,False,absent,absent,,,False,False
leffa,05329_00,zipper,False,False,absent,absent,,,False,False
leffa,05329_00,sleeve,True,True,present,present,0.4068097770214081,0.3925268352031708,False,False
leffa,05329_00,shoulder,True,True,present,present,0.38205283880233765,0.3948700726032257,False,False
leffa,05329_00,logo,False,False,absent,absent,,,False,False
leffa,05544_00,collar,True,True,present,present,0.2841837406158447,0.3038482964038849,False,False
leffa,05544_00,lapel,False,False,absent,absent,,,False,False
leffa,05544_00,cuff,False,False,absent,absent,,,False,False
leffa,05544_00,button hole,False,False,absent,absent,,,False,False
leffa,05544_00,button,False,False,absent,absent,,,False,False
leffa,05544_00,pocket,False,False,absent,absent,,,False,False
leffa,05544_00,zipper,False,False,absent,absent,,,False,False
leffa,05544_00,sleeve,False,False,absent,absent,,,False,False
leffa,05544_00,shoulder,False,False,uncertain,uncertain,,,False,False
leffa,05544_00,logo,False,False,absent,absent,,,False,False
leffa,05910_00,collar,False,False,absent,absent,,,False,False
leffa,05910_00,lapel,False,False,absent,absent,,,False,False
leffa,05910_00,cuff,False,False,absent,absent,,,False,False
leffa,05910_00,button hole,False,False,absent,absent,,,False,False
leffa,05910_00,button,False,False,absent,absent,,,False,False
leffa,05910_00,pocket,False,False,absent,absent,,,False,False
leffa,05910_00,zipper,False,False,absent,absent,,,False,False
leffa,05910_00,sleeve,False,False,absent,absent,,,False,False
leffa,05910_00,shoulder,True,True,present,present,0.35112443566322327,0.35112443566322327,False,False
leffa,05910_00,logo,False,False,absent,absent,,,False,False
leffa,05961_00,collar,False,True,absent,present,,,False,True
leffa,05961_00,lapel,False,False,absent,absent,,,False,False
leffa,05961_00,cuff,False,False,absent,absent,,,False,False
leffa,05961_00,button hole,False,False,absent,absent,,,False,False
leffa,05961_00,button,False,False,absent,absent,,,False,False
leffa,05961_00,pocket,False,False,absent,absent,,,False,False
leffa,05961_00,zipper,False,False,absent,absent,,,False,False
leffa,05961_00,sleeve,True,True,present,present,0.37997740507125854,0.4007733166217804,False,False
leffa,05961_00,shoulder,True,True,present,present,0.4510301351547241,0.5742058753967285,False,False
leffa,05961_00,logo,False,False,absent,absent,,,False,False
leffa,06192_00,collar,True,False,present,uncertain,0.35011816024780273,,True,False
leffa,06192_00,lapel,False,False,absent,absent,,,False,False
leffa,06192_00,cuff,True,True,present,present,0.2624601125717163,0.24441030621528625,False,False
leffa,06192_00,button hole,False,False,absent,absent,,,False,False
leffa,06192_00,button,False,False,absent,absent,,,False,False
leffa,06192_00,pocket,False,False,absent,absent,,,False,False
leffa,06192_00,zipper,False,False,absent,absent,,,False,False
leffa,06192_00,sleeve,True,True,present,present,0.32088175415992737,0.36750099062919617,False,False
leffa,06192_00,shoulder,True,True,present,present,0.3338504433631897,0.3221590518951416,False,False
leffa,06192_00,logo,False,False,absent,absent,,,False,False
leffa,06730_00,collar,True,True,present,present,0.21970055997371674,0.21970055997371674,False,False
leffa,06730_00,lapel,False,False,absent,absent,,,False,False
leffa,06730_00,cuff,True,True,present,present,0.30056220293045044,0.3627016544342041,False,False
leffa,06730_00,button hole,False,False,absent,absent,,,False,False
leffa,06730_00,button,False,False,absent,absent,,,False,False
leffa,06730_00,pocket,False,False,absent,absent,,,False,False
leffa,06730_00,zipper,False,False,absent,absent,,,False,False
leffa,06730_00,sleeve,True,True,present,present,0.2931446433067322,0.27676844596862793,False,False
leffa,06730_00,shoulder,True,True,present,present,0.2510179281234741,0.28596025705337524,False,False
leffa,06730_00,logo,False,False,absent,absent,,,False,False
leffa,06753_00,collar,False,True,uncertain,present,,,False,False
leffa,06753_00,lapel,False,False,absent,absent,,,False,False
leffa,06753_00,cuff,False,False,absent,absent,,,False,False
leffa,06753_00,button hole,False,False,absent,absent,,,False,False
leffa,06753_00,button,False,False,absent,absent,,,False,False
leffa,06753_00,pocket,False,False,absent,absent,,,False,False
leffa,06753_00,zipper,False,False,absent,absent,,,False,False
leffa,06753_00,sleeve,True,True,present,present,0.3859630525112152,0.3859630823135376,False,False
leffa,06753_00,shoulder,True,True,present,present,0.3150818943977356,0.3150818943977356,False,False
leffa,06753_00,logo,False,False,absent,absent,,,False,False
leffa,06939_00,collar,True,True,present,present,0.3110477924346924,0.25906646251678467,False,False
leffa,06939_00,lapel,False,False,absent,absent,,,False,False
leffa,06939_00,cuff,False,False,absent,absent,,,False,False
leffa,06939_00,button hole,False,False,absent,absent,,,False,False
leffa,06939_00,button,False,False,absent,absent,,,False,False
leffa,06939_00,pocket,False,False,absent,absent,,,False,False
leffa,06939_00,zipper,False,False,absent,absent,,,False,False
leffa,06939_00,sleeve,True,True,present,present,0.2188355028629303,0.18079182505607605,False,False
leffa,06939_00,shoulder,True,True,present,present,0.23693682253360748,0.23693685233592987,False,False
leffa,06939_00,logo,True,False,present,uncertain,0.22693012654781342,,True,False
leffa,06978_00,collar,False,False,absent,absent,,,False,False
leffa,06978_00,lapel,False,False,absent,absent,,,False,False
leffa,06978_00,cuff,False,False,absent,absent,,,False,False
leffa,06978_00,button hole,False,False,absent,absent,,,False,False
leffa,06978_00,button,False,False,absent,absent,,,False,False
leffa,06978_00,pocket,False,False,absent,absent,,,False,False
leffa,06978_00,zipper,False,False,absent,absent,,,False,False
leffa,06978_00,sleeve,True,True,present,present,0.3625926673412323,0.3625926673412323,False,False
leffa,06978_00,shoulder,True,True,present,present,0.3164098262786865,0.31422290205955505,False,False
leffa,06978_00,logo,False,False,absent,absent,,,False,False
leffa,07150_00,collar,True,True,present,present,0.16863512992858887,0.28251999616622925,False,False
leffa,07150_00,lapel,False,False,absent,absent,,,False,False
leffa,07150_00,cuff,False,False,absent,absent,,,False,False
leffa,07150_00,button hole,False,False,absent,absent,,,False,False
leffa,07150_00,button,False,False,absent,absent,,,False,False
leffa,07150_00,pocket,False,False,absent,absent,,,False,False
leffa,07150_00,zipper,False,False,absent,absent,,,False,False
leffa,07150_00,sleeve,True,True,present,present,0.15556693077087402,0.15556693077087402,False,False
leffa,07150_00,shoulder,True,True,present,present,0.14470741152763367,0.2473784238100052,False,False
leffa,07150_00,logo,False,False,uncertain,uncertain,,,False,False
leffa,07212_00,collar,False,False,absent,absent,,,False,False
leffa,07212_00,lapel,False,False,absent,absent,,,False,False
leffa,07212_00,cuff,True,True,present,present,0.14080235362052917,0.19166722893714905,False,False
leffa,07212_00,button hole,False,False,absent,absent,,,False,False
leffa,07212_00,button,True,True,present,present,0.41606542468070984,0.397484689950943,False,False
leffa,07212_00,pocket,False,False,absent,absent,,,False,False
leffa,07212_00,zipper,False,False,absent,absent,,,False,False
leffa,07212_00,sleeve,True,True,present,present,0.34233081340789795,0.40962859988212585,False,False
leffa,07212_00,shoulder,True,True,present,present,0.3401600420475006,0.3401600122451782,False,False
leffa,07212_00,logo,False,True,uncertain,present,,,False,False
leffa,07396_00,collar,False,False,absent,absent,,,False,False
leffa,07396_00,lapel,False,False,absent,absent,,,False,False
leffa,07396_00,cuff,False,False,uncertain,absent,,,False,False
leffa,07396_00,button hole,False,False,absent,absent,,,False,False
leffa,07396_00,button,False,False,absent,absent,,,False,False
leffa,07396_00,pocket,False,False,absent,absent,,,False,False
leffa,07396_00,zipper,False,False,absent,absent,,,False,False
leffa,07396_00,sleeve,True,True,present,present,0.3687247335910797,0.37207522988319397,False,False
leffa,07396_00,shoulder,True,True,present,present,0.3987213671207428,0.3987213671207428,False,False
leffa,07396_00,logo,False,False,absent,absent,,,False,False
leffa,07573_00,collar,False,False,absent,absent,,,False,False
leffa,07573_00,lapel,False,False,absent,absent,,,False,False
leffa,07573_00,cuff,False,False,absent,absent,,,False,False
leffa,07573_00,button hole,False,False,absent,absent,,,False,False
leffa,07573_00,button,False,False,absent,absent,,,False,False
leffa,07573_00,pocket,False,False,absent,absent,,,False,False
leffa,07573_00,zipper,False,False,absent,absent,,,False,False
leffa,07573_00,sleeve,True,True,present,present,0.2779994308948517,0.2886490523815155,False,False
leffa,07573_00,shoulder,True,True,present,present,0.37254971265792847,0.37254971265792847,False,False
leffa,07573_00,logo,False,False,absent,absent,,,False,False
leffa,07599_00,collar,True,True,present,present,0.6205765604972839,0.6205765604972839,False,False
leffa,07599_00,lapel,False,False,absent,absent,,,False,False
leffa,07599_00,cuff,False,False,absent,absent,,,False,False
leffa,07599_00,button hole,False,False,absent,absent,,,False,False
leffa,07599_00,button,False,False,absent,absent,,,False,False
leffa,07599_00,pocket,False,False,absent,absent,,,False,False
leffa,07599_00,zipper,False,False,absent,absent,,,False,False
leffa,07599_00,sleeve,False,False,absent,absent,,,False,False
leffa,07599_00,shoulder,True,True,present,present,0.5434972643852234,0.5586455464363098,False,False
leffa,07599_00,logo,False,False,absent,absent,,,False,False
leffa,07694_00,collar,True,False,present,present,0.30574706196784973,,True,False
leffa,07694_00,lapel,False,False,absent,absent,,,False,False
leffa,07694_00,cuff,False,False,absent,absent,,,False,False
leffa,07694_00,button hole,False,False,absent,absent,,,False,False
leffa,07694_00,button,False,False,absent,absent,,,False,False
leffa,07694_00,pocket,False,False,absent,absent,,,False,False
leffa,07694_00,zipper,False,False,absent,absent,,,False,False
leffa,07694_00,sleeve,True,True,present,present,0.30016666650772095,0.30016669631004333,False,False
leffa,07694_00,shoulder,True,True,present,present,0.2820904850959778,0.2820904850959778,False,False
leffa,07694_00,logo,True,False,present,absent,0.2681105136871338,,True,False
leffa,07707_00,collar,False,False,absent,absent,,,False,False
leffa,07707_00,lapel,False,False,absent,absent,,,False,False
leffa,07707_00,cuff,False,False,absent,absent,,,False,False
leffa,07707_00,button hole,False,False,absent,absent,,,False,False
leffa,07707_00,button,False,False,absent,absent,,,False,False
leffa,07707_00,pocket,False,False,absent,absent,,,False,False
leffa,07707_00,zipper,False,False,absent,absent,,,False,False
leffa,07707_00,sleeve,False,False,absent,absent,,,False,False
leffa,07707_00,shoulder,True,True,present,present,0.16857489943504333,0.16693155467510223,False,False
leffa,07707_00,logo,False,False,absent,absent,,,False,False
leffa,07825_00,collar,True,True,present,present,0.32746371626853943,0.32746371626853943,False,False
leffa,07825_00,lapel,False,False,absent,absent,,,False,False
leffa,07825_00,cuff,True,True,present,present,0.20246605575084686,0.22178292274475098,False,False
leffa,07825_00,button hole,False,False,absent,absent,,,False,False
leffa,07825_00,button,False,False,absent,absent,,,False,False
leffa,07825_00,pocket,False,False,absent,absent,,,False,False
leffa,07825_00,zipper,False,False,absent,absent,,,False,False
leffa,07825_00,sleeve,True,True,present,present,0.25552815198898315,0.25552815198898315,False,False
leffa,07825_00,shoulder,True,True,present,present,0.2758004069328308,0.26507246494293213,False,False
leffa,07825_00,logo,False,False,absent,absent,,,False,False
leffa,07847_00,collar,False,False,absent,absent,,,False,False
leffa,07847_00,lapel,False,False,absent,absent,,,False,False
leffa,07847_00,cuff,False,False,absent,absent,,,False,False
leffa,07847_00,button hole,False,False,absent,absent,,,False,False
leffa,07847_00,button,False,False,absent,absent,,,False,False
leffa,07847_00,pocket,False,False,absent,absent,,,False,False
leffa,07847_00,zipper,False,False,absent,absent,,,False,False
leffa,07847_00,sleeve,True,True,present,present,0.5308264493942261,0.5740275979042053,False,False
leffa,07847_00,shoulder,True,True,present,present,0.4449819028377533,0.4502162039279938,False,False
leffa,07847_00,logo,False,False,absent,absent,,,False,False
leffa,07884_00,collar,True,True,present,present,0.299547404050827,0.299547404050827,False,False
leffa,07884_00,lapel,False,False,absent,absent,,,False,False
leffa,07884_00,cuff,False,False,absent,absent,,,False,False
leffa,07884_00,button hole,False,False,absent,absent,,,False,False
leffa,07884_00,button,False,False,absent,absent,,,False,False
leffa,07884_00,pocket,False,False,absent,absent,,,False,False
leffa,07884_00,zipper,False,False,absent,absent,,,False,False
leffa,07884_00,sleeve,True,True,present,present,0.18953554332256317,0.1895354837179184,False,False
leffa,07884_00,shoulder,True,False,present,present,0.2151920199394226,,True,False
leffa,07884_00,logo,True,True,present,present,0.3759079575538635,0.39258429408073425,False,False
leffa,07965_00,collar,True,True,present,present,0.13049839437007904,0.14583854377269745,False,False
leffa,07965_00,lapel,False,False,absent,absent,,,False,False
leffa,07965_00,cuff,True,True,present,present,0.36126500368118286,0.5103219151496887,False,False
leffa,07965_00,button hole,False,False,absent,absent,,,False,False
leffa,07965_00,button,False,False,absent,absent,,,False,False
leffa,07965_00,pocket,False,False,absent,absent,,,False,False
leffa,07965_00,zipper,False,False,absent,absent,,,False,False
leffa,07965_00,sleeve,True,True,present,present,0.2078104466199875,0.2078104466199875,False,False
leffa,07965_00,shoulder,True,True,present,present,0.15518811345100403,0.14911577105522156,False,False
leffa,07965_00,logo,False,False,absent,absent,,,False,False
leffa,07966_00,collar,False,True,uncertain,present,,,False,False
leffa,07966_00,lapel,False,False,absent,absent,,,False,False
leffa,07966_00,cuff,False,True,uncertain,present,,,False,False
leffa,07966_00,button hole,False,False,absent,absent,,,False,False
leffa,07966_00,button,False,False,absent,absent,,,False,False
leffa,07966_00,pocket,False,False,absent,absent,,,False,False
leffa,07966_00,zipper,False,False,absent,absent,,,False,False
leffa,07966_00,sleeve,True,True,present,present,0.32479989528656006,0.33652085065841675,False,False
leffa,07966_00,shoulder,True,True,present,present,0.3237929046154022,0.3499849736690521,False,False
leffa,07966_00,logo,False,False,absent,absent,,,False,False
leffa,08102_00,collar,True,True,present,present,0.5193650126457214,0.5193650126457214,False,False
leffa,08102_00,lapel,False,False,absent,absent,,,False,False
leffa,08102_00,cuff,False,False,absent,absent,,,False,False
leffa,08102_00,button hole,False,False,absent,absent,,,False,False
leffa,08102_00,button,False,False,absent,absent,,,False,False
leffa,08102_00,pocket,False,False,absent,absent,,,False,False
leffa,08102_00,zipper,False,False,absent,absent,,,False,False
leffa,08102_00,sleeve,True,True,present,present,0.4717910587787628,0.6634640693664551,False,False
leffa,08102_00,shoulder,False,False,present,present,,,False,False
leffa,08102_00,logo,False,True,uncertain,present,,,False,False
leffa,08149_00,collar,False,False,absent,absent,,,False,False
leffa,08149_00,lapel,False,False,absent,absent,,,False,False
leffa,08149_00,cuff,True,False,present,uncertain,0.321469783782959,,True,False
leffa,08149_00,button hole,False,False,absent,absent,,,False,False
leffa,08149_00,button,False,False,absent,absent,,,False,False
leffa,08149_00,pocket,False,False,absent,absent,,,False,False
leffa,08149_00,zipper,False,False,absent,absent,,,False,False
leffa,08149_00,sleeve,True,True,present,present,0.3155551552772522,0.3339235782623291,False,False
leffa,08149_00,shoulder,True,True,present,present,0.27935293316841125,0.267745703458786,False,False
leffa,08149_00,logo,False,False,absent,absent,,,False,False
leffa,08158_00,collar,True,True,present,present,0.29089316725730896,0.29089316725730896,False,False
leffa,08158_00,lapel,False,False,absent,absent,,,False,False
leffa,08158_00,cuff,True,True,present,present,0.34606897830963135,0.34606897830963135,False,False
leffa,08158_00,button hole,False,False,absent,absent,,,False,False
leffa,08158_00,button,False,False,absent,absent,,,False,False
leffa,08158_00,pocket,False,False,absent,absent,,,False,False
leffa,08158_00,zipper,False,False,absent,absent,,,False,False
leffa,08158_00,sleeve,True,True,present,present,0.3419564962387085,0.3419564962387085,False,False
leffa,08158_00,shoulder,True,True,present,present,0.26231056451797485,0.28035491704940796,False,False
leffa,08158_00,logo,False,False,absent,absent,,,False,False
leffa,08232_00,collar,True,True,present,present,0.19002163410186768,0.16398556530475616,False,False
leffa,08232_00,lapel,False,False,absent,absent,,,False,False
leffa,08232_00,cuff,False,False,absent,absent,,,False,False
leffa,08232_00,button hole,False,False,absent,absent,,,False,False
leffa,08232_00,button,True,True,present,present,0.266874223947525,0.2711794078350067,False,False
leffa,08232_00,pocket,False,False,absent,absent,,,False,False
leffa,08232_00,zipper,False,False,absent,absent,,,False,False
leffa,08232_00,sleeve,True,True,present,present,0.3593689799308777,0.3593689799308777,False,False
leffa,08232_00,shoulder,True,True,present,present,0.23890577256679535,0.3097296357154846,False,False
leffa,08232_00,logo,False,False,absent,absent,,,False,False
leffa,08314_00,collar,False,False,absent,absent,,,False,False
leffa,08314_00,lapel,False,False,absent,absent,,,False,False
leffa,08314_00,cuff,False,False,absent,absent,,,False,False
leffa,08314_00,button hole,False,False,absent,absent,,,False,False
leffa,08314_00,button,False,False,absent,absent,,,False,False
leffa,08314_00,pocket,False,False,absent,absent,,,False,False
leffa,08314_00,zipper,False,False,absent,absent,,,False,False
leffa,08314_00,sleeve,True,True,present,present,0.2416360229253769,0.2416360229253769,False,False
leffa,08314_00,shoulder,True,True,present,present,0.40282711386680603,0.42953696846961975,False,False
leffa,08314_00,logo,False,False,absent,absent,,,False,False
leffa,08316_00,collar,True,False,present,absent,0.4146239161491394,,True,False
leffa,08316_00,lapel,False,False,absent,absent,,,False,False
leffa,08316_00,cuff,False,False,absent,absent,,,False,False
leffa,08316_00,button hole,False,False,absent,absent,,,False,False
leffa,08316_00,button,True,True,present,present,0.24883723258972168,0.24883724749088287,False,False
leffa,08316_00,pocket,False,False,absent,absent,,,False,False
leffa,08316_00,zipper,False,False,absent,absent,,,False,False
leffa,08316_00,sleeve,True,True,present,present,0.16858848929405212,0.39356687664985657,False,False
leffa,08316_00,shoulder,True,True,present,present,0.16773903369903564,0.22976776957511902,False,False
leffa,08316_00,logo,False,False,absent,absent,,,False,False
leffa,08650_00,collar,False,False,absent,absent,,,False,False
leffa,08650_00,lapel,False,False,absent,absent,,,False,False
leffa,08650_00,cuff,False,False,absent,absent,,,False,False
leffa,08650_00,button hole,False,False,absent,absent,,,False,False
leffa,08650_00,button,False,False,absent,absent,,,False,False
leffa,08650_00,pocket,False,False,absent,absent,,,False,False
leffa,08650_00,zipper,False,False,absent,absent,,,False,False
leffa,08650_00,sleeve,False,False,uncertain,absent,,,False,False
leffa,08650_00,shoulder,True,True,present,present,0.41922008991241455,0.41922008991241455,False,False
leffa,08650_00,logo,False,False,absent,absent,,,False,False
leffa,09067_00,collar,False,False,absent,absent,,,False,False
leffa,09067_00,lapel,False,False,absent,absent,,,False,False
leffa,09067_00,cuff,True,True,present,present,0.19246436655521393,0.19236266613006592,False,False
leffa,09067_00,button hole,False,False,absent,absent,,,False,False
leffa,09067_00,button,True,True,present,present,0.3432011902332306,0.31360048055648804,False,False
leffa,09067_00,pocket,False,False,absent,absent,,,False,False
leffa,09067_00,zipper,False,False,absent,absent,,,False,False
leffa,09067_00,sleeve,True,True,present,present,0.28064537048339844,0.28064537048339844,False,False
leffa,09067_00,shoulder,True,True,present,present,0.29206207394599915,0.28997769951820374,False,False
leffa,09067_00,logo,False,False,absent,absent,,,False,False
leffa,09215_00,collar,True,False,present,present,0.14071640372276306,,True,False
leffa,09215_00,lapel,False,False,absent,absent,,,False,False
leffa,09215_00,cuff,False,False,absent,absent,,,False,False
leffa,09215_00,button hole,False,False,absent,absent,,,False,False
leffa,09215_00,button,False,False,absent,absent,,,False,False
leffa,09215_00,pocket,False,False,absent,absent,,,False,False
leffa,09215_00,zipper,False,False,absent,absent,,,False,False
leffa,09215_00,sleeve,True,True,present,present,0.14337342977523804,0.14337339997291565,False,False
leffa,09215_00,shoulder,True,True,present,present,0.14895747601985931,0.19885222613811493,False,False
leffa,09215_00,logo,False,False,absent,absent,,,False,False
leffa,09412_00,collar,False,False,present,present,,,False,False
leffa,09412_00,lapel,False,False,absent,absent,,,False,False
leffa,09412_00,cuff,False,False,absent,absent,,,False,False
leffa,09412_00,button hole,False,False,absent,absent,,,False,False
leffa,09412_00,button,False,False,absent,absent,,,False,False
leffa,09412_00,pocket,False,False,absent,absent,,,False,False
leffa,09412_00,zipper,False,False,absent,absent,,,False,False
leffa,09412_00,sleeve,True,True,present,present,0.23013728857040405,0.27851733565330505,False,False
leffa,09412_00,shoulder,True,True,present,present,0.391472190618515,0.41305989027023315,False,False
leffa,09412_00,logo,False,False,absent,absent,,,False,False
leffa,09487_00,collar,True,True,present,present,0.2615292966365814,0.2615292966365814,False,False
leffa,09487_00,lapel,False,False,absent,absent,,,False,False
leffa,09487_00,cuff,True,True,present,present,0.35136309266090393,0.35136309266090393,False,False
leffa,09487_00,button hole,False,False,absent,absent,,,False,False
leffa,09487_00,button,False,False,absent,absent,,,False,False
leffa,09487_00,pocket,False,False,absent,absent,,,False,False
leffa,09487_00,zipper,False,False,absent,absent,,,False,False
leffa,09487_00,sleeve,True,True,present,present,0.4196004867553711,0.40290752053260803,False,False
leffa,09487_00,shoulder,True,True,present,present,0.2963572144508362,0.2963572144508362,False,False
leffa,09487_00,logo,False,False,absent,absent,,,False,False
leffa,09751_00,collar,True,True,present,present,0.3552764654159546,0.3552764654159546,False,False
leffa,09751_00,lapel,False,False,absent,absent,,,False,False
leffa,09751_00,cuff,False,False,absent,absent,,,False,False
leffa,09751_00,button hole,False,False,absent,absent,,,False,False
leffa,09751_00,button,False,False,absent,absent,,,False,False
leffa,09751_00,pocket,True,True,present,present,0.41604816913604736,0.42759236693382263,False,False
leffa,09751_00,zipper,False,False,absent,absent,,,False,False
leffa,09751_00,sleeve,False,False,absent,absent,,,False,False
leffa,09751_00,shoulder,True,True,present,present,0.38003242015838623,0.45048967003822327,False,False
leffa,09751_00,logo,False,False,absent,absent,,,False,False
leffa,09845_00,collar,False,False,absent,absent,,,False,False
leffa,09845_00,lapel,False,False,absent,absent,,,False,False
leffa,09845_00,cuff,False,False,absent,absent,,,False,False
leffa,09845_00,button hole,False,False,absent,absent,,,False,False
leffa,09845_00,button,False,False,absent,absent,,,False,False
leffa,09845_00,pocket,False,False,absent,absent,,,False,False
leffa,09845_00,zipper,False,False,absent,absent,,,False,False
leffa,09845_00,sleeve,False,False,absent,absent,,,False,False
leffa,09845_00,shoulder,True,True,present,present,0.3350580930709839,0.3350580930709839,False,False
leffa,09845_00,logo,False,False,absent,absent,,,False,False
leffa,09912_00,collar,False,False,absent,absent,,,False,False
leffa,09912_00,lapel,False,False,absent,absent,,,False,False
leffa,09912_00,cuff,False,False,absent,uncertain,,,False,False
leffa,09912_00,button hole,False,False,absent,absent,,,False,False
leffa,09912_00,button,False,False,absent,absent,,,False,False
leffa,09912_00,pocket,False,False,absent,absent,,,False,False
leffa,09912_00,zipper,False,False,absent,absent,,,False,False
leffa,09912_00,sleeve,True,True,present,present,0.3847218453884125,0.43659090995788574,False,False
leffa,09912_00,shoulder,True,True,present,present,0.3911322057247162,0.41092804074287415,False,False
leffa,09912_00,logo,False,False,absent,absent,,,False,False
leffa,09940_00,collar,False,False,absent,absent,,,False,False
leffa,09940_00,lapel,False,False,absent,absent,,,False,False
leffa,09940_00,cuff,False,False,absent,absent,,,False,False
leffa,09940_00,button hole,False,False,absent,absent,,,False,False
leffa,09940_00,button,False,False,absent,absent,,,False,False
leffa,09940_00,pocket,False,False,absent,absent,,,False,False
leffa,09940_00,zipper,False,False,absent,absent,,,False,False
leffa,09940_00,sleeve,False,False,uncertain,absent,,,False,False
leffa,09940_00,shoulder,True,True,present,present,0.26716116070747375,0.31939414143562317,False,False
leffa,09940_00,logo,False,False,absent,absent,,,False,False
leffa,09949_00,collar,False,False,absent,absent,,,False,False
leffa,09949_00,lapel,False,False,absent,absent,,,False,False
leffa,09949_00,cuff,False,False,absent,absent,,,False,False
leffa,09949_00,button hole,False,False,absent,absent,,,False,False
leffa,09949_00,button,False,False,absent,absent,,,False,False
leffa,09949_00,pocket,False,False,absent,absent,,,False,False
leffa,09949_00,zipper,False,False,absent,absent,,,False,False
leffa,09949_00,sleeve,True,True,present,present,0.3235608637332916,0.3235608637332916,False,False
leffa,09949_00,shoulder,True,True,present,present,0.3895809054374695,0.3895809054374695,False,False
leffa,09949_00,logo,False,False,absent,absent,,,False,False
leffa,10265_00,collar,False,False,absent,absent,,,False,False
leffa,10265_00,lapel,False,False,absent,absent,,,False,False
leffa,10265_00,cuff,False,False,absent,absent,,,False,False
leffa,10265_00,button hole,False,False,absent,absent,,,False,False
leffa,10265_00,button,False,False,absent,absent,,,False,False
leffa,10265_00,pocket,False,False,absent,absent,,,False,False
leffa,10265_00,zipper,False,False,absent,absent,,,False,False
leffa,10265_00,sleeve,False,True,present,present,,,False,False
leffa,10265_00,shoulder,True,True,present,present,0.5777684450149536,0.6165141463279724,False,False
leffa,10265_00,logo,False,False,absent,absent,,,False,False
leffa,10352_00,collar,True,True,present,present,0.4040389358997345,0.3604535758495331,False,False
leffa,10352_00,lapel,False,False,absent,absent,,,False,False
leffa,10352_00,cuff,False,False,absent,absent,,,False,False
leffa,10352_00,button hole,False,False,absent,absent,,,False,False
leffa,10352_00,button,False,False,absent,absent,,,False,False
leffa,10352_00,pocket,False,False,absent,absent,,,False,False
leffa,10352_00,zipper,False,False,absent,absent,,,False,False
leffa,10352_00,sleeve,True,True,present,present,0.3763146996498108,0.3740934431552887,False,False
leffa,10352_00,shoulder,True,True,present,present,0.39080971479415894,0.42312490940093994,False,False
leffa,10352_00,logo,False,False,absent,absent,,,False,False
leffa,10428_00,collar,False,False,absent,absent,,,False,False
leffa,10428_00,lapel,False,False,absent,absent,,,False,False
leffa,10428_00,cuff,False,False,uncertain,absent,,,False,False
leffa,10428_00,button hole,False,False,absent,absent,,,False,False
leffa,10428_00,button,False,False,absent,absent,,,False,False
leffa,10428_00,pocket,False,False,absent,absent,,,False,False
leffa,10428_00,zipper,False,False,absent,absent,,,False,False
leffa,10428_00,sleeve,True,True,present,present,0.31934577226638794,0.41876649856567383,False,False
leffa,10428_00,shoulder,True,True,present,present,0.2055918425321579,0.22665780782699585,False,False
leffa,10428_00,logo,False,False,absent,absent,,,False,False
leffa,10495_00,collar,False,False,absent,absent,,,False,False
leffa,10495_00,lapel,False,False,absent,absent,,,False,False
leffa,10495_00,cuff,False,False,absent,absent,,,False,False
leffa,10495_00,button hole,False,False,absent,absent,,,False,False
leffa,10495_00,button,False,False,absent,absent,,,False,False
leffa,10495_00,pocket,False,False,absent,absent,,,False,False
leffa,10495_00,zipper,False,False,absent,absent,,,False,False
leffa,10495_00,sleeve,False,False,absent,absent,,,False,False
leffa,10495_00,shoulder,True,True,present,present,0.41376060247421265,0.5117313265800476,False,False
leffa,10495_00,logo,False,False,absent,absent,,,False,False
leffa,10657_00,collar,False,False,absent,absent,,,False,False
leffa,10657_00,lapel,False,False,absent,absent,,,False,False
leffa,10657_00,cuff,True,True,present,present,0.3411186635494232,0.43578508496284485,False,False
leffa,10657_00,button hole,False,False,absent,absent,,,False,False
leffa,10657_00,button,False,False,absent,absent,,,False,False
leffa,10657_00,pocket,False,False,absent,absent,,,False,False
leffa,10657_00,zipper,False,False,absent,absent,,,False,False
leffa,10657_00,sleeve,True,True,present,present,0.31667137145996094,0.3114372491836548,False,False
leffa,10657_00,shoulder,True,True,present,present,0.3836589753627777,0.3661574721336365,False,False
leffa,10657_00,logo,False,False,absent,absent,,,False,False
leffa,10680_00,collar,False,False,uncertain,present,,,False,False
leffa,10680_00,lapel,False,False,absent,absent,,,False,False
leffa,10680_00,cuff,True,True,present,present,0.5803682208061218,0.6647420525550842,False,False
leffa,10680_00,button hole,False,False,absent,absent,,,False,False
leffa,10680_00,button,False,False,absent,absent,,,False,False
leffa,10680_00,pocket,False,False,absent,absent,,,False,False
leffa,10680_00,zipper,False,False,absent,absent,,,False,False
leffa,10680_00,sleeve,True,True,present,present,0.5431481599807739,0.4651758074760437,False,False
leffa,10680_00,shoulder,True,True,present,present,0.48135116696357727,0.48135116696357727,False,False
leffa,10680_00,logo,False,False,absent,absent,,,False,False
leffa,10731_00,collar,True,False,present,absent,0.2716393768787384,,True,False
leffa,10731_00,lapel,False,False,absent,absent,,,False,False
leffa,10731_00,cuff,False,False,absent,uncertain,,,False,False
leffa,10731_00,button hole,False,False,absent,absent,,,False,False
leffa,10731_00,button,False,False,absent,absent,,,False,False
leffa,10731_00,pocket,False,False,absent,absent,,,False,False
leffa,10731_00,zipper,False,False,absent,absent,,,False,False
leffa,10731_00,sleeve,True,True,present,present,0.347079336643219,0.4104008972644806,False,False
leffa,10731_00,shoulder,True,True,present,present,0.28556302189826965,0.2598809003829956,False,False
leffa,10731_00,logo,False,False,absent,absent,,,False,False
leffa,10843_00,collar,False,False,absent,absent,,,False,False
leffa,10843_00,lapel,False,False,absent,absent,,,False,False
leffa,10843_00,cuff,False,False,absent,absent,,,False,False
leffa,10843_00,button hole,False,False,absent,absent,,,False,False
leffa,10843_00,button,False,False,absent,absent,,,False,False
leffa,10843_00,pocket,False,False,absent,absent,,,False,False
leffa,10843_00,zipper,False,False,absent,absent,,,False,False
leffa,10843_00,sleeve,True,True,present,present,0.2488657832145691,0.2488657832145691,False,False
leffa,10843_00,shoulder,True,True,present,present,0.2706269323825836,0.32761067152023315,False,False
leffa,10843_00,logo,False,False,absent,absent,,,False,False
leffa,11001_00,collar,False,False,absent,absent,,,False,False
leffa,11001_00,lapel,False,False,absent,absent,,,False,False
leffa,11001_00,cuff,False,False,absent,absent,,,False,False
leffa,11001_00,button hole,False,False,absent,absent,,,False,False
leffa,11001_00,button,False,False,absent,absent,,,False,False
leffa,11001_00,pocket,False,False,absent,absent,,,False,False
leffa,11001_00,zipper,False,False,absent,absent,,,False,False
leffa,11001_00,sleeve,True,True,present,present,0.2880973517894745,0.2880973517894745,False,False
leffa,11001_00,shoulder,True,True,present,present,0.2761157155036926,0.2761157155036926,False,False
leffa,11001_00,logo,False,False,absent,absent,,,False,False
leffa,11054_00,collar,True,False,present,absent,0.6098912358283997,,True,False
leffa,11054_00,lapel,False,False,absent,absent,,,False,False
leffa,11054_00,cuff,True,False,present,absent,0.7846567034721375,,True,False
leffa,11054_00,button hole,False,False,absent,absent,,,False,False
leffa,11054_00,button,False,False,absent,absent,,,False,False
leffa,11054_00,pocket,False,False,absent,absent,,,False,False
leffa,11054_00,zipper,False,False,absent,absent,,,False,False
leffa,11054_00,sleeve,True,True,present,present,0.844965934753418,0.7258085012435913,False,False
leffa,11054_00,shoulder,True,True,present,present,0.5461276173591614,0.6676689386367798,False,False
leffa,11054_00,logo,False,False,absent,absent,,,False,False
leffa,11206_00,collar,False,False,absent,absent,,,False,False
leffa,11206_00,lapel,False,False,absent,absent,,,False,False
leffa,11206_00,cuff,False,False,absent,absent,,,False,False
leffa,11206_00,button hole,False,False,absent,absent,,,False,False
leffa,11206_00,button,False,False,absent,absent,,,False,False
leffa,11206_00,pocket,False,False,absent,absent,,,False,False
leffa,11206_00,zipper,False,False,absent,absent,,,False,False
leffa,11206_00,sleeve,True,True,present,present,0.19915935397148132,0.4192374348640442,False,False
leffa,11206_00,shoulder,True,True,present,present,0.1904410719871521,0.1904410719871521,False,False
leffa,11206_00,logo,False,False,absent,absent,,,False,False
leffa,11372_00,collar,False,False,absent,absent,,,False,False
leffa,11372_00,lapel,False,False,absent,absent,,,False,False
leffa,11372_00,cuff,False,False,absent,absent,,,False,False
leffa,11372_00,button hole,False,False,absent,absent,,,False,False
leffa,11372_00,button,False,False,absent,absent,,,False,False
leffa,11372_00,pocket,False,False,absent,absent,,,False,False
leffa,11372_00,zipper,False,False,absent,absent,,,False,False
leffa,11372_00,sleeve,True,True,present,present,0.12577538192272186,0.12577538192272186,False,False
leffa,11372_00,shoulder,True,True,present,present,0.2687959671020508,0.26737087965011597,False,False
leffa,11372_00,logo,False,False,absent,absent,,,False,False
leffa,11438_00,collar,False,False,absent,absent,,,False,False
leffa,11438_00,lapel,False,False,absent,absent,,,False,False
leffa,11438_00,cuff,False,False,uncertain,absent,,,False,False
leffa,11438_00,button hole,False,False,absent,absent,,,False,False
leffa,11438_00,button,False,False,absent,absent,,,False,False
leffa,11438_00,pocket,False,False,absent,absent,,,False,False
leffa,11438_00,zipper,False,False,absent,absent,,,False,False
leffa,11438_00,sleeve,True,True,present,present,0.2221394032239914,0.23796258866786957,False,False
leffa,11438_00,shoulder,True,True,present,present,0.29269132018089294,0.29269132018089294,False,False
leffa,11438_00,logo,False,False,absent,absent,,,False,False
leffa,11556_00,collar,False,False,absent,absent,,,False,False
leffa,11556_00,lapel,False,False,absent,absent,,,False,False
leffa,11556_00,cuff,True,True,present,present,0.32763683795928955,0.5149262547492981,False,False
leffa,11556_00,button hole,False,False,absent,absent,,,False,False
leffa,11556_00,button,False,False,absent,absent,,,False,False
leffa,11556_00,pocket,False,False,absent,absent,,,False,False
leffa,11556_00,zipper,False,False,absent,absent,,,False,False
leffa,11556_00,sleeve,True,True,present,present,0.3790016770362854,0.7156446576118469,False,False
leffa,11556_00,shoulder,True,True,present,present,0.3093682527542114,0.26172780990600586,False,False
leffa,11556_00,logo,False,False,absent,absent,,,False,False
leffa,11600_00,collar,True,False,present,absent,0.238593190908432,,True,False
leffa,11600_00,lapel,False,False,absent,absent,,,False,False
leffa,11600_00,cuff,False,False,absent,absent,,,False,False
leffa,11600_00,button hole,False,False,absent,absent,,,False,False
leffa,11600_00,button,False,False,absent,absent,,,False,False
leffa,11600_00,pocket,False,False,absent,absent,,,False,False
leffa,11600_00,zipper,False,False,absent,absent,,,False,False
leffa,11600_00,sleeve,False,False,absent,absent,,,False,False
leffa,11600_00,shoulder,True,True,present,present,0.251324325799942,0.25132426619529724,False,False
leffa,11600_00,logo,False,False,absent,absent,,,False,False
leffa,11709_00,collar,True,False,present,present,0.7404794096946716,,True,False
leffa,11709_00,lapel,False,False,absent,absent,,,False,False
leffa,11709_00,cuff,False,False,absent,uncertain,,,False,False
leffa,11709_00,button hole,False,False,absent,absent,,,False,False
leffa,11709_00,button,False,False,absent,absent,,,False,False
leffa,11709_00,pocket,False,False,absent,absent,,,False,False
leffa,11709_00,zipper,False,False,absent,absent,,,False,False
leffa,11709_00,sleeve,True,True,present,present,0.5441155433654785,0.5381109714508057,False,False
leffa,11709_00,shoulder,True,True,present,present,0.6996626853942871,0.8370576500892639,False,False
leffa,11709_00,logo,False,False,absent,absent,,,False,False
leffa,11766_00,collar,True,True,present,present,0.2503952383995056,0.2440885603427887,False,False
leffa,11766_00,lapel,False,False,absent,absent,,,False,False
leffa,11766_00,cuff,False,False,absent,absent,,,False,False
leffa,11766_00,button hole,False,False,absent,absent,,,False,False
leffa,11766_00,button,False,False,absent,absent,,,False,False
leffa,11766_00,pocket,False,False,absent,absent,,,False,False
leffa,11766_00,zipper,False,False,absent,absent,,,False,False
leffa,11766_00,sleeve,True,True,present,present,0.2042529284954071,0.2042529284954071,False,False
leffa,11766_00,shoulder,True,True,present,present,0.21298296749591827,0.21298296749591827,False,False
leffa,11766_00,logo,False,False,absent,absent,,,False,False
leffa,11799_00,collar,True,True,present,present,0.3059532940387726,0.31158310174942017,False,False
leffa,11799_00,lapel,False,False,absent,absent,,,False,False
leffa,11799_00,cuff,False,False,absent,absent,,,False,False
leffa,11799_00,button hole,False,False,absent,absent,,,False,False
leffa,11799_00,button,False,False,absent,absent,,,False,False
leffa,11799_00,pocket,False,False,absent,absent,,,False,False
leffa,11799_00,zipper,False,False,absent,absent,,,False,False
leffa,11799_00,sleeve,True,True,present,present,0.40969616174697876,0.43030714988708496,False,False
leffa,11799_00,shoulder,True,True,present,present,0.3162613809108734,0.3162613809108734,False,False
leffa,11799_00,logo,False,False,absent,absent,,,False,False
leffa,11892_00,collar,False,False,absent,absent,,,False,False
leffa,11892_00,lapel,False,False,absent,absent,,,False,False
leffa,11892_00,cuff,False,False,absent,absent,,,False,False
leffa,11892_00,button hole,False,False,absent,absent,,,False,False
leffa,11892_00,button,False,False,absent,absent,,,False,False
leffa,11892_00,pocket,False,False,absent,absent,,,False,False
leffa,11892_00,zipper,False,False,absent,absent,,,False,False
leffa,11892_00,sleeve,False,False,absent,absent,,,False,False
leffa,11892_00,shoulder,True,True,present,present,0.4525448679924011,0.4525448679924011,False,False
leffa,11892_00,logo,False,False,absent,absent,,,False,False
leffa,11913_00,collar,False,False,absent,absent,,,False,False
leffa,11913_00,lapel,False,False,absent,absent,,,False,False
leffa,11913_00,cuff,False,False,absent,absent,,,False,False
leffa,11913_00,button hole,False,False,absent,absent,,,False,False
leffa,11913_00,button,False,False,absent,absent,,,False,False
leffa,11913_00,pocket,False,False,absent,absent,,,False,False
leffa,11913_00,zipper,False,False,absent,absent,,,False,False
leffa,11913_00,sleeve,False,False,absent,absent,,,False,False
leffa,11913_00,shoulder,True,True,present,present,0.293703556060791,0.3097154498100281,False,False
leffa,11913_00,logo,False,False,absent,absent,,,False,False
leffa,11985_00,collar,False,False,absent,absent,,,False,False
leffa,11985_00,lapel,False,False,absent,absent,,,False,False
leffa,11985_00,cuff,False,False,absent,absent,,,False,False
leffa,11985_00,button hole,False,False,absent,absent,,,False,False
leffa,11985_00,button,False,False,absent,absent,,,False,False
leffa,11985_00,pocket,False,False,absent,absent,,,False,False
leffa,11985_00,zipper,False,False,absent,absent,,,False,False
leffa,11985_00,sleeve,True,True,present,present,0.44684770703315735,0.5330302715301514,False,False
leffa,11985_00,shoulder,True,True,present,present,0.6469469666481018,0.583473801612854,False,False
leffa,11985_00,logo,False,False,absent,absent,,,False,False
leffa,11993_00,collar,True,True,present,present,0.37800538539886475,0.3814834952354431,False,False
leffa,11993_00,lapel,False,False,absent,absent,,,False,False
leffa,11993_00,cuff,True,True,present,present,0.23869572579860687,0.22219225764274597,False,False
leffa,11993_00,button hole,False,False,absent,absent,,,False,False
leffa,11993_00,button,False,False,absent,absent,,,False,False
leffa,11993_00,pocket,False,False,absent,absent,,,False,False
leffa,11993_00,zipper,False,False,absent,absent,,,False,False
leffa,11993_00,sleeve,True,True,present,present,0.23441214859485626,0.23588556051254272,False,False
leffa,11993_00,shoulder,True,True,present,present,0.24552126228809357,0.2884647846221924,False,False
leffa,11993_00,logo,False,False,absent,absent,,,False,False
leffa,11994_00,collar,True,True,present,present,0.3922712802886963,0.36678677797317505,False,False
leffa,11994_00,lapel,False,False,absent,absent,,,False,False
leffa,11994_00,cuff,False,False,uncertain,absent,,,False,False
leffa,11994_00,button hole,False,False,absent,absent,,,False,False
leffa,11994_00,button,True,False,present,uncertain,0.44697001576423645,,True,False
leffa,11994_00,pocket,False,False,absent,absent,,,False,False
leffa,11994_00,zipper,False,False,absent,absent,,,False,False
leffa,11994_00,sleeve,True,True,present,present,0.38904958963394165,0.3895759582519531,False,False
leffa,11994_00,shoulder,True,True,present,present,0.3191865384578705,0.29376184940338135,False,False
leffa,11994_00,logo,False,False,absent,absent,,,False,False
leffa,12362_00,collar,False,False,uncertain,uncertain,,,False,False
leffa,12362_00,lapel,False,False,absent,absent,,,False,False
leffa,12362_00,cuff,False,True,absent,present,,,False,True
leffa,12362_00,button hole,False,False,absent,absent,,,False,False
leffa,12362_00,button,False,False,absent,absent,,,False,False
leffa,12362_00,pocket,False,False,absent,absent,,,False,False
leffa,12362_00,zipper,False,False,absent,absent,,,False,False
leffa,12362_00,sleeve,True,True,present,present,0.16091501712799072,0.16091510653495789,False,False
leffa,12362_00,shoulder,True,True,present,present,0.14257556200027466,0.1633511483669281,False,False
leffa,12362_00,logo,True,True,present,present,0.17522194981575012,0.17522196471691132,False,False
leffa,12365_00,collar,False,False,absent,absent,,,False,False
leffa,12365_00,lapel,False,False,absent,absent,,,False,False
leffa,12365_00,cuff,False,False,absent,absent,,,False,False
leffa,12365_00,button hole,False,False,absent,absent,,,False,False
leffa,12365_00,button,False,False,absent,absent,,,False,False
leffa,12365_00,pocket,False,False,absent,absent,,,False,False
leffa,12365_00,zipper,False,False,absent,absent,,,False,False
leffa,12365_00,sleeve,False,False,absent,absent,,,False,False
leffa,12365_00,shoulder,True,True,present,present,0.21856099367141724,0.21856099367141724,False,False
leffa,12365_00,logo,False,False,absent,absent,,,False,False
leffa,12419_00,collar,False,False,absent,absent,,,False,False
leffa,12419_00,lapel,False,False,absent,absent,,,False,False
leffa,12419_00,cuff,False,False,absent,absent,,,False,False
leffa,12419_00,button hole,False,False,absent,absent,,,False,False
leffa,12419_00,button,False,False,absent,absent,,,False,False
leffa,12419_00,pocket,False,False,absent,absent,,,False,False
leffa,12419_00,zipper,False,False,absent,absent,,,False,False
leffa,12419_00,sleeve,False,False,absent,absent,,,False,False
leffa,12419_00,shoulder,True,True,present,present,0.18551771342754364,0.18551771342754364,False,False
leffa,12419_00,logo,False,False,absent,absent,,,False,False
leffa,12541_00,collar,False,False,absent,absent,,,False,False
leffa,12541_00,lapel,False,False,absent,absent,,,False,False
leffa,12541_00,cuff,False,False,absent,absent,,,False,False
leffa,12541_00,button hole,False,False,absent,absent,,,False,False
leffa,12541_00,button,False,False,absent,absent,,,False,False
leffa,12541_00,pocket,False,False,absent,absent,,,False,False
leffa,12541_00,zipper,False,False,absent,absent,,,False,False
leffa,12541_00,sleeve,False,False,absent,absent,,,False,False
leffa,12541_00,shoulder,True,True,present,present,0.2500359117984772,0.24410408735275269,False,False
leffa,12541_00,logo,False,False,absent,present,,,False,False
leffa,12572_00,collar,False,False,absent,absent,,,False,False
leffa,12572_00,lapel,False,False,absent,absent,,,False,False
leffa,12572_00,cuff,False,False,absent,absent,,,False,False
leffa,12572_00,button hole,False,False,absent,absent,,,False,False
leffa,12572_00,button,False,False,absent,absent,,,False,False
leffa,12572_00,pocket,False,False,absent,absent,,,False,False
leffa,12572_00,zipper,False,False,absent,absent,,,False,False
leffa,12572_00,sleeve,True,True,present,present,0.3045993745326996,0.3045993745326996,False,False
leffa,12572_00,shoulder,True,True,present,present,0.5442189574241638,0.5020979642868042,False,False
leffa,12572_00,logo,False,False,absent,absent,,,False,False
leffa,12651_00,collar,False,False,absent,absent,,,False,False
leffa,12651_00,lapel,False,False,absent,absent,,,False,False
leffa,12651_00,cuff,True,True,present,present,0.6633890271186829,0.6223834753036499,False,False
leffa,12651_00,button hole,False,False,absent,absent,,,False,False
leffa,12651_00,button,False,False,absent,absent,,,False,False
leffa,12651_00,pocket,False,False,absent,absent,,,False,False
leffa,12651_00,zipper,False,False,absent,absent,,,False,False
leffa,12651_00,sleeve,True,True,present,present,0.5710771083831787,0.6315798163414001,False,False
leffa,12651_00,shoulder,True,True,present,present,0.7014167308807373,0.741483747959137,False,False
leffa,12651_00,logo,False,False,absent,absent,,,False,False
leffa,12661_00,collar,False,False,absent,absent,,,False,False
leffa,12661_00,lapel,False,False,absent,absent,,,False,False
leffa,12661_00,cuff,False,False,absent,absent,,,False,False
leffa,12661_00,button hole,False,False,absent,absent,,,False,False
leffa,12661_00,button,False,False,absent,absent,,,False,False
leffa,12661_00,pocket,False,False,absent,absent,,,False,False
leffa,12661_00,zipper,False,False,absent,absent,,,False,False
leffa,12661_00,sleeve,True,True,present,present,0.35198724269866943,0.3871193528175354,False,False
leffa,12661_00,shoulder,True,True,present,present,0.6335166096687317,0.8283551335334778,False,False
leffa,12661_00,logo,False,False,absent,absent,,,False,False
leffa,12749_00,collar,False,False,absent,absent,,,False,False
leffa,12749_00,lapel,False,False,absent,absent,,,False,False
leffa,12749_00,cuff,False,False,absent,absent,,,False,False
leffa,12749_00,button hole,False,False,absent,absent,,,False,False
leffa,12749_00,button,False,False,absent,absent,,,False,False
leffa,12749_00,pocket,False,False,absent,absent,,,False,False
leffa,12749_00,zipper,False,False,absent,absent,,,False,False
leffa,12749_00,sleeve,True,True,present,present,0.2812338173389435,0.4715493321418762,False,False
leffa,12749_00,shoulder,True,True,present,present,0.23510906100273132,0.23510906100273132,False,False
leffa,12749_00,logo,False,False,absent,absent,,,False,False
leffa,13126_00,collar,False,False,absent,absent,,,False,False
leffa,13126_00,lapel,False,False,absent,absent,,,False,False
leffa,13126_00,cuff,False,False,absent,absent,,,False,False
leffa,13126_00,button hole,False,False,absent,absent,,,False,False
leffa,13126_00,button,False,False,absent,absent,,,False,False
leffa,13126_00,pocket,False,False,absent,absent,,,False,False
leffa,13126_00,zipper,False,False,absent,absent,,,False,False
leffa,13126_00,sleeve,True,True,present,present,0.1757505238056183,0.20892620086669922,False,False
leffa,13126_00,shoulder,True,True,present,present,0.12090450525283813,0.17917348444461823,False,False
leffa,13126_00,logo,False,False,absent,absent,,,False,False
leffa,13140_00,collar,False,False,absent,absent,,,False,False
leffa,13140_00,lapel,False,False,absent,absent,,,False,False
leffa,13140_00,cuff,True,False,present,absent,0.4456172585487366,,True,False
leffa,13140_00,button hole,False,False,absent,absent,,,False,False
leffa,13140_00,button,False,False,absent,absent,,,False,False
leffa,13140_00,pocket,False,False,absent,absent,,,False,False
leffa,13140_00,zipper,False,False,absent,absent,,,False,False
leffa,13140_00,sleeve,True,True,present,present,0.4339888095855713,0.5796865820884705,False,False
leffa,13140_00,shoulder,True,False,present,present,0.6016497611999512,,True,False
leffa,13140_00,logo,False,False,absent,uncertain,,,False,False
leffa,13172_00,collar,True,True,present,present,0.3078535497188568,0.3364870548248291,False,False
leffa,13172_00,lapel,False,False,absent,absent,,,False,False
leffa,13172_00,cuff,False,False,absent,absent,,,False,False
leffa,13172_00,button hole,False,False,absent,absent,,,False,False
leffa,13172_00,button,False,False,absent,absent,,,False,False
leffa,13172_00,pocket,False,False,absent,absent,,,False,False
leffa,13172_00,zipper,False,False,absent,absent,,,False,False
leffa,13172_00,sleeve,True,True,present,present,0.1577758491039276,0.31463077664375305,False,False
leffa,13172_00,shoulder,True,True,present,present,0.24291826784610748,0.446125864982605,False,False
leffa,13172_00,logo,True,True,present,present,0.1996481865644455,0.21791911125183105,False,False
leffa,13491_00,collar,False,False,absent,absent,,,False,False
leffa,13491_00,lapel,False,False,absent,absent,,,False,False
leffa,13491_00,cuff,False,False,absent,absent,,,False,False
leffa,13491_00,button hole,False,False,absent,absent,,,False,False
leffa,13491_00,button,False,False,absent,absent,,,False,False
leffa,13491_00,pocket,False,False,absent,absent,,,False,False
leffa,13491_00,zipper,False,False,absent,absent,,,False,False
leffa,13491_00,sleeve,True,True,present,present,0.18895752727985382,0.31187260150909424,False,False
leffa,13491_00,shoulder,True,True,present,present,0.2795262932777405,0.2795262932777405,False,False
leffa,13491_00,logo,True,True,present,present,0.40461939573287964,0.40461939573287964,False,False
leffa,13517_00,collar,True,False,present,present,0.2562665641307831,,True,False
leffa,13517_00,lapel,False,False,absent,absent,,,False,False
leffa,13517_00,cuff,False,False,absent,absent,,,False,False
leffa,13517_00,button hole,False,False,absent,absent,,,False,False
leffa,13517_00,button,False,False,absent,absent,,,False,False
leffa,13517_00,pocket,False,False,absent,absent,,,False,False
leffa,13517_00,zipper,False,False,absent,absent,,,False,False
leffa,13517_00,sleeve,False,False,absent,absent,,,False,False
leffa,13517_00,shoulder,True,True,present,present,0.3181214928627014,0.3624500036239624,False,False
leffa,13517_00,logo,False,False,absent,absent,,,False,False
leffa,13589_00,collar,False,False,absent,absent,,,False,False
leffa,13589_00,lapel,False,False,absent,absent,,,False,False
leffa,13589_00,cuff,False,False,absent,absent,,,False,False
leffa,13589_00,button hole,False,False,absent,absent,,,False,False
leffa,13589_00,button,False,False,absent,absent,,,False,False
leffa,13589_00,pocket,False,False,absent,absent,,,False,False
leffa,13589_00,zipper,False,False,absent,absent,,,False,False
leffa,13589_00,sleeve,True,True,present,present,0.455645352602005,0.455645352602005,False,False
leffa,13589_00,shoulder,True,True,present,present,0.4295841455459595,0.4295841455459595,False,False
leffa,13589_00,logo,False,False,absent,absent,,,False,False
leffa,13967_00,collar,False,False,absent,absent,,,False,False
leffa,13967_00,lapel,False,False,absent,absent,,,False,False
leffa,13967_00,cuff,False,False,absent,absent,,,False,False
leffa,13967_00,button hole,False,False,absent,absent,,,False,False
leffa,13967_00,button,False,False,absent,absent,,,False,False
leffa,13967_00,pocket,False,False,absent,absent,,,False,False
leffa,13967_00,zipper,False,False,absent,absent,,,False,False
leffa,13967_00,sleeve,True,True,present,present,0.2746483385562897,0.26229044795036316,False,False
leffa,13967_00,shoulder,True,False,present,present,0.28341951966285706,,True,False
leffa,13967_00,logo,False,False,absent,absent,,,False,False
leffa,13988_00,collar,False,False,absent,absent,,,False,False
leffa,13988_00,lapel,False,False,absent,absent,,,False,False
leffa,13988_00,cuff,False,False,absent,absent,,,False,False
leffa,13988_00,button hole,False,False,absent,absent,,,False,False
leffa,13988_00,button,False,False,absent,absent,,,False,False
leffa,13988_00,pocket,False,False,absent,absent,,,False,False
leffa,13988_00,zipper,False,False,absent,absent,,,False,False
leffa,13988_00,sleeve,True,True,present,present,0.34393811225891113,0.34717750549316406,False,False
leffa,13988_00,shoulder,True,True,present,present,0.3911053240299225,0.3911053240299225,False,False
leffa,13988_00,logo,False,False,absent,absent,,,False,False
leffa,14009_00,collar,True,False,present,absent,0.415761798620224,,True,False
leffa,14009_00,lapel,False,False,absent,absent,,,False,False
leffa,14009_00,cuff,False,False,absent,absent,,,False,False
leffa,14009_00,button hole,False,False,absent,absent,,,False,False
leffa,14009_00,button,False,False,absent,absent,,,False,False
leffa,14009_00,pocket,False,False,absent,absent,,,False,False
leffa,14009_00,zipper,False,False,absent,absent,,,False,False
leffa,14009_00,sleeve,False,False,absent,absent,,,False,False
leffa,14009_00,shoulder,True,True,present,present,0.45796284079551697,0.48261919617652893,False,False
leffa,14009_00,logo,False,False,absent,absent,,,False,False
leffa,14059_00,collar,False,False,absent,absent,,,False,False
leffa,14059_00,lapel,False,False,absent,absent,,,False,False
leffa,14059_00,cuff,False,False,absent,absent,,,False,False
leffa,14059_00,button hole,False,False,absent,absent,,,False,False
leffa,14059_00,button,False,False,absent,absent,,,False,False
leffa,14059_00,pocket,False,False,absent,absent,,,False,False
leffa,14059_00,zipper,False,False,absent,absent,,,False,False
leffa,14059_00,sleeve,False,False,absent,absent,,,False,False
leffa,14059_00,shoulder,True,True,present,present,0.5900396704673767,0.5900396704673767,False,False
leffa,14059_00,logo,False,False,absent,absent,,,False,False
leffa,14173_00,collar,False,False,absent,absent,,,False,False
leffa,14173_00,lapel,False,False,absent,absent,,,False,False
leffa,14173_00,cuff,True,True,present,present,0.4667273461818695,0.4667273461818695,False,False
leffa,14173_00,button hole,False,False,absent,absent,,,False,False
leffa,14173_00,button,False,False,absent,absent,,,False,False
leffa,14173_00,pocket,False,False,absent,absent,,,False,False
leffa,14173_00,zipper,False,False,absent,absent,,,False,False
leffa,14173_00,sleeve,True,True,present,present,0.4723014235496521,0.5040062665939331,False,False
leffa,14173_00,shoulder,True,True,present,present,0.43508827686309814,0.6035730242729187,False,False
leffa,14173_00,logo,False,False,absent,absent,,,False,False
leffa,14181_00,collar,True,True,present,present,0.13104663789272308,0.13104668259620667,False,False
leffa,14181_00,lapel,False,False,absent,absent,,,False,False
leffa,14181_00,cuff,True,True,present,present,0.1543068289756775,0.3610127568244934,False,False
leffa,14181_00,button hole,False,False,absent,absent,,,False,False
leffa,14181_00,button,False,False,absent,absent,,,False,False
leffa,14181_00,pocket,False,False,absent,absent,,,False,False
leffa,14181_00,zipper,False,False,absent,absent,,,False,False
leffa,14181_00,sleeve,True,True,present,present,0.16874991357326508,0.3126790523529053,False,False
leffa,14181_00,shoulder,True,False,present,present,0.17946259677410126,,True,False
leffa,14181_00,logo,True,True,present,present,0.14142227172851562,0.19119921326637268,False,False
leffa,14189_00,collar,False,False,uncertain,absent,,,False,False
leffa,14189_00,lapel,False,False,absent,absent,,,False,False
leffa,14189_00,cuff,False,False,absent,absent,,,False,False
leffa,14189_00,button hole,False,False,absent,absent,,,False,False
leffa,14189_00,button,False,False,absent,absent,,,False,False
leffa,14189_00,pocket,False,False,absent,absent,,,False,False
leffa,14189_00,zipper,False,False,absent,absent,,,False,False
leffa,14189_00,sleeve,True,True,present,present,0.20223680138587952,0.20223680138587952,False,False
leffa,14189_00,shoulder,True,True,present,present,0.2723143696784973,0.2723143696784973,False,False
leffa,14189_00,logo,False,False,absent,absent,,,False,False
leffa,14471_00,collar,False,True,uncertain,present,,,False,False
leffa,14471_00,lapel,False,False,absent,absent,,,False,False
leffa,14471_00,cuff,True,True,present,present,0.4560292363166809,0.4625440835952759,False,False
leffa,14471_00,button hole,False,False,absent,absent,,,False,False
leffa,14471_00,button,False,False,absent,absent,,,False,False
leffa,14471_00,pocket,False,False,absent,absent,,,False,False
leffa,14471_00,zipper,False,False,absent,absent,,,False,False
leffa,14471_00,sleeve,True,True,present,present,0.4651680588722229,0.46779683232307434,False,False
leffa,14471_00,shoulder,True,True,present,present,0.4256311058998108,0.42563119530677795,False,False
leffa,14471_00,logo,False,False,absent,absent,,,False,False
leffa,14651_00,collar,True,True,present,present,0.49074071645736694,0.49074071645736694,False,False
leffa,14651_00,lapel,False,False,absent,absent,,,False,False
leffa,14651_00,cuff,True,False,present,absent,0.25772204995155334,,True,False
leffa,14651_00,button hole,False,False,absent,absent,,,False,False
leffa,14651_00,button,False,False,absent,absent,,,False,False
leffa,14651_00,pocket,False,False,absent,absent,,,False,False
leffa,14651_00,zipper,False,False,absent,absent,,,False,False
leffa,14651_00,sleeve,True,True,present,present,0.3157044053077698,0.5462459921836853,False,False
leffa,14651_00,shoulder,True,True,present,present,0.4013606607913971,0.3732522130012512,False,False
leffa,14651_00,logo,False,False,uncertain,uncertain,,,False,False
ootd,00013_00,collar,True,False,present,present,0.2832265794277191,,True,False
ootd,00013_00,lapel,False,False,absent,absent,,,False,False
ootd,00013_00,cuff,True,True,present,present,0.2787376940250397,0.2792084515094757,False,False
ootd,00013_00,button hole,False,False,absent,absent,,,False,False
ootd,00013_00,button,False,False,absent,absent,,,False,False
ootd,00013_00,pocket,False,False,absent,absent,,,False,False
ootd,00013_00,zipper,False,False,absent,absent,,,False,False
ootd,00013_00,sleeve,True,True,present,present,0.2793538570404053,0.3274199366569519,False,False
ootd,00013_00,shoulder,True,True,present,present,0.27018481492996216,0.27018481492996216,False,False
ootd,00013_00,logo,True,False,present,uncertain,0.31603771448135376,,True,False
ootd,00272_00,collar,False,False,absent,uncertain,,,False,False
ootd,00272_00,lapel,False,False,absent,absent,,,False,False
ootd,00272_00,cuff,False,False,absent,absent,,,False,False
ootd,00272_00,button hole,False,False,absent,absent,,,False,False
ootd,00272_00,button,False,False,absent,absent,,,False,False
ootd,00272_00,pocket,False,False,absent,absent,,,False,False
ootd,00272_00,zipper,False,False,absent,absent,,,False,False
ootd,00272_00,sleeve,False,False,absent,absent,,,False,False
ootd,00272_00,shoulder,True,True,present,present,0.2273341417312622,0.2576126754283905,False,False
ootd,00272_00,logo,False,False,absent,absent,,,False,False
ootd,00401_00,collar,True,True,present,present,0.3632504940032959,0.3787706196308136,False,False
ootd,00401_00,lapel,False,False,absent,absent,,,False,False
ootd,00401_00,cuff,True,True,present,present,0.4112887382507324,0.4112887382507324,False,False
ootd,00401_00,button hole,False,False,absent,absent,,,False,False
ootd,00401_00,button,False,False,absent,absent,,,False,False
ootd,00401_00,pocket,False,False,absent,absent,,,False,False
ootd,00401_00,zipper,False,False,absent,absent,,,False,False
ootd,00401_00,sleeve,True,True,present,present,0.42659375071525574,0.45644140243530273,False,False
ootd,00401_00,shoulder,False,False,present,present,,,False,False
ootd,00401_00,logo,False,False,absent,absent,,,False,False
ootd,00494_00,collar,False,True,uncertain,present,,,False,False
ootd,00494_00,lapel,False,False,absent,absent,,,False,False
ootd,00494_00,cuff,True,True,present,present,0.2923886477947235,0.29238879680633545,False,False
ootd,00494_00,button hole,False,False,absent,absent,,,False,False
ootd,00494_00,button,False,False,absent,absent,,,False,False
ootd,00494_00,pocket,False,False,absent,absent,,,False,False
ootd,00494_00,zipper,False,False,absent,absent,,,False,False
ootd,00494_00,sleeve,True,True,present,present,0.39739301800727844,0.39739304780960083,False,False
ootd,00494_00,shoulder,False,True,present,present,,,False,False
ootd,00494_00,logo,True,True,present,present,0.4262257516384125,0.5219420194625854,False,False
ootd,00698_00,collar,False,False,absent,absent,,,False,False
ootd,00698_00,lapel,False,False,absent,absent,,,False,False
ootd,00698_00,cuff,False,False,absent,absent,,,False,False
ootd,00698_00,button hole,False,False,absent,absent,,,False,False
ootd,00698_00,button,False,False,present,absent,,,False,False
ootd,00698_00,pocket,False,False,absent,absent,,,False,False
ootd,00698_00,zipper,False,False,absent,absent,,,False,False
ootd,00698_00,sleeve,True,True,present,present,0.3448741137981415,0.3584839999675751,False,False
ootd,00698_00,shoulder,True,True,present,present,0.29190608859062195,0.29190608859062195,False,False
ootd,00698_00,logo,False,False,absent,absent,,,False,False
ootd,00827_00,collar,False,False,absent,absent,,,False,False
ootd,00827_00,lapel,False,False,absent,absent,,,False,False
ootd,00827_00,cuff,False,False,absent,absent,,,False,False
ootd,00827_00,button hole,False,False,absent,absent,,,False,False
ootd,00827_00,button,False,False,absent,absent,,,False,False
ootd,00827_00,pocket,False,False,absent,absent,,,False,False
ootd,00827_00,zipper,False,False,absent,absent,,,False,False
ootd,00827_00,sleeve,False,False,absent,absent,,,False,False
ootd,00827_00,shoulder,True,True,present,present,0.43294310569763184,0.43294310569763184,False,False
ootd,00827_00,logo,False,False,absent,absent,,,False,False
ootd,01026_00,collar,True,False,present,absent,0.5626938343048096,,True,False
ootd,01026_00,lapel,False,False,absent,absent,,,False,False
ootd,01026_00,cuff,True,True,present,present,0.4115445613861084,0.4115446209907532,False,False
ootd,01026_00,button hole,False,False,absent,absent,,,False,False
ootd,01026_00,button,False,False,absent,absent,,,False,False
ootd,01026_00,pocket,False,False,absent,absent,,,False,False
ootd,01026_00,zipper,False,False,absent,absent,,,False,False
ootd,01026_00,sleeve,True,True,present,present,0.42289817333221436,0.45487987995147705,False,False
ootd,01026_00,shoulder,True,True,present,present,0.5213181972503662,0.5513746738433838,False,False
ootd,01026_00,logo,False,False,uncertain,uncertain,,,False,False
ootd,01046_00,collar,False,False,absent,absent,,,False,False
ootd,01046_00,lapel,False,False,absent,absent,,,False,False
ootd,01046_00,cuff,True,True,present,present,0.4425024688243866,0.4741678237915039,False,False
ootd,01046_00,button hole,False,False,absent,absent,,,False,False
ootd,01046_00,button,True,True,present,present,0.49000316858291626,0.48362618684768677,False,False
ootd,01046_00,pocket,False,False,absent,absent,,,False,False
ootd,01046_00,zipper,False,False,absent,absent,,,False,False
ootd,01046_00,sleeve,True,True,present,present,0.34850385785102844,0.33459144830703735,False,False
ootd,01046_00,shoulder,False,True,present,present,,,False,False
ootd,01046_00,logo,False,False,absent,absent,,,False,False
ootd,01090_00,collar,True,True,present,present,0.6278433203697205,0.6278433203697205,False,False
ootd,01090_00,lapel,False,False,absent,absent,,,False,False
ootd,01090_00,cuff,True,True,present,present,0.45092883706092834,0.45092883706092834,False,False
ootd,01090_00,button hole,False,False,absent,absent,,,False,False
ootd,01090_00,button,False,False,absent,absent,,,False,False
ootd,01090_00,pocket,False,False,absent,absent,,,False,False
ootd,01090_00,zipper,False,False,absent,absent,,,False,False
ootd,01090_00,sleeve,True,True,present,present,0.6687573790550232,0.6687573790550232,False,False
ootd,01090_00,shoulder,True,True,present,present,0.6979044675827026,0.6546316146850586,False,False
ootd,01090_00,logo,False,False,absent,absent,,,False,False
ootd,01386_00,collar,True,True,present,present,0.5910080671310425,0.7202066779136658,False,False
ootd,01386_00,lapel,False,False,absent,absent,,,False,False
ootd,01386_00,cuff,False,False,absent,absent,,,False,False
ootd,01386_00,button hole,False,False,absent,absent,,,False,False
ootd,01386_00,button,False,False,absent,absent,,,False,False
ootd,01386_00,pocket,False,False,absent,absent,,,False,False
ootd,01386_00,zipper,False,False,absent,absent,,,False,False
ootd,01386_00,sleeve,True,True,present,present,0.36606189608573914,0.3575666844844818,False,False
ootd,01386_00,shoulder,True,True,present,present,0.5954505801200867,0.6477895379066467,False,False
ootd,01386_00,logo,False,False,absent,absent,,,False,False
ootd,01503_00,collar,False,False,uncertain,uncertain,,,False,False
ootd,01503_00,lapel,False,False,absent,absent,,,False,False
ootd,01503_00,cuff,False,False,uncertain,absent,,,False,False
ootd,01503_00,button hole,False,False,absent,absent,,,False,False
ootd,01503_00,button,False,False,absent,absent,,,False,False
ootd,01503_00,pocket,False,False,absent,absent,,,False,False
ootd,01503_00,zipper,False,False,absent,absent,,,False,False
ootd,01503_00,sleeve,True,True,present,present,0.40609005093574524,0.40532705187797546,False,False
ootd,01503_00,shoulder,True,True,present,present,0.47314631938934326,0.5168283581733704,False,False
ootd,01503_00,logo,False,False,absent,absent,,,False,False
ootd,01767_00,collar,False,False,absent,present,,,False,False
ootd,01767_00,lapel,False,False,absent,absent,,,False,False
ootd,01767_00,cuff,False,False,absent,absent,,,False,False
ootd,01767_00,button hole,False,False,absent,absent,,,False,False
ootd,01767_00,button,True,False,present,absent,0.31719666719436646,,True,False
ootd,01767_00,pocket,False,False,absent,absent,,,False,False
ootd,01767_00,zipper,False,False,absent,absent,,,False,False
ootd,01767_00,sleeve,True,True,present,present,0.4080708622932434,0.45326367020606995,False,False
ootd,01767_00,shoulder,True,True,present,present,0.25465670228004456,0.2736245095729828,False,False
ootd,01767_00,logo,False,False,present,absent,,,False,False
ootd,01801_00,collar,False,False,absent,absent,,,False,False
ootd,01801_00,lapel,False,False,absent,absent,,,False,False
ootd,01801_00,cuff,False,False,absent,absent,,,False,False
ootd,01801_00,button hole,False,False,absent,absent,,,False,False
ootd,01801_00,button,False,False,absent,absent,,,False,False
ootd,01801_00,pocket,False,False,absent,absent,,,False,False
ootd,01801_00,zipper,False,False,absent,absent,,,False,False
ootd,01801_00,sleeve,False,False,absent,absent,,,False,False
ootd,01801_00,shoulder,True,True,present,present,0.43925294280052185,0.5683395862579346,False,False
ootd,01801_00,logo,False,False,absent,absent,,,False,False
ootd,01827_00,collar,True,True,present,present,0.4108135998249054,0.4986845850944519,False,False
ootd,01827_00,lapel,False,False,absent,absent,,,False,False
ootd,01827_00,cuff,False,True,absent,present,,,False,True
ootd,01827_00,button hole,False,False,absent,absent,,,False,False
ootd,01827_00,button,False,False,absent,absent,,,False,False
ootd,01827_00,pocket,True,True,present,present,0.3341757655143738,0.33417579531669617,False,False
ootd,01827_00,zipper,False,False,absent,absent,,,False,False
ootd,01827_00,sleeve,True,True,present,present,0.34508147835731506,0.34508150815963745,False,False
ootd,01827_00,shoulder,True,True,present,present,0.3158862292766571,0.34453895688056946,False,False
ootd,01827_00,logo,False,False,absent,absent,,,False,False
ootd,01832_00,collar,True,False,present,present,0.19639095664024353,,True,False
ootd,01832_00,lapel,False,False,absent,absent,,,False,False
ootd,01832_00,cuff,False,False,absent,absent,,,False,False
ootd,01832_00,button hole,False,False,absent,absent,,,False,False
ootd,01832_00,button,False,False,absent,absent,,,False,False
ootd,01832_00,pocket,False,False,absent,absent,,,False,False
ootd,01832_00,zipper,False,False,absent,absent,,,False,False
ootd,01832_00,sleeve,True,True,present,present,0.27557891607284546,0.46860653162002563,False,False
ootd,01832_00,shoulder,True,True,present,present,0.30109113454818726,0.4110380709171295,False,False
ootd,01832_00,logo,False,False,absent,absent,,,False,False
ootd,01877_00,collar,True,False,present,absent,0.5950981378555298,,True,False
ootd,01877_00,lapel,False,False,absent,absent,,,False,False
ootd,01877_00,cuff,False,False,absent,absent,,,False,False
ootd,01877_00,button hole,False,False,absent,absent,,,False,False
ootd,01877_00,button,False,False,absent,absent,,,False,False
ootd,01877_00,pocket,False,False,absent,absent,,,False,False
ootd,01877_00,zipper,False,False,absent,absent,,,False,False
ootd,01877_00,sleeve,True,True,present,present,0.49226999282836914,0.49652108550071716,False,False
ootd,01877_00,shoulder,True,True,present,present,0.4817112386226654,0.5360618233680725,False,False
ootd,01877_00,logo,False,False,present,present,,,False,False
ootd,01900_00,collar,False,False,absent,absent,,,False,False
ootd,01900_00,lapel,False,False,absent,absent,,,False,False
ootd,01900_00,cuff,True,False,present,uncertain,0.36822283267974854,,True,False
ootd,01900_00,button hole,False,False,absent,absent,,,False,False
ootd,01900_00,button,False,False,absent,absent,,,False,False
ootd,01900_00,pocket,False,False,absent,absent,,,False,False
ootd,01900_00,zipper,False,False,absent,absent,,,False,False
ootd,01900_00,sleeve,True,True,present,present,0.39484670758247375,0.528515100479126,False,False
ootd,01900_00,shoulder,True,True,present,present,0.41631853580474854,0.3996574580669403,False,False
ootd,01900_00,logo,False,False,absent,absent,,,False,False
ootd,01917_00,collar,True,False,present,present,0.34354135394096375,,True,False
ootd,01917_00,lapel,False,False,absent,absent,,,False,False
ootd,01917_00,cuff,False,False,absent,absent,,,False,False
ootd,01917_00,button hole,False,False,absent,absent,,,False,False
ootd,01917_00,button,False,False,absent,absent,,,False,False
ootd,01917_00,pocket,False,False,absent,absent,,,False,False
ootd,01917_00,zipper,False,False,absent,absent,,,False,False
ootd,01917_00,sleeve,True,True,present,present,0.32373476028442383,0.40685349702835083,False,False
ootd,01917_00,shoulder,True,True,present,present,0.34156760573387146,0.34156763553619385,False,False
ootd,01917_00,logo,False,False,absent,absent,,,False,False
ootd,01994_00,collar,False,False,absent,absent,,,False,False
ootd,01994_00,lapel,False,False,absent,absent,,,False,False
ootd,01994_00,cuff,False,False,absent,absent,,,False,False
ootd,01994_00,button hole,False,False,absent,absent,,,False,False
ootd,01994_00,button,False,False,absent,absent,,,False,False
ootd,01994_00,pocket,False,False,absent,absent,,,False,False
ootd,01994_00,zipper,False,False,absent,absent,,,False,False
ootd,01994_00,sleeve,True,True,present,present,0.3074965476989746,0.30356478691101074,False,False
ootd,01994_00,shoulder,True,True,present,present,0.3185003697872162,0.3489563763141632,False,False
ootd,01994_00,logo,False,False,absent,absent,,,False,False
ootd,02180_00,collar,True,True,present,present,0.35564061999320984,0.3556405305862427,False,False
ootd,02180_00,lapel,False,False,absent,absent,,,False,False
ootd,02180_00,cuff,False,True,uncertain,present,,,False,False
ootd,02180_00,button hole,False,False,absent,absent,,,False,False
ootd,02180_00,button,False,False,absent,absent,,,False,False
ootd,02180_00,pocket,False,False,absent,absent,,,False,False
ootd,02180_00,zipper,False,False,absent,absent,,,False,False
ootd,02180_00,sleeve,True,True,present,present,0.30236220359802246,0.3056584894657135,False,False
ootd,02180_00,shoulder,True,True,present,present,0.33282822370529175,0.3451020419597626,False,False
ootd,02180_00,logo,True,True,present,present,0.3216679096221924,0.3216679096221924,False,False
ootd,02253_00,collar,False,True,uncertain,present,,,False,False
ootd,02253_00,lapel,False,False,absent,absent,,,False,False
ootd,02253_00,cuff,True,False,present,absent,0.3836446702480316,,True,False
ootd,02253_00,button hole,False,False,absent,absent,,,False,False
ootd,02253_00,button,False,False,absent,absent,,,False,False
ootd,02253_00,pocket,False,False,absent,absent,,,False,False
ootd,02253_00,zipper,False,False,absent,absent,,,False,False
ootd,02253_00,sleeve,True,True,present,present,0.5598935484886169,0.5859941840171814,False,False
ootd,02253_00,shoulder,True,True,present,present,0.4101470112800598,0.43904802203178406,False,False
ootd,02253_00,logo,False,False,absent,absent,,,False,False
ootd,02327_00,collar,True,False,present,absent,0.5414314270019531,,True,False
ootd,02327_00,lapel,False,False,absent,absent,,,False,False
ootd,02327_00,cuff,False,False,absent,absent,,,False,False
ootd,02327_00,button hole,False,False,absent,absent,,,False,False
ootd,02327_00,button,False,False,absent,absent,,,False,False
ootd,02327_00,pocket,False,False,absent,absent,,,False,False
ootd,02327_00,zipper,False,False,absent,absent,,,False,False
ootd,02327_00,sleeve,False,True,present,present,,,False,False
ootd,02327_00,shoulder,True,True,present,present,0.5479482412338257,0.5261156558990479,False,False
ootd,02327_00,logo,False,False,absent,absent,,,False,False
ootd,02336_00,collar,False,False,absent,absent,,,False,False
ootd,02336_00,lapel,False,False,absent,absent,,,False,False
ootd,02336_00,cuff,False,False,absent,absent,,,False,False
ootd,02336_00,button hole,False,False,absent,absent,,,False,False
ootd,02336_00,button,False,False,absent,absent,,,False,False
ootd,02336_00,pocket,False,False,absent,absent,,,False,False
ootd,02336_00,zipper,False,False,absent,absent,,,False,False
ootd,02336_00,sleeve,False,False,absent,absent,,,False,False
ootd,02336_00,shoulder,True,True,present,present,0.552156388759613,0.5635342001914978,False,False
ootd,02336_00,logo,False,False,absent,absent,,,False,False
ootd,02372_00,collar,False,False,absent,absent,,,False,False
ootd,02372_00,lapel,False,False,absent,absent,,,False,False
ootd,02372_00,cuff,False,False,absent,absent,,,False,False
ootd,02372_00,button hole,False,False,absent,absent,,,False,False
ootd,02372_00,button,False,False,absent,absent,,,False,False
ootd,02372_00,pocket,False,False,absent,absent,,,False,False
ootd,02372_00,zipper,False,False,absent,absent,,,False,False
ootd,02372_00,sleeve,False,False,absent,absent,,,False,False
ootd,02372_00,shoulder,True,True,present,present,0.3403052091598511,0.5281914472579956,False,False
ootd,02372_00,logo,False,False,absent,absent,,,False,False
ootd,02388_00,collar,True,False,present,present,0.5166186094284058,,True,False
ootd,02388_00,lapel,False,False,absent,absent,,,False,False
ootd,02388_00,cuff,False,False,absent,absent,,,False,False
ootd,02388_00,button hole,False,False,absent,absent,,,False,False
ootd,02388_00,button,False,False,absent,absent,,,False,False
ootd,02388_00,pocket,False,False,absent,absent,,,False,False
ootd,02388_00,zipper,False,False,absent,absent,,,False,False
ootd,02388_00,sleeve,True,True,present,present,0.5127071142196655,0.5210346579551697,False,False
ootd,02388_00,shoulder,True,True,present,present,0.45848363637924194,0.45848366618156433,False,False
ootd,02388_00,logo,False,False,absent,absent,,,False,False
ootd,02400_00,collar,False,False,absent,absent,,,False,False
ootd,02400_00,lapel,False,False,absent,absent,,,False,False
ootd,02400_00,cuff,False,False,absent,absent,,,False,False
ootd,02400_00,button hole,False,False,absent,absent,,,False,False
ootd,02400_00,button,False,False,absent,absent,,,False,False
ootd,02400_00,pocket,False,False,absent,absent,,,False,False
ootd,02400_00,zipper,False,False,absent,absent,,,False,False
ootd,02400_00,sleeve,True,True,present,present,0.4270594120025635,0.7402697801589966,False,False
ootd,02400_00,shoulder,True,True,present,present,0.527000904083252,0.6691383719444275,False,False
ootd,02400_00,logo,False,False,absent,absent,,,False,False
ootd,02457_00,collar,False,False,absent,absent,,,False,False
ootd,02457_00,lapel,False,False,absent,absent,,,False,False
ootd,02457_00,cuff,False,True,absent,present,,,False,True
ootd,02457_00,button hole,False,False,absent,absent,,,False,False
ootd,02457_00,button,False,False,absent,absent,,,False,False
ootd,02457_00,pocket,False,False,absent,absent,,,False,False
ootd,02457_00,zipper,False,False,absent,absent,,,False,False
ootd,02457_00,sleeve,True,True,present,present,0.38932883739471436,0.3893289566040039,False,False
ootd,02457_00,shoulder,True,True,present,present,0.4208734631538391,0.3912448287010193,False,False
ootd,02457_00,logo,False,False,absent,absent,,,False,False
ootd,02743_00,collar,True,True,present,present,0.3900282382965088,0.3900282382965088,False,False
ootd,02743_00,lapel,False,False,absent,absent,,,False,False
ootd,02743_00,cuff,True,True,present,present,0.32391494512557983,0.4075740873813629,False,False
ootd,02743_00,button hole,False,False,absent,absent,,,False,False
ootd,02743_00,button,False,False,absent,absent,,,False,False
ootd,02743_00,pocket,False,False,absent,absent,,,False,False
ootd,02743_00,zipper,False,False,absent,absent,,,False,False
ootd,02743_00,sleeve,True,True,present,present,0.3815135061740875,0.9877204895019531,False,False
ootd,02743_00,shoulder,True,True,present,present,0.3929040729999542,0.32000863552093506,False,False
ootd,02743_00,logo,True,False,present,uncertain,0.5012998580932617,,True,False
ootd,02810_00,collar,False,False,absent,absent,,,False,False
ootd,02810_00,lapel,False,False,absent,absent,,,False,False
ootd,02810_00,cuff,False,False,absent,absent,,,False,False
ootd,02810_00,button hole,False,False,absent,absent,,,False,False
ootd,02810_00,button,False,False,absent,absent,,,False,False
ootd,02810_00,pocket,True,True,present,present,0.6826356649398804,0.5957459211349487,False,False
ootd,02810_00,zipper,False,False,absent,absent,,,False,False
ootd,02810_00,sleeve,True,True,present,present,0.4582907557487488,0.4513476490974426,False,False
ootd,02810_00,shoulder,True,True,present,present,0.5546415448188782,0.5950735807418823,False,False
ootd,02810_00,logo,False,False,absent,absent,,,False,False
ootd,02871_00,collar,True,True,present,present,0.33613672852516174,0.33613675832748413,False,False
ootd,02871_00,lapel,False,False,absent,absent,,,False,False
ootd,02871_00,cuff,False,False,uncertain,absent,,,False,False
ootd,02871_00,button hole,False,False,absent,absent,,,False,False
ootd,02871_00,button,False,False,absent,absent,,,False,False
ootd,02871_00,pocket,False,False,absent,absent,,,False,False
ootd,02871_00,zipper,False,False,absent,absent,,,False,False
ootd,02871_00,sleeve,True,True,present,present,0.4330073893070221,0.4736522436141968,False,False
ootd,02871_00,shoulder,True,False,present,present,0.3594948947429657,,True,False
ootd,02871_00,logo,True,True,present,present,0.320389986038208,0.32039010524749756,False,False
ootd,03013_00,collar,True,False,present,uncertain,0.41547566652297974,,True,False
ootd,03013_00,lapel,False,False,absent,absent,,,False,False
ootd,03013_00,cuff,False,False,absent,absent,,,False,False
ootd,03013_00,button hole,False,False,absent,absent,,,False,False
ootd,03013_00,button,False,False,absent,absent,,,False,False
ootd,03013_00,pocket,False,False,absent,absent,,,False,False
ootd,03013_00,zipper,False,False,absent,absent,,,False,False
ootd,03013_00,sleeve,True,True,present,present,0.45362427830696106,0.49101826548576355,False,False
ootd,03013_00,shoulder,True,True,present,present,0.3892892301082611,0.5351472496986389,False,False
ootd,03013_00,logo,False,False,absent,absent,,,False,False
ootd,03191_00,collar,False,False,absent,absent,,,False,False
ootd,03191_00,lapel,False,False,absent,absent,,,False,False
ootd,03191_00,cuff,False,True,uncertain,present,,,False,False
ootd,03191_00,button hole,False,False,absent,absent,,,False,False
ootd,03191_00,button,False,False,absent,absent,,,False,False
ootd,03191_00,pocket,False,False,absent,absent,,,False,False
ootd,03191_00,zipper,False,False,absent,absent,,,False,False
ootd,03191_00,sleeve,True,True,present,present,0.42664629220962524,0.4631164073944092,False,False
ootd,03191_00,shoulder,True,True,present,present,0.3236547112464905,0.30384257435798645,False,False
ootd,03191_00,logo,False,False,absent,absent,,,False,False
ootd,03608_00,collar,True,False,present,present,0.2682472765445709,,True,False
ootd,03608_00,lapel,False,False,absent,absent,,,False,False
ootd,03608_00,cuff,True,True,present,present,0.47357332706451416,0.4735731780529022,False,False
ootd,03608_00,button hole,False,False,absent,absent,,,False,False
ootd,03608_00,button,False,False,absent,absent,,,False,False
ootd,03608_00,pocket,False,False,absent,absent,,,False,False
ootd,03608_00,zipper,False,False,absent,absent,,,False,False
ootd,03608_00,sleeve,True,True,present,present,0.41102713346481323,0.41102707386016846,False,False
ootd,03608_00,shoulder,True,True,present,present,0.32513174414634705,0.29496923089027405,False,False
ootd,03608_00,logo,False,False,absent,absent,,,False,False
ootd,03935_00,collar,True,False,present,absent,0.3548423945903778,,True,False
ootd,03935_00,lapel,False,False,absent,absent,,,False,False
ootd,03935_00,cuff,True,True,present,present,0.527701199054718,0.6384121775627136,False,False
ootd,03935_00,button hole,False,False,absent,absent,,,False,False
ootd,03935_00,button,False,False,absent,absent,,,False,False
ootd,03935_00,pocket,False,False,absent,absent,,,False,False
ootd,03935_00,zipper,False,False,absent,absent,,,False,False
ootd,03935_00,sleeve,True,True,present,present,0.4173867404460907,0.4716038703918457,False,False
ootd,03935_00,shoulder,True,True,present,present,0.3052161633968353,0.29971984028816223,False,False
ootd,03935_00,logo,False,False,absent,absent,,,False,False
ootd,03950_00,collar,False,False,absent,absent,,,False,False
ootd,03950_00,lapel,False,False,absent,absent,,,False,False
ootd,03950_00,cuff,False,False,absent,absent,,,False,False
ootd,03950_00,button hole,False,False,absent,absent,,,False,False
ootd,03950_00,button,False,False,absent,absent,,,False,False
ootd,03950_00,pocket,False,False,absent,absent,,,False,False
ootd,03950_00,zipper,False,False,absent,absent,,,False,False
ootd,03950_00,sleeve,True,True,present,present,0.4497300386428833,0.4497300684452057,False,False
ootd,03950_00,shoulder,True,False,present,present,0.36142656207084656,,True,False
ootd,03950_00,logo,False,False,absent,absent,,,False,False
ootd,03991_00,collar,True,False,present,present,0.6965786218643188,,True,False
ootd,03991_00,lapel,False,False,absent,absent,,,False,False
ootd,03991_00,cuff,False,False,absent,absent,,,False,False
ootd,03991_00,button hole,False,False,absent,absent,,,False,False
ootd,03991_00,button,False,False,absent,absent,,,False,False
ootd,03991_00,pocket,False,False,absent,absent,,,False,False
ootd,03991_00,zipper,False,False,absent,absent,,,False,False
ootd,03991_00,sleeve,False,False,absent,absent,,,False,False
ootd,03991_00,shoulder,True,True,present,present,0.6592719554901123,0.6592718958854675,False,False
ootd,03991_00,logo,False,False,absent,absent,,,False,False
ootd,04430_00,collar,True,True,present,present,0.3831104040145874,0.3831104040145874,False,False
ootd,04430_00,lapel,False,False,absent,absent,,,False,False
ootd,04430_00,cuff,False,False,absent,absent,,,False,False
ootd,04430_00,button hole,False,False,absent,absent,,,False,False
ootd,04430_00,button,False,False,absent,absent,,,False,False
ootd,04430_00,pocket,False,False,absent,absent,,,False,False
ootd,04430_00,zipper,False,False,absent,absent,,,False,False
ootd,04430_00,sleeve,True,True,present,present,0.45926934480667114,0.5022709369659424,False,False
ootd,04430_00,shoulder,True,True,present,present,0.41031378507614136,0.41031378507614136,False,False
ootd,04430_00,logo,False,False,absent,absent,,,False,False
ootd,04562_00,collar,True,True,present,present,0.6935537457466125,0.6935537457466125,False,False
ootd,04562_00,lapel,False,False,absent,absent,,,False,False
ootd,04562_00,cuff,False,False,absent,absent,,,False,False
ootd,04562_00,button hole,False,False,absent,absent,,,False,False
ootd,04562_00,button,False,False,absent,absent,,,False,False
ootd,04562_00,pocket,False,False,absent,absent,,,False,False
ootd,04562_00,zipper,False,False,absent,absent,,,False,False
ootd,04562_00,sleeve,True,True,present,present,0.44768020510673523,0.49688720703125,False,False
ootd,04562_00,shoulder,True,True,present,present,0.537432849407196,0.537432849407196,False,False
ootd,04562_00,logo,False,False,absent,absent,,,False,False
ootd,04652_00,collar,False,False,absent,absent,,,False,False
ootd,04652_00,lapel,False,False,absent,absent,,,False,False
ootd,04652_00,cuff,False,False,absent,absent,,,False,False
ootd,04652_00,button hole,False,False,absent,absent,,,False,False
ootd,04652_00,button,False,False,absent,absent,,,False,False
ootd,04652_00,pocket,False,False,absent,absent,,,False,False
ootd,04652_00,zipper,False,False,absent,absent,,,False,False
ootd,04652_00,sleeve,True,True,present,present,0.5505395531654358,0.5781461000442505,False,False
ootd,04652_00,shoulder,True,True,present,present,0.48838523030281067,0.6558336019515991,False,False
ootd,04652_00,logo,False,False,absent,absent,,,False,False
ootd,04680_00,collar,False,False,uncertain,absent,,,False,False
ootd,04680_00,lapel,False,False,absent,absent,,,False,False
ootd,04680_00,cuff,False,False,absent,absent,,,False,False
ootd,04680_00,button hole,False,False,absent,absent,,,False,False
ootd,04680_00,button,True,True,present,present,0.30912938714027405,0.3136855363845825,False,False
ootd,04680_00,pocket,False,False,absent,absent,,,False,False
ootd,04680_00,zipper,False,False,absent,absent,,,False,False
ootd,04680_00,sleeve,False,False,absent,absent,,,False,False
ootd,04680_00,shoulder,True,True,present,present,0.31410208344459534,0.31410208344459534,False,False
ootd,04680_00,logo,False,False,absent,absent,,,False,False
ootd,04699_00,collar,False,False,absent,absent,,,False,False
ootd,04699_00,lapel,False,False,absent,absent,,,False,False
ootd,04699_00,cuff,False,True,uncertain,present,,,False,False
ootd,04699_00,button hole,False,False,absent,absent,,,False,False
ootd,04699_00,button,False,False,absent,absent,,,False,False
ootd,04699_00,pocket,False,False,absent,absent,,,False,False
ootd,04699_00,zipper,False,False,absent,absent,,,False,False
ootd,04699_00,sleeve,True,True,present,present,0.47385796904563904,0.44318336248397827,False,False
ootd,04699_00,shoulder,True,True,present,present,0.44141021370887756,0.44003525376319885,False,False
ootd,04699_00,logo,False,False,absent,absent,,,False,False
ootd,04847_00,collar,True,True,present,present,0.8805404305458069,0.8805403113365173,False,False
ootd,04847_00,lapel,False,False,absent,absent,,,False,False
ootd,04847_00,cuff,False,False,absent,absent,,,False,False
ootd,04847_00,button hole,False,False,absent,absent,,,False,False
ootd,04847_00,button,False,False,absent,absent,,,False,False
ootd,04847_00,pocket,False,False,absent,absent,,,False,False
ootd,04847_00,zipper,False,False,absent,absent,,,False,False
ootd,04847_00,sleeve,True,True,present,present,0.5956484079360962,0.7891454100608826,False,False
ootd,04847_00,shoulder,False,False,present,present,,,False,False
ootd,04847_00,logo,True,False,present,present,0.8736884593963623,,True,False
ootd,04893_00,collar,False,False,absent,absent,,,False,False
ootd,04893_00,lapel,False,False,absent,absent,,,False,False
ootd,04893_00,cuff,False,False,absent,absent,,,False,False
ootd,04893_00,button hole,False,False,absent,absent,,,False,False
ootd,04893_00,button,False,False,absent,absent,,,False,False
ootd,04893_00,pocket,False,False,absent,absent,,,False,False
ootd,04893_00,zipper,False,False,absent,absent,,,False,False
ootd,04893_00,sleeve,True,True,present,present,0.30986231565475464,0.30986231565475464,False,False
ootd,04893_00,shoulder,True,True,present,present,0.26414477825164795,0.5115174055099487,False,False
ootd,04893_00,logo,False,False,absent,absent,,,False,False
ootd,04944_00,collar,True,True,present,present,0.8414344787597656,0.8414344787597656,False,False
ootd,04944_00,lapel,False,False,absent,absent,,,False,False
ootd,04944_00,cuff,False,False,absent,absent,,,False,False
ootd,04944_00,button hole,False,False,absent,absent,,,False,False
ootd,04944_00,button,False,False,absent,absent,,,False,False
ootd,04944_00,pocket,False,False,absent,absent,,,False,False
ootd,04944_00,zipper,False,False,absent,absent,,,False,False
ootd,04944_00,sleeve,True,True,present,present,0.5874178409576416,0.6557682156562805,False,False
ootd,04944_00,shoulder,True,True,present,present,0.8225909471511841,0.7747736573219299,False,False
ootd,04944_00,logo,False,False,absent,absent,,,False,False
ootd,05156_00,collar,True,False,present,present,0.5661287903785706,,True,False
ootd,05156_00,lapel,False,False,absent,absent,,,False,False
ootd,05156_00,cuff,True,True,present,present,0.3390697240829468,0.3337972164154053,False,False
ootd,05156_00,button hole,False,False,absent,absent,,,False,False
ootd,05156_00,button,False,False,absent,absent,,,False,False
ootd,05156_00,pocket,False,False,absent,absent,,,False,False
ootd,05156_00,zipper,False,False,absent,absent,,,False,False
ootd,05156_00,sleeve,True,True,present,present,0.36024296283721924,0.36024296283721924,False,False
ootd,05156_00,shoulder,True,True,present,present,0.42196124792099,0.40895047783851624,False,False
ootd,05156_00,logo,False,False,absent,absent,,,False,False
ootd,05329_00,collar,False,False,absent,absent,,,False,False
ootd,05329_00,lapel,False,False,absent,absent,,,False,False
ootd,05329_00,cuff,False,False,absent,absent,,,False,False
ootd,05329_00,button hole,False,False,absent,absent,,,False,False
ootd,05329_00,button,False,False,absent,absent,,,False,False
ootd,05329_00,pocket,False,False,absent,absent,,,False,False
ootd,05329_00,zipper,False,False,absent,absent,,,False,False
ootd,05329_00,sleeve,True,True,present,present,0.37599313259124756,0.35766714811325073,False,False
ootd,05329_00,shoulder,True,True,present,present,0.4317741096019745,0.44113877415657043,False,False
ootd,05329_00,logo,False,False,absent,absent,,,False,False
ootd,05544_00,collar,True,False,present,present,0.38068702816963196,,True,False
ootd,05544_00,lapel,False,False,absent,absent,,,False,False
ootd,05544_00,cuff,False,False,absent,absent,,,False,False
ootd,05544_00,button hole,False,False,absent,absent,,,False,False
ootd,05544_00,button,False,False,absent,absent,,,False,False
ootd,05544_00,pocket,False,False,absent,absent,,,False,False
ootd,05544_00,zipper,False,False,absent,absent,,,False,False
ootd,05544_00,sleeve,False,False,absent,absent,,,False,False
ootd,05544_00,shoulder,False,True,uncertain,present,,,False,False
ootd,05544_00,logo,False,False,absent,absent,,,False,False
ootd,05910_00,collar,False,False,absent,absent,,,False,False
ootd,05910_00,lapel,False,False,absent,absent,,,False,False
ootd,05910_00,cuff,False,False,absent,absent,,,False,False
ootd,05910_00,button hole,False,False,absent,absent,,,False,False
ootd,05910_00,button,False,False,absent,absent,,,False,False
ootd,05910_00,pocket,False,False,absent,absent,,,False,False
ootd,05910_00,zipper,False,False,absent,absent,,,False,False
ootd,05910_00,sleeve,False,False,absent,absent,,,False,False
ootd,05910_00,shoulder,True,True,present,present,1.0820211172103882,1.134000539779663,False,False
ootd,05910_00,logo,False,False,absent,absent,,,False,False
ootd,05961_00,collar,False,False,absent,uncertain,,,False,False
ootd,05961_00,lapel,False,False,absent,absent,,,False,False
ootd,05961_00,cuff,False,False,absent,absent,,,False,False
ootd,05961_00,button hole,False,False,absent,absent,,,False,False
ootd,05961_00,button,False,False,absent,absent,,,False,False
ootd,05961_00,pocket,False,False,absent,absent,,,False,False
ootd,05961_00,zipper,False,False,absent,absent,,,False,False
ootd,05961_00,sleeve,True,True,present,present,0.4670516848564148,0.4670516848564148,False,False
ootd,05961_00,shoulder,True,True,present,present,0.45245927572250366,0.5418105125427246,False,False
ootd,05961_00,logo,False,False,absent,absent,,,False,False
ootd,06192_00,collar,True,False,present,absent,0.5405555367469788,,True,False
ootd,06192_00,lapel,False,False,absent,absent,,,False,False
ootd,06192_00,cuff,True,True,present,present,0.4436540901660919,0.44365403056144714,False,False
ootd,06192_00,button hole,False,False,absent,absent,,,False,False
ootd,06192_00,button,False,False,absent,absent,,,False,False
ootd,06192_00,pocket,False,False,absent,absent,,,False,False
ootd,06192_00,zipper,False,False,absent,absent,,,False,False
ootd,06192_00,sleeve,True,True,present,present,0.4175834059715271,0.651788592338562,False,False
ootd,06192_00,shoulder,True,True,present,present,0.5599675178527832,0.5728410482406616,False,False
ootd,06192_00,logo,False,False,absent,absent,,,False,False
ootd,06730_00,collar,True,True,present,present,0.27250388264656067,0.27250388264656067,False,False
ootd,06730_00,lapel,False,False,absent,absent,,,False,False
ootd,06730_00,cuff,True,True,present,present,0.38346627354621887,0.38346627354621887,False,False
ootd,06730_00,button hole,False,False,absent,absent,,,False,False
ootd,06730_00,button,False,False,absent,absent,,,False,False
ootd,06730_00,pocket,False,False,absent,absent,,,False,False
ootd,06730_00,zipper,False,False,absent,absent,,,False,False
ootd,06730_00,sleeve,True,True,present,present,0.3118152916431427,0.3118152916431427,False,False
ootd,06730_00,shoulder,True,True,present,present,0.3479119837284088,0.3728633522987366,False,False
ootd,06730_00,logo,False,False,absent,absent,,,False,False
ootd,06753_00,collar,False,False,uncertain,uncertain,,,False,False
ootd,06753_00,lapel,False,False,absent,absent,,,False,False
ootd,06753_00,cuff,False,False,absent,absent,,,False,False
ootd,06753_00,button hole,False,False,absent,absent,,,False,False
ootd,06753_00,button,False,False,absent,absent,,,False,False
ootd,06753_00,pocket,False,False,absent,absent,,,False,False
ootd,06753_00,zipper,False,False,absent,absent,,,False,False
ootd,06753_00,sleeve,True,True,present,present,0.43635162711143494,0.5052424073219299,False,False
ootd,06753_00,shoulder,True,True,present,present,0.42723190784454346,0.42723190784454346,False,False
ootd,06753_00,logo,False,False,absent,absent,,,False,False
ootd,06939_00,collar,True,True,present,present,0.4729183316230774,0.4729183614253998,False,False
ootd,06939_00,lapel,False,False,absent,absent,,,False,False
ootd,06939_00,cuff,False,False,absent,absent,,,False,False
ootd,06939_00,button hole,False,False,absent,absent,,,False,False
ootd,06939_00,button,False,False,absent,absent,,,False,False
ootd,06939_00,pocket,False,False,absent,absent,,,False,False
ootd,06939_00,zipper,False,False,absent,absent,,,False,False
ootd,06939_00,sleeve,True,True,present,present,0.2587692141532898,0.27208322286605835,False,False
ootd,06939_00,shoulder,True,True,present,present,0.35181933641433716,0.36784517765045166,False,False
ootd,06939_00,logo,True,False,present,uncertain,0.35144856572151184,,True,False
ootd,06978_00,collar,False,False,absent,absent,,,False,False
ootd,06978_00,lapel,False,False,absent,absent,,,False,False
ootd,06978_00,cuff,False,False,absent,absent,,,False,False
ootd,06978_00,button hole,False,False,absent,absent,,,False,False
ootd,06978_00,button,False,False,absent,absent,,,False,False
ootd,06978_00,pocket,False,False,absent,absent,,,False,False
ootd,06978_00,zipper,False,False,absent,absent,,,False,False
ootd,06978_00,sleeve,True,True,present,present,0.4368904232978821,0.4368904232978821,False,False
ootd,06978_00,shoulder,True,True,present,present,0.3938590884208679,0.37803423404693604,False,False
ootd,06978_00,logo,False,False,absent,absent,,,False,False
ootd,07150_00,collar,True,True,present,present,0.2672203481197357,0.2672203481197357,False,False
ootd,07150_00,lapel,False,False,absent,absent,,,False,False
ootd,07150_00,cuff,False,False,absent,absent,,,False,False
ootd,07150_00,button hole,False,False,absent,absent,,,False,False
ootd,07150_00,button,False,False,absent,absent,,,False,False
ootd,07150_00,pocket,False,False,absent,absent,,,False,False
ootd,07150_00,zipper,False,False,absent,absent,,,False,False
ootd,07150_00,sleeve,True,True,present,present,0.26754435896873474,0.2906554639339447,False,False
ootd,07150_00,shoulder,True,True,present,present,0.23830434679985046,0.23830434679985046,False,False
ootd,07150_00,logo,False,False,uncertain,absent,,,False,False
ootd,07212_00,collar,False,False,absent,present,,,False,False
ootd,07212_00,lapel,False,False,absent,absent,,,False,False
ootd,07212_00,cuff,True,True,present,present,0.3032214045524597,0.3072044253349304,False,False
ootd,07212_00,button hole,False,False,absent,absent,,,False,False
ootd,07212_00,button,True,True,present,present,0.6019865870475769,0.5543674826622009,False,False
ootd,07212_00,pocket,False,False,absent,absent,,,False,False
ootd,07212_00,zipper,False,False,absent,absent,,,False,False
ootd,07212_00,sleeve,True,True,present,present,0.5129133462905884,0.5193994641304016,False,False
ootd,07212_00,shoulder,True,True,present,present,0.6393230557441711,0.7225680351257324,False,False
ootd,07212_00,logo,False,True,uncertain,present,,,False,False
ootd,07396_00,collar,False,False,absent,absent,,,False,False
ootd,07396_00,lapel,False,False,absent,absent,,,False,False
ootd,07396_00,cuff,False,False,uncertain,absent,,,False,False
ootd,07396_00,button hole,False,False,absent,absent,,,False,False
ootd,07396_00,button,False,False,absent,absent,,,False,False
ootd,07396_00,pocket,False,False,absent,absent,,,False,False
ootd,07396_00,zipper,False,False,absent,absent,,,False,False
ootd,07396_00,sleeve,True,True,present,present,0.5821927785873413,0.609847366809845,False,False
ootd,07396_00,shoulder,True,True,present,present,0.565414309501648,0.5556252598762512,False,False
ootd,07396_00,logo,False,False,absent,absent,,,False,False
ootd,07573_00,collar,False,False,absent,absent,,,False,False
ootd,07573_00,lapel,False,False,absent,absent,,,False,False
ootd,07573_00,cuff,False,False,absent,absent,,,False,False
ootd,07573_00,button hole,False,False,absent,absent,,,False,False
ootd,07573_00,button,False,False,absent,absent,,,False,False
ootd,07573_00,pocket,False,False,absent,absent,,,False,False
ootd,07573_00,zipper,False,False,absent,absent,,,False,False
ootd,07573_00,sleeve,True,True,present,present,0.29004523158073425,0.3425077497959137,False,False
ootd,07573_00,shoulder,True,True,present,present,0.2997548282146454,0.5686386227607727,False,False
ootd,07573_00,logo,False,False,absent,absent,,,False,False
ootd,07599_00,collar,True,True,present,present,0.6908348202705383,0.66184002161026,False,False
ootd,07599_00,lapel,False,False,absent,absent,,,False,False
ootd,07599_00,cuff,False,False,absent,absent,,,False,False
ootd,07599_00,button hole,False,False,absent,absent,,,False,False
ootd,07599_00,button,False,False,absent,absent,,,False,False
ootd,07599_00,pocket,False,False,absent,absent,,,False,False
ootd,07599_00,zipper,False,False,absent,absent,,,False,False
ootd,07599_00,sleeve,False,False,absent,absent,,,False,False
ootd,07599_00,shoulder,True,False,present,uncertain,0.6286287903785706,,True,False
ootd,07599_00,logo,False,False,absent,absent,,,False,False
ootd,07694_00,collar,True,True,present,present,0.30569806694984436,0.3167875111103058,False,False
ootd,07694_00,lapel,False,False,absent,absent,,,False,False
ootd,07694_00,cuff,False,False,absent,absent,,,False,False
ootd,07694_00,button hole,False,False,absent,absent,,,False,False
ootd,07694_00,button,False,False,absent,absent,,,False,False
ootd,07694_00,pocket,False,False,absent,absent,,,False,False
ootd,07694_00,zipper,False,False,absent,absent,,,False,False
ootd,07694_00,sleeve,True,True,present,present,0.3402326703071594,0.34023264050483704,False,False
ootd,07694_00,shoulder,True,True,present,present,0.2484341263771057,0.24843399226665497,False,False
ootd,07694_00,logo,True,False,present,absent,0.3428862690925598,,True,False
ootd,07707_00,collar,False,False,absent,absent,,,False,False
ootd,07707_00,lapel,False,False,absent,absent,,,False,False
ootd,07707_00,cuff,False,False,absent,absent,,,False,False
ootd,07707_00,button hole,False,False,absent,absent,,,False,False
ootd,07707_00,button,False,False,absent,absent,,,False,False
ootd,07707_00,pocket,False,False,absent,absent,,,False,False
ootd,07707_00,zipper,False,False,absent,absent,,,False,False
ootd,07707_00,sleeve,False,False,absent,absent,,,False,False
ootd,07707_00,shoulder,True,True,present,present,0.2852470278739929,0.2852470278739929,False,False
ootd,07707_00,logo,False,False,absent,absent,,,False,False
ootd,07825_00,collar,True,True,present,present,0.5143332481384277,0.5143332481384277,False,False
ootd,07825_00,lapel,False,False,absent,absent,,,False,False
ootd,07825_00,cuff,True,False,present,uncertain,0.30539390444755554,,True,False
ootd,07825_00,button hole,False,False,absent,absent,,,False,False
ootd,07825_00,button,False,False,absent,absent,,,False,False
ootd,07825_00,pocket,False,False,absent,absent,,,False,False
ootd,07825_00,zipper,False,False,absent,absent,,,False,False
ootd,07825_00,sleeve,True,True,present,present,0.33842676877975464,0.3384266793727875,False,False
ootd,07825_00,shoulder,True,True,present,present,0.42867159843444824,0.46076029539108276,False,False
ootd,07825_00,logo,False,False,absent,absent,,,False,False
ootd,07847_00,collar,False,False,absent,absent,,,False,False
ootd,07847_00,lapel,False,False,absent,absent,,,False,False
ootd,07847_00,cuff,False,False,absent,absent,,,False,False
ootd,07847_00,button hole,False,False,absent,absent,,,False,False
ootd,07847_00,button,False,False,absent,absent,,,False,False
ootd,07847_00,pocket,False,False,absent,absent,,,False,False
ootd,07847_00,zipper,False,False,absent,absent,,,False,False
ootd,07847_00,sleeve,True,True,present,present,0.2753772735595703,0.3382769525051117,False,False
ootd,07847_00,shoulder,True,True,present,present,0.3550606667995453,0.3587459325790405,False,False
ootd,07847_00,logo,False,False,absent,absent,,,False,False
ootd,07884_00,collar,True,True,present,present,0.36701127886772156,0.36701127886772156,False,False
ootd,07884_00,lapel,False,False,absent,absent,,,False,False
ootd,07884_00,cuff,False,False,absent,absent,,,False,False
ootd,07884_00,button hole,False,False,absent,absent,,,False,False
ootd,07884_00,button,False,False,absent,absent,,,False,False
ootd,07884_00,pocket,False,False,absent,absent,,,False,False
ootd,07884_00,zipper,False,False,absent,absent,,,False,False
ootd,07884_00,sleeve,True,True,present,present,0.28155389428138733,0.2779970169067383,False,False
ootd,07884_00,shoulder,True,True,present,present,0.30531367659568787,0.4302581548690796,False,False
ootd,07884_00,logo,True,True,present,present,0.3071839213371277,0.3903769850730896,False,False
ootd,07965_00,collar,True,True,present,present,0.24185816943645477,0.24185815453529358,False,False
ootd,07965_00,lapel,False,False,absent,absent,,,False,False
ootd,07965_00,cuff,True,False,present,present,0.5355439782142639,,True,False
ootd,07965_00,button hole,False,False,absent,absent,,,False,False
ootd,07965_00,button,False,False,absent,absent,,,False,False
ootd,07965_00,pocket,False,False,absent,absent,,,False,False
ootd,07965_00,zipper,False,False,absent,absent,,,False,False
ootd,07965_00,sleeve,True,True,present,present,0.2916886508464813,0.35569193959236145,False,False
ootd,07965_00,shoulder,True,True,present,present,0.28986674547195435,0.2615935802459717,False,False
ootd,07965_00,logo,False,False,absent,absent,,,False,False
ootd,07966_00,collar,False,True,uncertain,present,,,False,False
ootd,07966_00,lapel,False,False,absent,absent,,,False,False
ootd,07966_00,cuff,False,True,uncertain,present,,,False,False
ootd,07966_00,button hole,False,False,absent,absent,,,False,False
ootd,07966_00,button,False,False,absent,absent,,,False,False
ootd,07966_00,pocket,False,False,absent,absent,,,False,False
ootd,07966_00,zipper,False,False,absent,absent,,,False,False
ootd,07966_00,sleeve,True,True,present,present,0.3331333100795746,0.40146782994270325,False,False
ootd,07966_00,shoulder,True,True,present,present,0.29896193742752075,0.4417290985584259,False,False
ootd,07966_00,logo,False,False,absent,absent,,,False,False
ootd,08102_00,collar,True,True,present,present,0.5574808716773987,0.5574808716773987,False,False
ootd,08102_00,lapel,False,False,absent,absent,,,False,False
ootd,08102_00,cuff,False,False,absent,absent,,,False,False
ootd,08102_00,button hole,False,False,absent,absent,,,False,False
ootd,08102_00,button,False,False,absent,absent,,,False,False
ootd,08102_00,pocket,False,False,absent,absent,,,False,False
ootd,08102_00,zipper,False,False,absent,absent,,,False,False
ootd,08102_00,sleeve,True,True,present,present,0.5644720196723938,0.5936729907989502,False,False
ootd,08102_00,shoulder,False,True,present,present,,,False,False
ootd,08102_00,logo,False,False,uncertain,present,,,False,False
ootd,08149_00,collar,False,False,absent,present,,,False,False
ootd,08149_00,lapel,False,False,absent,absent,,,False,False
ootd,08149_00,cuff,True,True,present,present,0.448220819234848,0.448220819234848,False,False
ootd,08149_00,button hole,False,False,absent,absent,,,False,False
ootd,08149_00,button,False,False,absent,absent,,,False,False
ootd,08149_00,pocket,False,False,absent,absent,,,False,False
ootd,08149_00,zipper,False,False,absent,absent,,,False,False
ootd,08149_00,sleeve,True,True,present,present,0.47333839535713196,0.47333839535713196,False,False
ootd,08149_00,shoulder,True,True,present,present,0.4345666170120239,0.36071744561195374,False,False
ootd,08149_00,logo,False,False,absent,absent,,,False,False
ootd,08158_00,collar,True,False,present,present,0.29555466771125793,,True,False
ootd,08158_00,lapel,False,False,absent,absent,,,False,False
ootd,08158_00,cuff,True,True,present,present,0.3663601875305176,0.3663601577281952,False,False
ootd,08158_00,button hole,False,False,absent,absent,,,False,False
ootd,08158_00,button,False,False,absent,absent,,,False,False
ootd,08158_00,pocket,False,False,absent,absent,,,False,False
ootd,08158_00,zipper,False,False,absent,absent,,,False,False
ootd,08158_00,sleeve,True,True,present,present,0.4262114465236664,0.42621147632598877,False,False
ootd,08158_00,shoulder,True,True,present,present,0.34011590480804443,0.3715893030166626,False,False
ootd,08158_00,logo,False,False,absent,absent,,,False,False
ootd,08232_00,collar,True,True,present,present,0.22292585670948029,0.22292585670948029,False,False
ootd,08232_00,lapel,False,False,absent,absent,,,False,False
ootd,08232_00,cuff,False,False,absent,absent,,,False,False
ootd,08232_00,button hole,False,False,absent,absent,,,False,False
ootd,08232_00,button,True,True,present,present,0.35160237550735474,0.344486802816391,False,False
ootd,08232_00,pocket,False,False,absent,absent,,,False,False
ootd,08232_00,zipper,False,False,absent,absent,,,False,False
ootd,08232_00,sleeve,True,True,present,present,0.6818506121635437,0.6818506121635437,False,False
ootd,08232_00,shoulder,True,True,present,present,0.3066600263118744,0.3066600263118744,False,False
ootd,08232_00,logo,False,False,absent,absent,,,False,False
ootd,08314_00,collar,False,False,absent,absent,,,False,False
ootd,08314_00,lapel,False,False,absent,absent,,,False,False
ootd,08314_00,cuff,False,False,absent,absent,,,False,False
ootd,08314_00,button hole,False,False,absent,absent,,,False,False
ootd,08314_00,button,False,False,absent,absent,,,False,False
ootd,08314_00,pocket,False,False,absent,absent,,,False,False
ootd,08314_00,zipper,False,False,absent,absent,,,False,False
ootd,08314_00,sleeve,True,True,present,present,0.24094824492931366,0.252021849155426,False,False
ootd,08314_00,shoulder,True,True,present,present,0.34573298692703247,0.34573298692703247,False,False
ootd,08314_00,logo,False,False,absent,absent,,,False,False
ootd,08316_00,collar,True,False,present,present,0.45297935605049133,,True,False
ootd,08316_00,lapel,False,False,absent,absent,,,False,False
ootd,08316_00,cuff,False,False,absent,absent,,,False,False
ootd,08316_00,button hole,False,False,absent,absent,,,False,False
ootd,08316_00,button,True,True,present,present,0.36527395248413086,0.36527392268180847,False,False
ootd,08316_00,pocket,False,False,absent,absent,,,False,False
ootd,08316_00,zipper,False,False,absent,absent,,,False,False
ootd,08316_00,sleeve,True,True,present,present,0.3235793113708496,0.3947945535182953,False,False
ootd,08316_00,shoulder,True,True,present,present,0.3759125769138336,0.4079630970954895,False,False
ootd,08316_00,logo,False,False,absent,absent,,,False,False
ootd,08650_00,collar,False,False,absent,absent,,,False,False
ootd,08650_00,lapel,False,False,absent,absent,,,False,False
ootd,08650_00,cuff,False,False,absent,absent,,,False,False
ootd,08650_00,button hole,False,False,absent,absent,,,False,False
ootd,08650_00,button,False,False,absent,absent,,,False,False
ootd,08650_00,pocket,False,False,absent,absent,,,False,False
ootd,08650_00,zipper,False,False,absent,absent,,,False,False
ootd,08650_00,sleeve,False,False,uncertain,uncertain,,,False,False
ootd,08650_00,shoulder,True,True,present,present,0.2959849238395691,0.2959849238395691,False,False
ootd,08650_00,logo,False,False,absent,absent,,,False,False
ootd,09067_00,collar,False,False,absent,uncertain,,,False,False
ootd,09067_00,lapel,False,False,absent,absent,,,False,False
ootd,09067_00,cuff,True,True,present,present,0.1632688194513321,0.1632688194513321,False,False
ootd,09067_00,button hole,False,False,absent,absent,,,False,False
ootd,09067_00,button,True,True,present,present,0.367587685585022,0.38035839796066284,False,False
ootd,09067_00,pocket,False,False,absent,absent,,,False,False
ootd,09067_00,zipper,False,False,absent,absent,,,False,False
ootd,09067_00,sleeve,True,True,present,present,0.2814170718193054,0.39207252860069275,False,False
ootd,09067_00,shoulder,True,True,present,present,0.3692804276943207,0.38830143213272095,False,False
ootd,09067_00,logo,False,False,absent,absent,,,False,False
ootd,09215_00,collar,True,True,present,present,0.2078654021024704,0.30511194467544556,False,False
ootd,09215_00,lapel,False,False,absent,absent,,,False,False
ootd,09215_00,cuff,False,False,absent,absent,,,False,False
ootd,09215_00,button hole,False,False,absent,absent,,,False,False
ootd,09215_00,button,False,False,absent,absent,,,False,False
ootd,09215_00,pocket,False,False,absent,absent,,,False,False
ootd,09215_00,zipper,False,False,absent,absent,,,False,False
ootd,09215_00,sleeve,True,True,present,present,0.20321045815944672,0.20321045815944672,False,False
ootd,09215_00,shoulder,True,True,present,present,0.2604846954345703,0.4777216911315918,False,False
ootd,09215_00,logo,False,False,absent,absent,,,False,False
ootd,09412_00,collar,False,False,present,present,,,False,False
ootd,09412_00,lapel,False,False,absent,absent,,,False,False
ootd,09412_00,cuff,False,False,absent,absent,,,False,False
ootd,09412_00,button hole,False,False,absent,absent,,,False,False
ootd,09412_00,button,False,False,absent,absent,,,False,False
ootd,09412_00,pocket,False,False,absent,absent,,,False,False
ootd,09412_00,zipper,False,False,absent,absent,,,False,False
ootd,09412_00,sleeve,True,True,present,present,0.3564421236515045,0.40535423159599304,False,False
ootd,09412_00,shoulder,True,True,present,present,0.547386109828949,0.547386109828949,False,False
ootd,09412_00,logo,False,False,absent,absent,,,False,False
ootd,09487_00,collar,True,False,present,absent,0.3968840539455414,,True,False
ootd,09487_00,lapel,False,False,absent,absent,,,False,False
ootd,09487_00,cuff,True,True,present,present,0.3711056709289551,0.3711056411266327,False,False
ootd,09487_00,button hole,False,False,absent,absent,,,False,False
ootd,09487_00,button,False,False,absent,absent,,,False,False
ootd,09487_00,pocket,False,False,absent,absent,,,False,False
ootd,09487_00,zipper,False,False,absent,absent,,,False,False
ootd,09487_00,sleeve,True,True,present,present,0.3490728735923767,0.3680059313774109,False,False
ootd,09487_00,shoulder,True,True,present,present,0.44427424669265747,0.5411347150802612,False,False
ootd,09487_00,logo,False,False,absent,absent,,,False,False
ootd,09751_00,collar,True,True,present,present,0.5570827126502991,0.5570827722549438,False,False
ootd,09751_00,lapel,False,False,absent,absent,,,False,False
ootd,09751_00,cuff,False,False,absent,absent,,,False,False
ootd,09751_00,button hole,False,False,absent,absent,,,False,False
ootd,09751_00,button,False,False,absent,absent,,,False,False
ootd,09751_00,pocket,True,True,present,present,0.5292844176292419,0.5486081838607788,False,False
ootd,09751_00,zipper,False,False,absent,absent,,,False,False
ootd,09751_00,sleeve,False,False,absent,absent,,,False,False
ootd,09751_00,shoulder,True,False,present,present,0.5561392903327942,,True,False
ootd,09751_00,logo,False,False,absent,absent,,,False,False
ootd,09845_00,collar,False,False,absent,absent,,,False,False
ootd,09845_00,lapel,False,False,absent,absent,,,False,False
ootd,09845_00,cuff,False,False,absent,absent,,,False,False
ootd,09845_00,button hole,False,False,absent,absent,,,False,False
ootd,09845_00,button,False,False,absent,absent,,,False,False
ootd,09845_00,pocket,False,False,absent,absent,,,False,False
ootd,09845_00,zipper,False,False,absent,absent,,,False,False
ootd,09845_00,sleeve,False,False,absent,absent,,,False,False
ootd,09845_00,shoulder,True,True,present,present,0.4902673065662384,0.4902673065662384,False,False
ootd,09845_00,logo,False,False,absent,absent,,,False,False
ootd,09912_00,collar,False,False,absent,absent,,,False,False
ootd,09912_00,lapel,False,False,absent,absent,,,False,False
ootd,09912_00,cuff,False,False,absent,uncertain,,,False,False
ootd,09912_00,button hole,False,False,absent,absent,,,False,False
ootd,09912_00,button,False,False,absent,absent,,,False,False
ootd,09912_00,pocket,False,False,absent,absent,,,False,False
ootd,09912_00,zipper,False,False,absent,absent,,,False,False
ootd,09912_00,sleeve,True,True,present,present,0.580919623374939,0.580919623374939,False,False
ootd,09912_00,shoulder,True,True,present,present,0.5240441560745239,0.5240441560745239,False,False
ootd,09912_00,logo,False,False,absent,absent,,,False,False
ootd,09940_00,collar,False,False,absent,absent,,,False,False
ootd,09940_00,lapel,False,False,absent,absent,,,False,False
ootd,09940_00,cuff,False,False,absent,absent,,,False,False
ootd,09940_00,button hole,False,False,absent,absent,,,False,False
ootd,09940_00,button,False,False,absent,absent,,,False,False
ootd,09940_00,pocket,False,False,absent,absent,,,False,False
ootd,09940_00,zipper,False,False,absent,absent,,,False,False
ootd,09940_00,sleeve,False,False,uncertain,absent,,,False,False
ootd,09940_00,shoulder,True,True,present,present,0.4690398573875427,0.4690398573875427,False,False
ootd,09940_00,logo,False,False,absent,absent,,,False,False
ootd,09949_00,collar,False,False,absent,absent,,,False,False
ootd,09949_00,lapel,False,False,absent,absent,,,False,False
ootd,09949_00,cuff,False,False,absent,absent,,,False,False
ootd,09949_00,button hole,False,False,absent,absent,,,False,False
ootd,09949_00,button,False,False,absent,absent,,,False,False
ootd,09949_00,pocket,False,False,absent,absent,,,False,False
ootd,09949_00,zipper,False,False,absent,absent,,,False,False
ootd,09949_00,sleeve,True,True,present,present,0.5427301526069641,0.6536440849304199,False,False
ootd,09949_00,shoulder,True,True,present,present,0.5242941975593567,0.457838773727417,False,False
ootd,09949_00,logo,False,False,absent,absent,,,False,False
ootd,10265_00,collar,False,False,absent,absent,,,False,False
ootd,10265_00,lapel,False,False,absent,absent,,,False,False
ootd,10265_00,cuff,False,False,absent,absent,,,False,False
ootd,10265_00,button hole,False,False,absent,absent,,,False,False
ootd,10265_00,button,False,False,absent,absent,,,False,False
ootd,10265_00,pocket,False,False,absent,absent,,,False,False
ootd,10265_00,zipper,False,False,absent,absent,,,False,False
ootd,10265_00,sleeve,False,False,present,present,,,False,False
ootd,10265_00,shoulder,True,True,present,present,0.5113086104393005,0.5596759915351868,False,False
ootd,10265_00,logo,False,False,absent,absent,,,False,False
ootd,10352_00,collar,True,True,present,present,0.44382354617118835,0.5635293126106262,False,False
ootd,10352_00,lapel,False,False,absent,absent,,,False,False
ootd,10352_00,cuff,False,False,absent,absent,,,False,False
ootd,10352_00,button hole,False,False,absent,absent,,,False,False
ootd,10352_00,button,False,False,absent,absent,,,False,False
ootd,10352_00,pocket,False,False,absent,absent,,,False,False
ootd,10352_00,zipper,False,False,absent,absent,,,False,False
ootd,10352_00,sleeve,True,True,present,present,0.3794149160385132,0.40600818395614624,False,False
ootd,10352_00,shoulder,True,True,present,present,0.4421650767326355,0.45807400345802307,False,False
ootd,10352_00,logo,False,False,absent,absent,,,False,False
ootd,10428_00,collar,False,False,absent,absent,,,False,False
ootd,10428_00,lapel,False,False,absent,absent,,,False,False
ootd,10428_00,cuff,False,False,uncertain,absent,,,False,False
ootd,10428_00,button hole,False,False,absent,absent,,,False,False
ootd,10428_00,button,False,False,absent,absent,,,False,False
ootd,10428_00,pocket,False,False,absent,absent,,,False,False
ootd,10428_00,zipper,False,False,absent,absent,,,False,False
ootd,10428_00,sleeve,True,True,present,present,0.4000717103481293,0.5196828246116638,False,False
ootd,10428_00,shoulder,True,True,present,present,0.4123162031173706,0.4082094430923462,False,False
ootd,10428_00,logo,False,False,absent,absent,,,False,False
ootd,10495_00,collar,False,False,absent,absent,,,False,False
ootd,10495_00,lapel,False,False,absent,absent,,,False,False
ootd,10495_00,cuff,False,False,absent,absent,,,False,False
ootd,10495_00,button hole,False,False,absent,absent,,,False,False
ootd,10495_00,button,False,False,absent,absent,,,False,False
ootd,10495_00,pocket,False,False,absent,absent,,,False,False
ootd,10495_00,zipper,False,False,absent,absent,,,False,False
ootd,10495_00,sleeve,False,False,absent,absent,,,False,False
ootd,10495_00,shoulder,True,True,present,present,0.3008803129196167,0.32367441058158875,False,False
ootd,10495_00,logo,False,False,absent,absent,,,False,False
ootd,10657_00,collar,False,True,absent,present,,,False,True
ootd,10657_00,lapel,False,False,absent,absent,,,False,False
ootd,10657_00,cuff,True,True,present,present,0.384383887052536,0.5866750478744507,False,False
ootd,10657_00,button hole,False,False,absent,absent,,,False,False
ootd,10657_00,button,False,False,absent,absent,,,False,False
ootd,10657_00,pocket,False,False,absent,absent,,,False,False
ootd,10657_00,zipper,False,False,absent,absent,,,False,False
ootd,10657_00,sleeve,True,True,present,present,0.3220788240432739,0.3405807912349701,False,False
ootd,10657_00,shoulder,True,True,present,present,0.44870296120643616,0.46963807940483093,False,False
ootd,10657_00,logo,False,False,absent,absent,,,False,False
ootd,10680_00,collar,False,False,uncertain,uncertain,,,False,False
ootd,10680_00,lapel,False,False,absent,absent,,,False,False
ootd,10680_00,cuff,True,False,present,uncertain,0.561943769454956,,True,False
ootd,10680_00,button hole,False,False,absent,absent,,,False,False
ootd,10680_00,button,False,False,absent,absent,,,False,False
ootd,10680_00,pocket,False,False,absent,absent,,,False,False
ootd,10680_00,zipper,False,False,absent,absent,,,False,False
ootd,10680_00,sleeve,True,True,present,present,0.5104762315750122,0.5334016680717468,False,False
ootd,10680_00,shoulder,True,True,present,present,0.4668760597705841,0.5642619132995605,False,False
ootd,10680_00,logo,False,False,absent,absent,,,False,False
ootd,10731_00,collar,True,True,present,present,0.22733427584171295,0.22733427584171295,False,False
ootd,10731_00,lapel,False,False,absent,absent,,,False,False
ootd,10731_00,cuff,False,False,absent,absent,,,False,False
ootd,10731_00,button hole,False,False,absent,absent,,,False,False
ootd,10731_00,button,False,False,absent,absent,,,False,False
ootd,10731_00,pocket,False,False,absent,absent,,,False,False
ootd,10731_00,zipper,False,False,absent,absent,,,False,False
ootd,10731_00,sleeve,True,True,present,present,0.24630647897720337,0.3335075378417969,False,False
ootd,10731_00,shoulder,True,True,present,present,0.2625281810760498,0.2941382825374603,False,False
ootd,10731_00,logo,False,False,absent,absent,,,False,False
ootd,10843_00,collar,False,True,absent,present,,,False,True
ootd,10843_00,lapel,False,False,absent,absent,,,False,False
ootd,10843_00,cuff,False,True,absent,present,,,False,True
ootd,10843_00,button hole,False,False,absent,absent,,,False,False
ootd,10843_00,button,False,False,absent,absent,,,False,False
ootd,10843_00,pocket,False,False,absent,absent,,,False,False
ootd,10843_00,zipper,False,False,absent,absent,,,False,False
ootd,10843_00,sleeve,True,True,present,present,0.5075311064720154,0.5075310468673706,False,False
ootd,10843_00,shoulder,True,True,present,present,0.4633807837963104,0.4308321475982666,False,False
ootd,10843_00,logo,False,False,absent,absent,,,False,False
ootd,11001_00,collar,False,False,absent,absent,,,False,False
ootd,11001_00,lapel,False,False,absent,absent,,,False,False
ootd,11001_00,cuff,False,False,absent,absent,,,False,False
ootd,11001_00,button hole,False,False,absent,absent,,,False,False
ootd,11001_00,button,False,False,absent,absent,,,False,False
ootd,11001_00,pocket,False,False,absent,absent,,,False,False
ootd,11001_00,zipper,False,False,absent,absent,,,False,False
ootd,11001_00,sleeve,True,True,present,present,0.3412945866584778,0.44410398602485657,False,False
ootd,11001_00,shoulder,True,True,present,present,0.3873109221458435,0.5513163805007935,False,False
ootd,11001_00,logo,False,False,absent,absent,,,False,False
ootd,11054_00,collar,True,False,present,present,0.4446587562561035,,True,False
ootd,11054_00,lapel,False,False,absent,absent,,,False,False
ootd,11054_00,cuff,True,True,present,present,0.8773676156997681,0.8787103891372681,False,False
ootd,11054_00,button hole,False,False,absent,absent,,,False,False
ootd,11054_00,button,False,False,absent,absent,,,False,False
ootd,11054_00,pocket,False,False,absent,absent,,,False,False
ootd,11054_00,zipper,False,False,absent,absent,,,False,False
ootd,11054_00,sleeve,True,True,present,present,0.8715384006500244,0.884748637676239,False,False
ootd,11054_00,shoulder,True,True,present,present,0.5006859302520752,0.6859090924263,False,False
ootd,11054_00,logo,False,False,absent,absent,,,False,False
ootd,11206_00,collar,False,False,absent,absent,,,False,False
ootd,11206_00,lapel,False,False,absent,absent,,,False,False
ootd,11206_00,cuff,False,False,absent,absent,,,False,False
ootd,11206_00,button hole,False,False,absent,absent,,,False,False
ootd,11206_00,button,False,False,absent,absent,,,False,False
ootd,11206_00,pocket,False,False,absent,absent,,,False,False
ootd,11206_00,zipper,False,False,absent,absent,,,False,False
ootd,11206_00,sleeve,True,True,present,present,0.3444593846797943,0.3444593846797943,False,False
ootd,11206_00,shoulder,True,True,present,present,0.37600550055503845,0.384147047996521,False,False
ootd,11206_00,logo,False,False,absent,absent,,,False,False
ootd,11372_00,collar,False,False,absent,absent,,,False,False
ootd,11372_00,lapel,False,False,absent,absent,,,False,False
ootd,11372_00,cuff,False,False,absent,absent,,,False,False
ootd,11372_00,button hole,False,False,absent,absent,,,False,False
ootd,11372_00,button,False,False,absent,absent,,,False,False
ootd,11372_00,pocket,False,False,absent,absent,,,False,False
ootd,11372_00,zipper,False,False,absent,absent,,,False,False
ootd,11372_00,sleeve,True,True,present,present,0.26749494671821594,0.311131089925766,False,False
ootd,11372_00,shoulder,True,True,present,present,0.3119218349456787,0.3119218349456787,False,False
ootd,11372_00,logo,False,False,absent,absent,,,False,False
ootd,11438_00,collar,False,True,absent,present,,,False,True
ootd,11438_00,lapel,False,False,absent,absent,,,False,False
ootd,11438_00,cuff,False,True,uncertain,present,,,False,False
ootd,11438_00,button hole,False,False,absent,absent,,,False,False
ootd,11438_00,button,False,False,absent,absent,,,False,False
ootd,11438_00,pocket,False,False,absent,absent,,,False,False
ootd,11438_00,zipper,False,False,absent,absent,,,False,False
ootd,11438_00,sleeve,True,True,present,present,0.39891576766967773,0.44363948702812195,False,False
ootd,11438_00,shoulder,True,True,present,present,0.5033617615699768,0.5797795653343201,False,False
ootd,11438_00,logo,False,False,absent,absent,,,False,False
ootd,11556_00,collar,False,False,absent,present,,,False,False
ootd,11556_00,lapel,False,False,absent,absent,,,False,False
ootd,11556_00,cuff,True,True,present,present,0.4425605833530426,0.5964991450309753,False,False
ootd,11556_00,button hole,False,False,absent,absent,,,False,False
ootd,11556_00,button,False,False,absent,absent,,,False,False
ootd,11556_00,pocket,False,False,absent,absent,,,False,False
ootd,11556_00,zipper,False,False,absent,absent,,,False,False
ootd,11556_00,sleeve,True,True,present,present,0.43966343998908997,0.418259859085083,False,False
ootd,11556_00,shoulder,True,True,present,present,0.4869126081466675,0.6562732458114624,False,False
ootd,11556_00,logo,False,False,absent,absent,,,False,False
ootd,11600_00,collar,True,True,present,present,0.22784093022346497,0.2135303020477295,False,False
ootd,11600_00,lapel,False,False,absent,absent,,,False,False
ootd,11600_00,cuff,False,False,absent,absent,,,False,False
ootd,11600_00,button hole,False,False,absent,absent,,,False,False
ootd,11600_00,button,False,False,absent,absent,,,False,False
ootd,11600_00,pocket,False,False,absent,absent,,,False,False
ootd,11600_00,zipper,False,False,absent,absent,,,False,False
ootd,11600_00,sleeve,False,False,absent,absent,,,False,False
ootd,11600_00,shoulder,True,True,present,present,0.2386978566646576,0.22855859994888306,False,False
ootd,11600_00,logo,False,False,absent,absent,,,False,False
ootd,11709_00,collar,True,True,present,present,0.7056000828742981,0.7056000828742981,False,False
ootd,11709_00,lapel,False,False,absent,absent,,,False,False
ootd,11709_00,cuff,False,False,absent,absent,,,False,False
ootd,11709_00,button hole,False,False,absent,absent,,,False,False
ootd,11709_00,button,False,False,absent,absent,,,False,False
ootd,11709_00,pocket,False,False,absent,absent,,,False,False
ootd,11709_00,zipper,False,False,absent,absent,,,False,False
ootd,11709_00,sleeve,True,True,present,present,0.760437548160553,0.7282888293266296,False,False
ootd,11709_00,shoulder,True,True,present,present,0.7022175192832947,0.7932150959968567,False,False
ootd,11709_00,logo,False,False,absent,absent,,,False,False
ootd,11766_00,collar,True,True,present,present,0.3013554811477661,0.4511612057685852,False,False
ootd,11766_00,lapel,False,False,absent,absent,,,False,False
ootd,11766_00,cuff,False,False,absent,absent,,,False,False
ootd,11766_00,button hole,False,False,absent,absent,,,False,False
ootd,11766_00,button,False,False,absent,absent,,,False,False
ootd,11766_00,pocket,False,False,absent,absent,,,False,False
ootd,11766_00,zipper,False,False,absent,absent,,,False,False
ootd,11766_00,sleeve,True,True,present,present,0.3170377314090729,0.3170377314090729,False,False
ootd,11766_00,shoulder,True,True,present,present,0.41312816739082336,0.4228164255619049,False,False
ootd,11766_00,logo,False,False,absent,absent,,,False,False
ootd,11799_00,collar,True,False,present,absent,0.47927939891815186,,True,False
ootd,11799_00,lapel,False,False,absent,absent,,,False,False
ootd,11799_00,cuff,False,False,absent,absent,,,False,False
ootd,11799_00,button hole,False,False,absent,absent,,,False,False
ootd,11799_00,button,False,False,absent,absent,,,False,False
ootd,11799_00,pocket,False,False,absent,absent,,,False,False
ootd,11799_00,zipper,False,False,absent,absent,,,False,False
ootd,11799_00,sleeve,True,True,present,present,0.5462912321090698,0.588405430316925,False,False
ootd,11799_00,shoulder,True,True,present,present,0.5065096616744995,0.582948625087738,False,False
ootd,11799_00,logo,False,False,absent,absent,,,False,False
ootd,11892_00,collar,False,False,absent,absent,,,False,False
ootd,11892_00,lapel,False,False,absent,absent,,,False,False
ootd,11892_00,cuff,False,False,absent,absent,,,False,False
ootd,11892_00,button hole,False,False,absent,absent,,,False,False
ootd,11892_00,button,False,False,absent,absent,,,False,False
ootd,11892_00,pocket,False,False,absent,absent,,,False,False
ootd,11892_00,zipper,False,False,absent,absent,,,False,False
ootd,11892_00,sleeve,False,False,absent,absent,,,False,False
ootd,11892_00,shoulder,True,True,present,present,0.6155148148536682,0.6858111619949341,False,False
ootd,11892_00,logo,False,False,absent,absent,,,False,False
ootd,11913_00,collar,False,False,absent,absent,,,False,False
ootd,11913_00,lapel,False,False,absent,absent,,,False,False
ootd,11913_00,cuff,False,False,absent,absent,,,False,False
ootd,11913_00,button hole,False,False,absent,absent,,,False,False
ootd,11913_00,button,False,False,absent,absent,,,False,False
ootd,11913_00,pocket,False,False,absent,absent,,,False,False
ootd,11913_00,zipper,False,False,absent,absent,,,False,False
ootd,11913_00,sleeve,False,False,absent,absent,,,False,False
ootd,11913_00,shoulder,True,True,present,present,0.590785026550293,0.6545566320419312,False,False
ootd,11913_00,logo,False,False,absent,absent,,,False,False
ootd,11985_00,collar,False,False,absent,absent,,,False,False
ootd,11985_00,lapel,False,False,absent,absent,,,False,False
ootd,11985_00,cuff,False,False,absent,absent,,,False,False
ootd,11985_00,button hole,False,False,absent,absent,,,False,False
ootd,11985_00,button,False,False,absent,absent,,,False,False
ootd,11985_00,pocket,False,False,absent,absent,,,False,False
ootd,11985_00,zipper,False,False,absent,absent,,,False,False
ootd,11985_00,sleeve,True,True,present,present,0.5260512232780457,0.6572102308273315,False,False
ootd,11985_00,shoulder,True,True,present,present,0.5706071853637695,0.5766226053237915,False,False
ootd,11985_00,logo,False,False,absent,absent,,,False,False
ootd,11993_00,collar,True,True,present,present,0.4363945424556732,0.43639451265335083,False,False
ootd,11993_00,lapel,False,False,absent,absent,,,False,False
ootd,11993_00,cuff,True,False,present,uncertain,0.30000579357147217,,True,False
ootd,11993_00,button hole,False,False,absent,absent,,,False,False
ootd,11993_00,button,False,False,absent,absent,,,False,False
ootd,11993_00,pocket,False,False,absent,absent,,,False,False
ootd,11993_00,zipper,False,False,absent,absent,,,False,False
ootd,11993_00,sleeve,True,True,present,present,0.32638025283813477,0.41789472103118896,False,False
ootd,11993_00,shoulder,True,True,present,present,0.34864088892936707,0.34864071011543274,False,False
ootd,11993_00,logo,False,False,absent,absent,,,False,False
ootd,11994_00,collar,True,True,present,present,0.312232106924057,0.312232106924057,False,False
ootd,11994_00,lapel,False,False,absent,absent,,,False,False
ootd,11994_00,cuff,False,True,uncertain,present,,,False,False
ootd,11994_00,button hole,False,False,absent,absent,,,False,False
ootd,11994_00,button,True,False,present,absent,0.42673230171203613,,True,False
ootd,11994_00,pocket,False,False,absent,absent,,,False,False
ootd,11994_00,zipper,False,False,absent,absent,,,False,False
ootd,11994_00,sleeve,True,True,present,present,0.3873908519744873,0.48463860154151917,False,False
ootd,11994_00,shoulder,True,True,present,present,0.3226981461048126,0.3771812617778778,False,False
ootd,11994_00,logo,False,False,absent,absent,,,False,False
ootd,12362_00,collar,False,True,uncertain,present,,,False,False
ootd,12362_00,lapel,False,False,absent,absent,,,False,False
ootd,12362_00,cuff,False,False,absent,uncertain,,,False,False
ootd,12362_00,button hole,False,False,absent,absent,,,False,False
ootd,12362_00,button,False,False,absent,absent,,,False,False
ootd,12362_00,pocket,False,False,absent,absent,,,False,False
ootd,12362_00,zipper,False,False,absent,absent,,,False,False
ootd,12362_00,sleeve,True,True,present,present,0.2853592038154602,0.28124627470970154,False,False
ootd,12362_00,shoulder,True,True,present,present,0.29375532269477844,0.2777610421180725,False,False
ootd,12362_00,logo,True,True,present,present,0.2176152914762497,0.21761521697044373,False,False
ootd,12365_00,collar,False,False,absent,absent,,,False,False
ootd,12365_00,lapel,False,False,absent,absent,,,False,False
ootd,12365_00,cuff,False,False,absent,absent,,,False,False
ootd,12365_00,button hole,False,False,absent,absent,,,False,False
ootd,12365_00,button,False,False,absent,absent,,,False,False
ootd,12365_00,pocket,False,False,absent,absent,,,False,False
ootd,12365_00,zipper,False,False,absent,absent,,,False,False
ootd,12365_00,sleeve,False,False,absent,absent,,,False,False
ootd,12365_00,shoulder,True,True,present,present,0.35980841517448425,0.35980841517448425,False,False
ootd,12365_00,logo,False,False,absent,absent,,,False,False
ootd,12419_00,collar,False,False,absent,absent,,,False,False
ootd,12419_00,lapel,False,False,absent,absent,,,False,False
ootd,12419_00,cuff,False,False,absent,absent,,,False,False
ootd,12419_00,button hole,False,False,absent,absent,,,False,False
ootd,12419_00,button,False,False,absent,absent,,,False,False
ootd,12419_00,pocket,False,False,absent,absent,,,False,False
ootd,12419_00,zipper,False,False,absent,absent,,,False,False
ootd,12419_00,sleeve,False,False,absent,absent,,,False,False
ootd,12419_00,shoulder,True,True,present,present,0.3771637976169586,0.4051194489002228,False,False
ootd,12419_00,logo,False,False,absent,absent,,,False,False
ootd,12541_00,collar,False,False,absent,absent,,,False,False
ootd,12541_00,lapel,False,False,absent,absent,,,False,False
ootd,12541_00,cuff,False,False,absent,absent,,,False,False
ootd,12541_00,button hole,False,False,absent,absent,,,False,False
ootd,12541_00,button,False,False,absent,absent,,,False,False
ootd,12541_00,pocket,False,False,absent,absent,,,False,False
ootd,12541_00,zipper,False,False,absent,absent,,,False,False
ootd,12541_00,sleeve,False,False,absent,absent,,,False,False
ootd,12541_00,shoulder,True,True,present,present,0.4340120851993561,0.4162704050540924,False,False
ootd,12541_00,logo,False,False,absent,absent,,,False,False
ootd,12572_00,collar,False,False,absent,absent,,,False,False
ootd,12572_00,lapel,False,False,absent,absent,,,False,False
ootd,12572_00,cuff,False,False,absent,absent,,,False,False
ootd,12572_00,button hole,False,False,absent,absent,,,False,False
ootd,12572_00,button,False,False,absent,absent,,,False,False
ootd,12572_00,pocket,False,False,absent,absent,,,False,False
ootd,12572_00,zipper,False,False,absent,absent,,,False,False
ootd,12572_00,sleeve,True,True,present,present,0.30724334716796875,0.3239421248435974,False,False
ootd,12572_00,shoulder,True,True,present,present,0.39278295636177063,0.7225816249847412,False,False
ootd,12572_00,logo,False,False,absent,absent,,,False,False
ootd,12651_00,collar,False,False,absent,absent,,,False,False
ootd,12651_00,lapel,False,False,absent,absent,,,False,False
ootd,12651_00,cuff,True,True,present,present,0.6981289982795715,0.6981289982795715,False,False
ootd,12651_00,button hole,False,False,absent,absent,,,False,False
ootd,12651_00,button,False,False,absent,absent,,,False,False
ootd,12651_00,pocket,False,False,absent,absent,,,False,False
ootd,12651_00,zipper,False,False,absent,absent,,,False,False
ootd,12651_00,sleeve,True,True,present,present,0.8442090749740601,0.8338890075683594,False,False
ootd,12651_00,shoulder,True,True,present,present,0.7641182541847229,0.7529048919677734,False,False
ootd,12651_00,logo,False,False,absent,absent,,,False,False
ootd,12661_00,collar,False,False,absent,absent,,,False,False
ootd,12661_00,lapel,False,False,absent,absent,,,False,False
ootd,12661_00,cuff,False,False,absent,absent,,,False,False
ootd,12661_00,button hole,False,False,absent,absent,,,False,False
ootd,12661_00,button,False,False,absent,absent,,,False,False
ootd,12661_00,pocket,False,False,absent,absent,,,False,False
ootd,12661_00,zipper,False,False,absent,absent,,,False,False
ootd,12661_00,sleeve,True,True,present,present,0.44594618678092957,0.3818787932395935,False,False
ootd,12661_00,shoulder,True,True,present,present,0.6119389533996582,0.9303752779960632,False,False
ootd,12661_00,logo,False,False,absent,absent,,,False,False
ootd,12749_00,collar,False,False,absent,absent,,,False,False
ootd,12749_00,lapel,False,False,absent,absent,,,False,False
ootd,12749_00,cuff,False,False,absent,absent,,,False,False
ootd,12749_00,button hole,False,False,absent,absent,,,False,False
ootd,12749_00,button,False,False,absent,absent,,,False,False
ootd,12749_00,pocket,False,False,absent,absent,,,False,False
ootd,12749_00,zipper,False,False,absent,absent,,,False,False
ootd,12749_00,sleeve,True,True,present,present,0.3645176291465759,0.3914802372455597,False,False
ootd,12749_00,shoulder,True,True,present,present,0.3542405068874359,0.3542405068874359,False,False
ootd,12749_00,logo,False,False,absent,uncertain,,,False,False
ootd,13126_00,collar,False,False,absent,absent,,,False,False
ootd,13126_00,lapel,False,False,absent,absent,,,False,False
ootd,13126_00,cuff,False,False,absent,absent,,,False,False
ootd,13126_00,button hole,False,False,absent,absent,,,False,False
ootd,13126_00,button,False,False,absent,absent,,,False,False
ootd,13126_00,pocket,False,False,absent,absent,,,False,False
ootd,13126_00,zipper,False,False,absent,absent,,,False,False
ootd,13126_00,sleeve,True,True,present,present,0.21256616711616516,0.21891088783740997,False,False
ootd,13126_00,shoulder,True,True,present,present,0.20740190148353577,0.27720004320144653,False,False
ootd,13126_00,logo,False,False,absent,absent,,,False,False
ootd,13140_00,collar,False,False,absent,absent,,,False,False
ootd,13140_00,lapel,False,False,absent,absent,,,False,False
ootd,13140_00,cuff,True,False,present,absent,0.4462776184082031,,True,False
ootd,13140_00,button hole,False,False,absent,absent,,,False,False
ootd,13140_00,button,False,False,absent,absent,,,False,False
ootd,13140_00,pocket,False,False,absent,absent,,,False,False
ootd,13140_00,zipper,False,False,absent,absent,,,False,False
ootd,13140_00,sleeve,True,True,present,present,0.4298252463340759,0.6417171955108643,False,False
ootd,13140_00,shoulder,True,True,present,present,0.4623793661594391,0.7202271223068237,False,False
ootd,13140_00,logo,False,False,absent,absent,,,False,False
ootd,13172_00,collar,True,True,present,present,0.2303694486618042,0.27560535073280334,False,False
ootd,13172_00,lapel,False,False,absent,absent,,,False,False
ootd,13172_00,cuff,False,False,absent,absent,,,False,False
ootd,13172_00,button hole,False,False,absent,absent,,,False,False
ootd,13172_00,button,False,False,absent,absent,,,False,False
ootd,13172_00,pocket,False,False,absent,absent,,,False,False
ootd,13172_00,zipper,False,False,absent,absent,,,False,False
ootd,13172_00,sleeve,True,True,present,present,0.19158321619033813,0.25182414054870605,False,False
ootd,13172_00,shoulder,True,True,present,present,0.24461470544338226,0.35451602935791016,False,False
ootd,13172_00,logo,True,True,present,present,0.20147770643234253,0.2062993347644806,False,False
ootd,13491_00,collar,False,False,absent,absent,,,False,False
ootd,13491_00,lapel,False,False,absent,absent,,,False,False
ootd,13491_00,cuff,False,False,absent,absent,,,False,False
ootd,13491_00,button hole,False,False,absent,absent,,,False,False
ootd,13491_00,button,False,False,absent,absent,,,False,False
ootd,13491_00,pocket,False,False,absent,absent,,,False,False
ootd,13491_00,zipper,False,False,absent,absent,,,False,False
ootd,13491_00,sleeve,True,True,present,present,0.2985965609550476,0.3387439250946045,False,False
ootd,13491_00,shoulder,True,True,present,present,0.5661495923995972,0.5661495923995972,False,False
ootd,13491_00,logo,True,True,present,present,0.6979526877403259,0.6979526877403259,False,False
ootd,13517_00,collar,True,False,present,present,0.3953102231025696,,True,False
ootd,13517_00,lapel,False,False,absent,absent,,,False,False
ootd,13517_00,cuff,False,False,absent,absent,,,False,False
ootd,13517_00,button hole,False,False,absent,absent,,,False,False
ootd,13517_00,button,False,False,absent,absent,,,False,False
ootd,13517_00,pocket,False,False,absent,absent,,,False,False
ootd,13517_00,zipper,False,False,absent,absent,,,False,False
ootd,13517_00,sleeve,False,False,absent,absent,,,False,False
ootd,13517_00,shoulder,True,True,present,present,0.3200504779815674,0.42161455750465393,False,False
ootd,13517_00,logo,False,False,absent,absent,,,False,False
ootd,13589_00,collar,False,False,absent,absent,,,False,False
ootd,13589_00,lapel,False,False,absent,absent,,,False,False
ootd,13589_00,cuff,False,False,absent,absent,,,False,False
ootd,13589_00,button hole,False,False,absent,absent,,,False,False
ootd,13589_00,button,False,False,absent,absent,,,False,False
ootd,13589_00,pocket,False,False,absent,absent,,,False,False
ootd,13589_00,zipper,False,False,absent,absent,,,False,False
ootd,13589_00,sleeve,True,True,present,present,0.5214420557022095,0.7272712588310242,False,False
ootd,13589_00,shoulder,True,True,present,present,0.5540563464164734,0.5671907663345337,False,False
ootd,13589_00,logo,False,False,absent,absent,,,False,False
ootd,13967_00,collar,False,False,absent,absent,,,False,False
ootd,13967_00,lapel,False,False,absent,absent,,,False,False
ootd,13967_00,cuff,False,False,absent,absent,,,False,False
ootd,13967_00,button hole,False,False,absent,absent,,,False,False
ootd,13967_00,button,False,False,absent,absent,,,False,False
ootd,13967_00,pocket,False,False,absent,absent,,,False,False
ootd,13967_00,zipper,False,False,absent,absent,,,False,False
ootd,13967_00,sleeve,True,False,present,uncertain,0.5414215326309204,,True,False
ootd,13967_00,shoulder,True,True,present,present,0.4450480341911316,0.42835623025894165,False,False
ootd,13967_00,logo,False,False,absent,absent,,,False,False
ootd,13988_00,collar,False,False,absent,absent,,,False,False
ootd,13988_00,lapel,False,False,absent,absent,,,False,False
ootd,13988_00,cuff,False,False,absent,absent,,,False,False
ootd,13988_00,button hole,False,False,absent,absent,,,False,False
ootd,13988_00,button,False,False,absent,absent,,,False,False
ootd,13988_00,pocket,False,False,absent,absent,,,False,False
ootd,13988_00,zipper,False,False,absent,absent,,,False,False
ootd,13988_00,sleeve,True,True,present,present,0.3019787073135376,0.3019787073135376,False,False
ootd,13988_00,shoulder,True,True,present,present,0.40857213735580444,0.40857213735580444,False,False
ootd,13988_00,logo,False,False,absent,absent,,,False,False
ootd,14009_00,collar,True,False,present,uncertain,0.5812187194824219,,True,False
ootd,14009_00,lapel,False,False,absent,absent,,,False,False
ootd,14009_00,cuff,False,False,absent,absent,,,False,False
ootd,14009_00,button hole,False,False,absent,absent,,,False,False
ootd,14009_00,button,False,False,absent,absent,,,False,False
ootd,14009_00,pocket,False,False,absent,absent,,,False,False
ootd,14009_00,zipper,False,False,absent,absent,,,False,False
ootd,14009_00,sleeve,False,False,absent,absent,,,False,False
ootd,14009_00,shoulder,True,True,present,present,0.6174240708351135,0.5456868410110474,False,False
ootd,14009_00,logo,False,False,absent,absent,,,False,False
ootd,14059_00,collar,False,False,absent,absent,,,False,False
ootd,14059_00,lapel,False,False,absent,absent,,,False,False
ootd,14059_00,cuff,False,False,absent,absent,,,False,False
ootd,14059_00,button hole,False,False,absent,absent,,,False,False
ootd,14059_00,button,False,False,absent,absent,,,False,False
ootd,14059_00,pocket,False,False,absent,absent,,,False,False
ootd,14059_00,zipper,False,False,absent,absent,,,False,False
ootd,14059_00,sleeve,False,False,absent,absent,,,False,False
ootd,14059_00,shoulder,True,True,present,present,0.4241122603416443,0.4241122603416443,False,False
ootd,14059_00,logo,False,False,absent,absent,,,False,False
ootd,14173_00,collar,False,False,absent,absent,,,False,False
ootd,14173_00,lapel,False,False,absent,absent,,,False,False
ootd,14173_00,cuff,True,True,present,present,0.5060612559318542,0.5060612559318542,False,False
ootd,14173_00,button hole,False,False,absent,absent,,,False,False
ootd,14173_00,button,False,False,absent,absent,,,False,False
ootd,14173_00,pocket,False,False,absent,absent,,,False,False
ootd,14173_00,zipper,False,False,absent,absent,,,False,False
ootd,14173_00,sleeve,True,True,present,present,0.6391822099685669,0.6945193409919739,False,False
ootd,14173_00,shoulder,True,True,present,present,0.6252076625823975,0.6252076625823975,False,False
ootd,14173_00,logo,False,False,absent,absent,,,False,False
ootd,14181_00,collar,True,True,present,present,0.4450415074825287,0.4450415074825287,False,False
ootd,14181_00,lapel,False,False,absent,absent,,,False,False
ootd,14181_00,cuff,True,True,present,present,0.23674573004245758,0.48781049251556396,False,False
ootd,14181_00,button hole,False,False,absent,absent,,,False,False
ootd,14181_00,button,False,False,absent,absent,,,False,False
ootd,14181_00,pocket,False,False,absent,absent,,,False,False
ootd,14181_00,zipper,False,False,absent,absent,,,False,False
ootd,14181_00,sleeve,True,True,present,present,0.27207615971565247,0.27207615971565247,False,False
ootd,14181_00,shoulder,True,True,present,present,0.30798453092575073,0.370371550321579,False,False
ootd,14181_00,logo,True,True,present,present,0.4317035377025604,0.4317035377025604,False,False
ootd,14189_00,collar,False,True,uncertain,present,,,False,False
ootd,14189_00,lapel,False,False,absent,absent,,,False,False
ootd,14189_00,cuff,False,False,absent,absent,,,False,False
ootd,14189_00,button hole,False,False,absent,absent,,,False,False
ootd,14189_00,button,False,False,absent,absent,,,False,False
ootd,14189_00,pocket,False,False,absent,absent,,,False,False
ootd,14189_00,zipper,False,False,absent,absent,,,False,False
ootd,14189_00,sleeve,True,True,present,present,0.2335871309041977,0.2519758939743042,False,False
ootd,14189_00,shoulder,True,True,present,present,0.2781423032283783,0.2781423330307007,False,False
ootd,14189_00,logo,False,False,absent,absent,,,False,False
ootd,14471_00,collar,False,False,uncertain,absent,,,False,False
ootd,14471_00,lapel,False,False,absent,absent,,,False,False
ootd,14471_00,cuff,True,True,present,present,0.31785157322883606,0.4502272307872772,False,False
ootd,14471_00,button hole,False,False,absent,absent,,,False,False
ootd,14471_00,button,False,False,absent,absent,,,False,False
ootd,14471_00,pocket,False,False,absent,absent,,,False,False
ootd,14471_00,zipper,False,False,absent,absent,,,False,False
ootd,14471_00,sleeve,True,True,present,present,0.403086394071579,0.4435543417930603,False,False
ootd,14471_00,shoulder,True,True,present,present,0.6810441613197327,0.8065420389175415,False,False
ootd,14471_00,logo,False,False,absent,absent,,,False,False
ootd,14651_00,collar,True,False,present,present,0.718778669834137,,True,False
ootd,14651_00,lapel,False,False,absent,absent,,,False,False
ootd,14651_00,cuff,True,True,present,present,0.43028366565704346,0.3715762495994568,False,False
ootd,14651_00,button hole,False,False,absent,absent,,,False,False
ootd,14651_00,button,False,False,absent,absent,,,False,False
ootd,14651_00,pocket,False,False,absent,absent,,,False,False
ootd,14651_00,zipper,False,False,absent,absent,,,False,False
ootd,14651_00,sleeve,True,True,present,present,0.4828522801399231,0.48285216093063354,False,False
ootd,14651_00,shoulder,True,True,present,present,0.5385426878929138,0.5534307956695557,False,False
ootd,14651_00,logo,False,False,uncertain,uncertain,,,False,False
