model,id,concept,gt_present,fixed_distance
coral,02180_00,collar,True,0.3631848096847534
coral,02180_00,lapel,False,
coral,02180_00,cuff,False,
coral,02180_00,button hole,False,
coral,02180_00,button,False,
coral,02180_00,pocket,False,
coral,02180_00,zipper,False,
coral,02180_00,sleeve,True,0.3592657148838043
coral,02180_00,shoulder,True,0.3758919835090637
coral,02180_00,logo,True,0.3969206213951111
coral,07150_00,collar,True,0.17218446731567383
coral,07150_00,lapel,False,
coral,07150_00,cuff,False,
coral,07150_00,button hole,False,
coral,07150_00,button,False,
coral,07150_00,pocket,False,
coral,07150_00,zipper,False,
coral,07150_00,sleeve,True,0.19426386058330536
coral,07150_00,shoulder,True,0.17062513530254364
coral,07150_00,logo,False,
coral,00401_00,collar,True,0.49703362584114075
coral,00401_00,lapel,False,
coral,00401_00,cuff,True,0.28836318850517273
coral,00401_00,button hole,False,
coral,00401_00,button,False,
coral,00401_00,pocket,False,
coral,00401_00,zipper,False,
coral,00401_00,sleeve,True,0.35406339168548584
coral,00401_00,shoulder,False,
coral,00401_00,logo,False,
coral,00494_00,collar,False,
coral,00494_00,lapel,False,
coral,00494_00,cuff,True,0.2508528232574463
coral,00494_00,button hole,False,
coral,00494_00,button,False,
coral,00494_00,pocket,False,
coral,00494_00,zipper,False,
coral,00494_00,sleeve,True,0.5421556234359741
coral,00494_00,shoulder,False,
coral,00494_00,logo,True,0.5988879799842834
coral,02336_00,collar,False,
coral,02336_00,lapel,False,
coral,02336_00,cuff,False,
coral,02336_00,button hole,False,
coral,02336_00,button,False,
coral,02336_00,pocket,False,
coral,02336_00,zipper,False,
coral,02336_00,sleeve,False,
coral,02336_00,shoulder,True,0.5489282608032227
coral,02336_00,logo,False,
coral,10731_00,collar,True,0.26261037588119507
coral,10731_00,lapel,False,
coral,10731_00,cuff,False,
coral,10731_00,button hole,False,
coral,10731_00,button,False,
coral,10731_00,pocket,False,
coral,10731_00,zipper,False,
coral,10731_00,sleeve,True,0.24334712326526642
coral,10731_00,shoulder,True,0.2818167507648468
coral,10731_00,logo,False,
coral,07212_00,collar,False,
coral,07212_00,lapel,False,
coral,07212_00,cuff,True,0.11694914847612381
coral,07212_00,button hole,False,
coral,07212_00,button,True,0.4028407633304596
coral,07212_00,pocket,False,
coral,07212_00,zipper,False,
coral,07212_00,sleeve,True,0.31002044677734375
coral,07212_00,shoulder,True,0.3582506775856018
coral,07212_00,logo,False,
coral,05544_00,collar,True,0.35402312874794006
coral,05544_00,lapel,False,
coral,05544_00,cuff,False,
coral,05544_00,button hole,False,
coral,05544_00,button,False,
coral,05544_00,pocket,False,
coral,05544_00,zipper,False,
coral,05544_00,sleeve,False,
coral,05544_00,shoulder,False,
coral,05544_00,logo,False,
coral,13988_00,collar,False,
coral,13988_00,lapel,False,
coral,13988_00,cuff,False,
coral,13988_00,button hole,False,
coral,13988_00,button,False,
coral,13988_00,pocket,False,
coral,13988_00,zipper,False,
coral,13988_00,sleeve,True,0.3340531289577484
coral,13988_00,shoulder,True,0.3930836617946625
coral,13988_00,logo,False,
coral,12661_00,collar,False,
coral,12661_00,lapel,False,
coral,12661_00,cuff,False,
coral,12661_00,button hole,False,
coral,12661_00,button,False,
coral,12661_00,pocket,False,
coral,12661_00,zipper,False,
coral,12661_00,sleeve,True,0.39458024501800537
coral,12661_00,shoulder,True,0.3421841561794281
coral,12661_00,logo,False,
coral,05329_00,collar,False,
coral,05329_00,lapel,False,
coral,05329_00,cuff,False,
coral,05329_00,button hole,False,
coral,05329_00,button,False,
coral,05329_00,pocket,False,
coral,05329_00,zipper,False,
coral,05329_00,sleeve,True,0.3076295852661133
coral,05329_00,shoulder,True,0.3727906346321106
coral,05329_00,logo,False,
coral,01877_00,collar,True,0.5546669960021973
coral,01877_00,lapel,False,
coral,01877_00,cuff,False,
coral,01877_00,button hole,False,
coral,01877_00,button,False,
coral,01877_00,pocket,False,
coral,01877_00,zipper,False,
coral,01877_00,sleeve,True,0.4546095132827759
coral,01877_00,shoulder,True,0.4431765079498291
coral,01877_00,logo,False,
coral,00272_00,collar,False,
coral,00272_00,lapel,False,
coral,00272_00,cuff,False,
coral,00272_00,button hole,False,
coral,00272_00,button,False,
coral,00272_00,pocket,False,
coral,00272_00,zipper,False,
coral,00272_00,sleeve,False,
coral,00272_00,shoulder,True,0.36889684200286865
coral,00272_00,logo,False,
coral,09940_00,collar,False,
coral,09940_00,lapel,False,
coral,09940_00,cuff,False,
coral,09940_00,button hole,False,
coral,09940_00,button,False,
coral,09940_00,pocket,False,
coral,09940_00,zipper,False,
coral,09940_00,sleeve,False,
coral,09940_00,shoulder,True,0.3569766879081726
coral,09940_00,logo,False,
coral,10657_00,collar,False,
coral,10657_00,lapel,False,
coral,10657_00,cuff,True,0.5578094124794006
coral,10657_00,button hole,False,
coral,10657_00,button,False,
coral,10657_00,pocket,False,
coral,10657_00,zipper,False,
coral,10657_00,sleeve,True,0.5941120982170105
coral,10657_00,shoulder,True,0.5552959442138672
coral,10657_00,logo,False,
coral,05156_00,collar,True,0.47444260120391846
coral,05156_00,lapel,False,
coral,05156_00,cuff,True,0.2660762667655945
coral,05156_00,button hole,False,
coral,05156_00,button,False,
coral,05156_00,pocket,False,
coral,05156_00,zipper,False,
coral,05156_00,sleeve,True,0.32711029052734375
coral,05156_00,shoulder,True,0.3876838684082031
coral,05156_00,logo,False,
coral,07599_00,collar,True,0.8129627108573914
coral,07599_00,lapel,False,
coral,07599_00,cuff,False,
coral,07599_00,button hole,False,
coral,07599_00,button,False,
coral,07599_00,pocket,False,
coral,07599_00,zipper,False,
coral,07599_00,sleeve,False,
coral,07599_00,shoulder,True,0.6649659872055054
coral,07599_00,logo,False,
coral,04847_00,collar,True,0.6627552509307861
coral,04847_00,lapel,False,
coral,04847_00,cuff,False,
coral,04847_00,button hole,False,
coral,04847_00,button,False,
coral,04847_00,pocket,False,
coral,04847_00,zipper,False,
coral,04847_00,sleeve,True,0.5221778154373169
coral,04847_00,shoulder,False,
coral,04847_00,logo,True,0.7470569610595703
coral,07707_00,collar,False,
coral,07707_00,lapel,False,
coral,07707_00,cuff,False,
coral,07707_00,button hole,False,
coral,07707_00,button,False,
coral,07707_00,pocket,False,
coral,07707_00,zipper,False,
coral,07707_00,sleeve,False,
coral,07707_00,shoulder,True,0.13943111896514893
coral,07707_00,logo,False,
coral,04944_00,collar,True,0.5360109210014343
coral,04944_00,lapel,False,
coral,04944_00,cuff,False,
coral,04944_00,button hole,False,
coral,04944_00,button,False,
coral,04944_00,pocket,False,
coral,04944_00,zipper,False,
coral,04944_00,sleeve,True,0.32822364568710327
coral,04944_00,shoulder,True,0.5239834785461426
coral,04944_00,logo,False,
coral,09067_00,collar,False,
coral,09067_00,lapel,False,
coral,09067_00,cuff,True,0.15925581753253937
coral,09067_00,button hole,False,
coral,09067_00,button,True,0.41833052039146423
coral,09067_00,pocket,False,
coral,09067_00,zipper,False,
coral,09067_00,sleeve,True,0.26668721437454224
coral,09067_00,shoulder,True,0.4355185031890869
coral,09067_00,logo,False,
coral,11001_00,collar,False,
coral,11001_00,lapel,False,
coral,11001_00,cuff,False,
coral,11001_00,button hole,False,
coral,11001_00,button,False,
coral,11001_00,pocket,False,
coral,11001_00,zipper,False,
coral,11001_00,sleeve,True,0.35065335035324097
coral,11001_00,shoulder,True,0.30925002694129944
coral,11001_00,logo,False,
coral,10843_00,collar,False,
coral,10843_00,lapel,False,
coral,10843_00,cuff,False,
coral,10843_00,button hole,False,
coral,10843_00,button,False,
coral,10843_00,pocket,False,
coral,10843_00,zipper,False,
coral,10843_00,sleeve,True,0.17984417080879211
coral,10843_00,shoulder,True,0.19308458268642426
coral,10843_00,logo,False,
coral,13491_00,collar,False,
coral,13491_00,lapel,False,
coral,13491_00,cuff,False,
coral,13491_00,button hole,False,
coral,13491_00,button,False,
coral,13491_00,pocket,False,
coral,13491_00,zipper,False,
coral,13491_00,sleeve,True,0.20826028287410736
coral,13491_00,shoulder,True,0.4114409387111664
coral,13491_00,logo,True,0.4550272822380066
coral,07965_00,collar,True,0.20549561083316803
coral,07965_00,lapel,False,
coral,07965_00,cuff,True,0.3730925917625427
coral,07965_00,button hole,False,
coral,07965_00,button,False,
coral,07965_00,pocket,False,
coral,07965_00,zipper,False,
coral,07965_00,sleeve,True,0.28648775815963745
coral,07965_00,shoulder,True,0.248166024684906
coral,07965_00,logo,False,
coral,08314_00,collar,False,
coral,08314_00,lapel,False,
coral,08314_00,cuff,False,
coral,08314_00,button hole,False,
coral,08314_00,button,False,
coral,08314_00,pocket,False,
coral,08314_00,zipper,False,
coral,08314_00,sleeve,True,0.17732812464237213
coral,08314_00,shoulder,True,0.30645254254341125
coral,08314_00,logo,False,
coral,01801_00,collar,False,
coral,01801_00,lapel,False,
coral,01801_00,cuff,False,
coral,01801_00,button hole,False,
coral,01801_00,button,False,
coral,01801_00,pocket,False,
coral,01801_00,zipper,False,
coral,01801_00,sleeve,False,
coral,01801_00,shoulder,True,0.3891327381134033
coral,01801_00,logo,False,
coral,12749_00,collar,False,
coral,12749_00,lapel,False,
coral,12749_00,cuff,False,
coral,12749_00,button hole,False,
coral,12749_00,button,False,
coral,12749_00,pocket,False,
coral,12749_00,zipper,False,
coral,12749_00,sleeve,True,0.3843419849872589
coral,12749_00,shoulder,True,0.24198436737060547
coral,12749_00,logo,False,
coral,01994_00,collar,False,
coral,01994_00,lapel,False,
coral,01994_00,cuff,False,
coral,01994_00,button hole,False,
coral,01994_00,button,False,
coral,01994_00,pocket,False,
coral,01994_00,zipper,False,
coral,01994_00,sleeve,True,0.4582103192806244
coral,01994_00,shoulder,True,0.5451860427856445
coral,01994_00,logo,False,
coral,04680_00,collar,False,
coral,04680_00,lapel,False,
coral,04680_00,cuff,False,
coral,04680_00,button hole,False,
coral,04680_00,button,True,0.3901962339878082
coral,04680_00,pocket,False,
coral,04680_00,zipper,False,
coral,04680_00,sleeve,False,
coral,04680_00,shoulder,True,0.4107927083969116
coral,04680_00,logo,False,
coral,05910_00,collar,False,
coral,05910_00,lapel,False,
coral,05910_00,cuff,False,
coral,05910_00,button hole,False,
coral,05910_00,button,False,
coral,05910_00,pocket,False,
coral,05910_00,zipper,False,
coral,05910_00,sleeve,False,
coral,05910_00,shoulder,True,0.631096363067627
coral,05910_00,logo,False,
coral,03013_00,collar,True,0.3228488266468048
coral,03013_00,lapel,False,
coral,03013_00,cuff,False,
coral,03013_00,button hole,False,
coral,03013_00,button,False,
coral,03013_00,pocket,False,
coral,03013_00,zipper,False,
coral,03013_00,sleeve,True,0.3597392439842224
coral,03013_00,shoulder,True,0.30031630396842957
coral,03013_00,logo,False,
coral,05961_00,collar,False,
coral,05961_00,lapel,False,
coral,05961_00,cuff,False,
coral,05961_00,button hole,False,
coral,05961_00,button,False,
coral,05961_00,pocket,False,
coral,05961_00,zipper,False,
coral,05961_00,sleeve,True,0.24106091260910034
coral,05961_00,shoulder,True,0.31401288509368896
coral,05961_00,logo,False,
coral,11709_00,collar,True,0.7489631175994873
coral,11709_00,lapel,False,
coral,11709_00,cuff,False,
coral,11709_00,button hole,False,
coral,11709_00,button,False,
coral,11709_00,pocket,False,
coral,11709_00,zipper,False,
coral,11709_00,sleeve,True,0.600223183631897
coral,11709_00,shoulder,True,0.6530400514602661
coral,11709_00,logo,False,
coral,14651_00,collar,True,0.5935737490653992
coral,14651_00,lapel,False,
coral,14651_00,cuff,True,0.456834077835083
coral,14651_00,button hole,False,
coral,14651_00,button,False,
coral,14651_00,pocket,False,
coral,14651_00,zipper,False,
coral,14651_00,sleeve,True,0.5000340342521667
coral,14651_00,shoulder,True,0.5278506278991699
coral,14651_00,logo,False,
coral,04699_00,collar,False,
coral,04699_00,lapel,False,
coral,04699_00,cuff,False,
coral,04699_00,button hole,False,
coral,04699_00,button,False,
coral,04699_00,pocket,False,
coral,04699_00,zipper,False,
coral,04699_00,sleeve,True,0.4413719177246094
coral,04699_00,shoulder,True,0.37268778681755066
coral,04699_00,logo,False,
coral,08650_00,collar,False,
coral,08650_00,lapel,False,
coral,08650_00,cuff,False,
coral,08650_00,button hole,False,
coral,08650_00,button,False,
coral,08650_00,pocket,False,
coral,08650_00,zipper,False,
coral,08650_00,sleeve,False,
coral,08650_00,shoulder,True,0.49854904413223267
coral,08650_00,logo,False,
coral,04893_00,collar,False,
coral,04893_00,lapel,False,
coral,04893_00,cuff,False,
coral,04893_00,button hole,False,
coral,04893_00,button,False,
coral,04893_00,pocket,False,
coral,04893_00,zipper,False,
coral,04893_00,sleeve,True,0.33306100964546204
coral,04893_00,shoulder,True,0.3267797529697418
coral,04893_00,logo,False,
coral,12541_00,collar,False,
coral,12541_00,lapel,False,
coral,12541_00,cuff,False,
coral,12541_00,button hole,False,
coral,12541_00,button,False,
coral,12541_00,pocket,False,
coral,12541_00,zipper,False,
coral,12541_00,sleeve,False,
coral,12541_00,shoulder,True,0.29527562856674194
coral,12541_00,logo,False,
coral,04652_00,collar,False,
coral,04652_00,lapel,False,
coral,04652_00,cuff,False,
coral,04652_00,button hole,False,
coral,04652_00,button,False,
coral,04652_00,pocket,False,
coral,04652_00,zipper,False,
coral,04652_00,sleeve,True,0.6258698105812073
coral,04652_00,shoulder,True,0.7027360200881958
coral,04652_00,logo,False,
coral,07884_00,collar,True,0.2105950117111206
coral,07884_00,lapel,False,
coral,07884_00,cuff,False,
coral,07884_00,button hole,False,
coral,07884_00,button,False,
coral,07884_00,pocket,False,
coral,07884_00,zipper,False,
coral,07884_00,sleeve,True,0.19374682009220123
coral,07884_00,shoulder,True,0.22918400168418884
coral,07884_00,logo,True,0.23105843365192413
coral,07966_00,collar,False,
coral,07966_00,lapel,False,
coral,07966_00,cuff,False,
coral,07966_00,button hole,False,
coral,07966_00,button,False,
coral,07966_00,pocket,False,
coral,07966_00,zipper,False,
coral,07966_00,sleeve,True,0.3160124719142914
coral,07966_00,shoulder,True,0.2624038755893707
coral,07966_00,logo,False,
coral,14173_00,collar,False,
coral,14173_00,lapel,False,
coral,14173_00,cuff,True,0.6037569642066956
coral,14173_00,button hole,False,
coral,14173_00,button,False,
coral,14173_00,pocket,False,
coral,14173_00,zipper,False,
coral,14173_00,sleeve,True,0.6042243242263794
coral,14173_00,shoulder,True,0.5202543139457703
coral,14173_00,logo,False,
coral,11913_00,collar,False,
coral,11913_00,lapel,False,
coral,11913_00,cuff,False,
coral,11913_00,button hole,False,
coral,11913_00,button,False,
coral,11913_00,pocket,False,
coral,11913_00,zipper,False,
coral,11913_00,sleeve,False,
coral,11913_00,shoulder,True,0.38672322034835815
coral,11913_00,logo,False,
coral,01090_00,collar,True,0.5983945727348328
coral,01090_00,lapel,False,
coral,01090_00,cuff,True,0.31432440876960754
coral,01090_00,button hole,False,
coral,01090_00,button,False,
coral,01090_00,pocket,False,
coral,01090_00,zipper,False,
coral,01090_00,sleeve,True,0.6346354484558105
coral,01090_00,shoulder,True,0.611450731754303
coral,01090_00,logo,False,
coral,02871_00,collar,True,0.3715967535972595
coral,02871_00,lapel,False,
coral,02871_00,cuff,False,
coral,02871_00,button hole,False,
coral,02871_00,button,False,
coral,02871_00,pocket,False,
coral,02871_00,zipper,False,
coral,02871_00,sleeve,True,0.3287685811519623
coral,02871_00,shoulder,True,0.3895856440067291
coral,02871_00,logo,True,0.3956340551376343
coral,07573_00,collar,False,
coral,07573_00,lapel,False,
coral,07573_00,cuff,False,
coral,07573_00,button hole,False,
coral,07573_00,button,False,
coral,07573_00,pocket,False,
coral,07573_00,zipper,False,
coral,07573_00,sleeve,True,0.31508201360702515
coral,07573_00,shoulder,True,0.378083735704422
coral,07573_00,logo,False,
coral,06939_00,collar,True,0.2911721169948578
coral,06939_00,lapel,False,
coral,06939_00,cuff,False,
coral,06939_00,button hole,False,
coral,06939_00,button,False,
coral,06939_00,pocket,False,
coral,06939_00,zipper,False,
coral,06939_00,sleeve,True,0.26938286423683167
coral,06939_00,shoulder,True,0.2839447855949402
coral,06939_00,logo,True,0.26816418766975403
coral,08316_00,collar,True,0.3406623303890228
coral,08316_00,lapel,False,
coral,08316_00,cuff,False,
coral,08316_00,button hole,False,
coral,08316_00,button,True,0.3058582842350006
coral,08316_00,pocket,False,
coral,08316_00,zipper,False,
coral,08316_00,sleeve,True,0.21379931271076202
coral,08316_00,shoulder,True,0.30677372217178345
coral,08316_00,logo,False,
coral,02327_00,collar,True,0.6729650497436523
coral,02327_00,lapel,False,
coral,02327_00,cuff,False,
coral,02327_00,button hole,False,
coral,02327_00,button,False,
coral,02327_00,pocket,False,
coral,02327_00,zipper,False,
coral,02327_00,sleeve,False,
coral,02327_00,shoulder,True,0.6619265675544739
coral,02327_00,logo,False,
coral,08149_00,collar,False,
coral,08149_00,lapel,False,
coral,08149_00,cuff,True,0.5448152422904968
coral,08149_00,button hole,False,
coral,08149_00,button,False,
coral,08149_00,pocket,False,
coral,08149_00,zipper,False,
coral,08149_00,sleeve,True,0.6138240098953247
coral,08149_00,shoulder,True,0.5307412147521973
coral,08149_00,logo,False,
coral,11985_00,collar,False,
coral,11985_00,lapel,False,
coral,11985_00,cuff,False,
coral,11985_00,button hole,False,
coral,11985_00,button,False,
coral,11985_00,pocket,False,
coral,11985_00,zipper,False,
coral,11985_00,sleeve,True,0.5747057795524597
coral,11985_00,shoulder,True,0.6328932642936707
coral,11985_00,logo,False,
coral,09912_00,collar,False,
coral,09912_00,lapel,False,
coral,09912_00,cuff,False,
coral,09912_00,button hole,False,
coral,09912_00,button,False,
coral,09912_00,pocket,False,
coral,09912_00,zipper,False,
coral,09912_00,sleeve,True,0.6242176294326782
coral,09912_00,shoulder,True,0.7032896280288696
coral,09912_00,logo,False,
coral,01827_00,collar,True,0.24059215188026428
coral,01827_00,lapel,False,
coral,01827_00,cuff,False,
coral,01827_00,button hole,False,
coral,01827_00,button,False,
coral,01827_00,pocket,True,0.24508246779441833
coral,01827_00,zipper,False,
coral,01827_00,sleeve,True,0.2107256054878235
coral,01827_00,shoulder,True,0.1820482760667801
coral,01827_00,logo,False,
coral,14009_00,collar,True,0.44909536838531494
coral,14009_00,lapel,False,
coral,14009_00,cuff,False,
coral,14009_00,button hole,False,
coral,14009_00,button,False,
coral,14009_00,pocket,False,
coral,14009_00,zipper,False,
coral,14009_00,sleeve,False,
coral,14009_00,shoulder,True,0.45242026448249817
coral,14009_00,logo,False,
coral,10352_00,collar,True,0.6693186163902283
coral,10352_00,lapel,False,
coral,10352_00,cuff,False,
coral,10352_00,button hole,False,
coral,10352_00,button,False,
coral,10352_00,pocket,False,
coral,10352_00,zipper,False,
coral,10352_00,sleeve,True,0.5461899042129517
coral,10352_00,shoulder,True,0.6619196534156799
coral,10352_00,logo,False,
coral,10680_00,collar,False,
coral,10680_00,lapel,False,
coral,10680_00,cuff,True,0.4489991366863251
coral,10680_00,button hole,False,
coral,10680_00,button,False,
coral,10680_00,pocket,False,
coral,10680_00,zipper,False,
coral,10680_00,sleeve,True,0.44645217061042786
coral,10680_00,shoulder,True,0.3882203698158264
coral,10680_00,logo,False,
coral,09949_00,collar,False,
coral,09949_00,lapel,False,
coral,09949_00,cuff,False,
coral,09949_00,button hole,False,
coral,09949_00,button,False,
coral,09949_00,pocket,False,
coral,09949_00,zipper,False,
coral,09949_00,sleeve,True,0.5627472400665283
coral,09949_00,shoulder,True,0.4663759469985962
coral,09949_00,logo,False,
coral,09412_00,collar,False,
coral,09412_00,lapel,False,
coral,09412_00,cuff,False,
coral,09412_00,button hole,False,
coral,09412_00,button,False,
coral,09412_00,pocket,False,
coral,09412_00,zipper,False,
coral,09412_00,sleeve,True,0.1812201589345932
coral,09412_00,shoulder,True,0.24787037074565887
coral,09412_00,logo,False,
coral,14189_00,collar,False,
coral,14189_00,lapel,False,
coral,14189_00,cuff,False,
coral,14189_00,button hole,False,
coral,14189_00,button,False,
coral,14189_00,pocket,False,
coral,14189_00,zipper,False,
coral,14189_00,sleeve,True,0.3542620539665222
coral,14189_00,shoulder,True,0.4276498854160309
coral,14189_00,logo,False,
coral,04562_00,collar,True,0.4800150394439697
coral,04562_00,lapel,False,
coral,04562_00,cuff,False,
coral,04562_00,button hole,False,
coral,04562_00,button,False,
coral,04562_00,pocket,False,
coral,04562_00,zipper,False,
coral,04562_00,sleeve,True,0.34602779150009155
coral,04562_00,shoulder,True,0.42056572437286377
coral,04562_00,logo,False,
coral,07825_00,collar,True,0.4577068090438843
coral,07825_00,lapel,False,
coral,07825_00,cuff,True,0.368979275226593
coral,07825_00,button hole,False,
coral,07825_00,button,False,
coral,07825_00,pocket,False,
coral,07825_00,zipper,False,
coral,07825_00,sleeve,True,0.42384687066078186
coral,07825_00,shoulder,True,0.5290853381156921
coral,07825_00,logo,False,
coral,12362_00,collar,False,
coral,12362_00,lapel,False,
coral,12362_00,cuff,False,
coral,12362_00,button hole,False,
coral,12362_00,button,False,
coral,12362_00,pocket,False,
coral,12362_00,zipper,False,
coral,12362_00,sleeve,True,0.28311437368392944
coral,12362_00,shoulder,True,0.2720392644405365
coral,12362_00,logo,True,0.29741349816322327
coral,11206_00,collar,False,
coral,11206_00,lapel,False,
coral,11206_00,cuff,False,
coral,11206_00,button hole,False,
coral,11206_00,button,False,
coral,11206_00,pocket,False,
coral,11206_00,zipper,False,
coral,11206_00,sleeve,True,0.43052417039871216
coral,11206_00,shoulder,True,0.2358817756175995
coral,11206_00,logo,False,
coral,06978_00,collar,False,
coral,06978_00,lapel,False,
coral,06978_00,cuff,False,
coral,06978_00,button hole,False,
coral,06978_00,button,False,
coral,06978_00,pocket,False,
coral,06978_00,zipper,False,
coral,06978_00,sleeve,True,0.29300835728645325
coral,06978_00,shoulder,True,0.3396342098712921
coral,06978_00,logo,False,
coral,02743_00,collar,True,0.5113762021064758
coral,02743_00,lapel,False,
coral,02743_00,cuff,True,0.3110966086387634
coral,02743_00,button hole,False,
coral,02743_00,button,False,
coral,02743_00,pocket,False,
coral,02743_00,zipper,False,
coral,02743_00,sleeve,True,0.3994329869747162
coral,02743_00,shoulder,True,0.3527984917163849
coral,02743_00,logo,True,0.34733471274375916
coral,10265_00,collar,False,
coral,10265_00,lapel,False,
coral,10265_00,cuff,False,
coral,10265_00,button hole,False,
coral,10265_00,button,False,
coral,10265_00,pocket,False,
coral,10265_00,zipper,False,
coral,10265_00,sleeve,False,
coral,10265_00,shoulder,True,0.5209035277366638
coral,10265_00,logo,False,
coral,09215_00,collar,True,0.13236430287361145
coral,09215_00,lapel,False,
coral,09215_00,cuff,False,
coral,09215_00,button hole,False,
coral,09215_00,button,False,
coral,09215_00,pocket,False,
coral,09215_00,zipper,False,
coral,09215_00,sleeve,True,0.18445946276187897
coral,09215_00,shoulder,True,0.15506280958652496
coral,09215_00,logo,False,
coral,07396_00,collar,False,
coral,07396_00,lapel,False,
coral,07396_00,cuff,False,
coral,07396_00,button hole,False,
coral,07396_00,button,False,
coral,07396_00,pocket,False,
coral,07396_00,zipper,False,
coral,07396_00,sleeve,True,0.4972250163555145
coral,07396_00,shoulder,True,0.5776223540306091
coral,07396_00,logo,False,
coral,06192_00,collar,True,0.313020795583725
coral,06192_00,lapel,False,
coral,06192_00,cuff,True,0.31169283390045166
coral,06192_00,button hole,False,
coral,06192_00,button,False,
coral,06192_00,pocket,False,
coral,06192_00,zipper,False,
coral,06192_00,sleeve,True,0.3335081934928894
coral,06192_00,shoulder,True,0.35151180624961853
coral,06192_00,logo,False,
coral,11892_00,collar,False,
coral,11892_00,lapel,False,
coral,11892_00,cuff,False,
coral,11892_00,button hole,False,
coral,11892_00,button,False,
coral,11892_00,pocket,False,
coral,11892_00,zipper,False,
coral,11892_00,sleeve,False,
coral,11892_00,shoulder,True,0.45402371883392334
coral,11892_00,logo,False,
coral,11994_00,collar,True,0.4957808554172516
coral,11994_00,lapel,False,
coral,11994_00,cuff,False,
coral,11994_00,button hole,False,
coral,11994_00,button,True,0.47774621844291687
coral,11994_00,pocket,False,
coral,11994_00,zipper,False,
coral,11994_00,sleeve,True,0.4556581974029541
coral,11994_00,shoulder,True,0.4561867415904999
coral,11994_00,logo,False,
coral,03950_00,collar,False,
coral,03950_00,lapel,False,
coral,03950_00,cuff,False,
coral,03950_00,button hole,False,
coral,03950_00,button,False,
coral,03950_00,pocket,False,
coral,03950_00,zipper,False,
coral,03950_00,sleeve,True,0.657315194606781
coral,03950_00,shoulder,True,0.40325602889060974
coral,03950_00,logo,False,
coral,01832_00,collar,True,0.1286693662405014
coral,01832_00,lapel,False,
coral,01832_00,cuff,False,
coral,01832_00,button hole,False,
coral,01832_00,button,False,
coral,01832_00,pocket,False,
coral,01832_00,zipper,False,
coral,01832_00,sleeve,True,0.17036177217960358
coral,01832_00,shoulder,True,0.21081499755382538
coral,01832_00,logo,False,
coral,11054_00,collar,True,0.3881494402885437
coral,11054_00,lapel,False,
coral,11054_00,cuff,True,0.5270377397537231
coral,11054_00,button hole,False,
coral,11054_00,button,False,
coral,11054_00,pocket,False,
coral,11054_00,zipper,False,
coral,11054_00,sleeve,True,0.4479706585407257
coral,11054_00,shoulder,True,0.36653846502304077
coral,11054_00,logo,False,
coral,02457_00,collar,False,
coral,02457_00,lapel,False,
coral,02457_00,cuff,False,
coral,02457_00,button hole,False,
coral,02457_00,button,False,
coral,02457_00,pocket,False,
coral,02457_00,zipper,False,
coral,02457_00,sleeve,True,0.5255380272865295
coral,02457_00,shoulder,True,0.39119356870651245
coral,02457_00,logo,False,
coral,14181_00,collar,True,0.22034500539302826
coral,14181_00,lapel,False,
coral,14181_00,cuff,True,0.22335806488990784
coral,14181_00,button hole,False,
coral,14181_00,button,False,
coral,14181_00,pocket,False,
coral,14181_00,zipper,False,
coral,14181_00,sleeve,True,0.23176456987857819
coral,14181_00,shoulder,True,0.20362988114356995
coral,14181_00,logo,True,0.21817602217197418
coral,08102_00,collar,True,0.4157413840293884
coral,08102_00,lapel,False,
coral,08102_00,cuff,False,
coral,08102_00,button hole,False,
coral,08102_00,button,False,
coral,08102_00,pocket,False,
coral,08102_00,zipper,False,
coral,08102_00,sleeve,True,0.38665735721588135
coral,08102_00,shoulder,False,
coral,08102_00,logo,False,
coral,01046_00,collar,False,
coral,01046_00,lapel,False,
coral,01046_00,cuff,True,0.3565956950187683
coral,01046_00,button hole,False,
coral,01046_00,button,True,0.4427628815174103
coral,01046_00,pocket,False,
coral,01046_00,zipper,False,
coral,01046_00,sleeve,True,0.33806440234184265
coral,01046_00,shoulder,False,
coral,01046_00,logo,False,
coral,07847_00,collar,False,
coral,07847_00,lapel,False,
coral,07847_00,cuff,False,
coral,07847_00,button hole,False,
coral,07847_00,button,False,
coral,07847_00,pocket,False,
coral,07847_00,zipper,False,
coral,07847_00,sleeve,True,0.43873387575149536
coral,07847_00,shoulder,True,0.4768868386745453
coral,07847_00,logo,False,
coral,01503_00,collar,False,
coral,01503_00,lapel,False,
coral,01503_00,cuff,False,
coral,01503_00,button hole,False,
coral,01503_00,button,False,
coral,01503_00,pocket,False,
coral,01503_00,zipper,False,
coral,01503_00,sleeve,True,0.3737589120864868
coral,01503_00,shoulder,True,0.44344860315322876
coral,01503_00,logo,False,
coral,02400_00,collar,False,
coral,02400_00,lapel,False,
coral,02400_00,cuff,False,
coral,02400_00,button hole,False,
coral,02400_00,button,False,
coral,02400_00,pocket,False,
coral,02400_00,zipper,False,
coral,02400_00,sleeve,True,0.47089046239852905
coral,02400_00,shoulder,True,0.6062017679214478
coral,02400_00,logo,False,
coral,09487_00,collar,True,0.37913522124290466
coral,09487_00,lapel,False,
coral,09487_00,cuff,True,0.5407913327217102
coral,09487_00,button hole,False,
coral,09487_00,button,False,
coral,09487_00,pocket,False,
coral,09487_00,zipper,False,
coral,09487_00,sleeve,True,0.5470210313796997
coral,09487_00,shoulder,True,0.5229395031929016
coral,09487_00,logo,False,
coral,08232_00,collar,True,0.3032262325286865
coral,08232_00,lapel,False,
coral,08232_00,cuff,False,
coral,08232_00,button hole,False,
coral,08232_00,button,True,0.3030235171318054
coral,08232_00,pocket,False,
coral,08232_00,zipper,False,
coral,08232_00,sleeve,True,0.4773501753807068
coral,08232_00,shoulder,True,0.4105614721775055
coral,08232_00,logo,False,
coral,13589_00,collar,False,
coral,13589_00,lapel,False,
coral,13589_00,cuff,False,
coral,13589_00,button hole,False,
coral,13589_00,button,False,
coral,13589_00,pocket,False,
coral,13589_00,zipper,False,
coral,13589_00,sleeve,True,0.29840925335884094
coral,13589_00,shoulder,True,0.4139503836631775
coral,13589_00,logo,False,
coral,00013_00,collar,True,0.3126122057437897
coral,00013_00,lapel,False,
coral,00013_00,cuff,True,0.25318753719329834
coral,00013_00,button hole,False,
coral,00013_00,button,False,
coral,00013_00,pocket,False,
coral,00013_00,zipper,False,
coral,00013_00,sleeve,True,0.2731931805610657
coral,00013_00,shoulder,True,0.28710219264030457
coral,00013_00,logo,True,0.38156747817993164
coral,14471_00,collar,False,
coral,14471_00,lapel,False,
coral,14471_00,cuff,True,0.42864811420440674
coral,14471_00,button hole,False,
coral,14471_00,button,False,
coral,14471_00,pocket,False,
coral,14471_00,zipper,False,
coral,14471_00,sleeve,True,0.4323699176311493
coral,14471_00,shoulder,True,0.47273629903793335
coral,14471_00,logo,False,
coral,00698_00,collar,False,
coral,00698_00,lapel,False,
coral,00698_00,cuff,False,
coral,00698_00,button hole,False,
coral,00698_00,button,False,
coral,00698_00,pocket,False,
coral,00698_00,zipper,False,
coral,00698_00,sleeve,True,0.23917394876480103
coral,00698_00,shoulder,True,0.17994338274002075
coral,00698_00,logo,False,
coral,11438_00,collar,False,
coral,11438_00,lapel,False,
coral,11438_00,cuff,False,
coral,11438_00,button hole,False,
coral,11438_00,button,False,
coral,11438_00,pocket,False,
coral,11438_00,zipper,False,
coral,11438_00,sleeve,True,0.5906396508216858
coral,11438_00,shoulder,True,0.4231688976287842
coral,11438_00,logo,False,
coral,10495_00,collar,False,
coral,10495_00,lapel,False,
coral,10495_00,cuff,False,
coral,10495_00,button hole,False,
coral,10495_00,button,False,
coral,10495_00,pocket,False,
coral,10495_00,zipper,False,
coral,10495_00,sleeve,False,
coral,10495_00,shoulder,True,0.4966749846935272
coral,10495_00,logo,False,
coral,13140_00,collar,False,
coral,13140_00,lapel,False,
coral,13140_00,cuff,True,0.40512967109680176
coral,13140_00,button hole,False,
coral,13140_00,button,False,
coral,13140_00,pocket,False,
coral,13140_00,zipper,False,
coral,13140_00,sleeve,True,0.4451585114002228
coral,13140_00,shoulder,True,0.3603407144546509
coral,13140_00,logo,False,
coral,11799_00,collar,True,0.2475815862417221
coral,11799_00,lapel,False,
coral,11799_00,cuff,False,
coral,11799_00,button hole,False,
coral,11799_00,button,False,
coral,11799_00,pocket,False,
coral,11799_00,zipper,False,
coral,11799_00,sleeve,True,0.6910915374755859
coral,11799_00,shoulder,True,0.2944040596485138
coral,11799_00,logo,False,
coral,01767_00,collar,False,
coral,01767_00,lapel,False,
coral,01767_00,cuff,False,
coral,01767_00,button hole,False,
coral,01767_00,button,True,0.2907279133796692
coral,01767_00,pocket,False,
coral,01767_00,zipper,False,
coral,01767_00,sleeve,True,0.25753486156463623
coral,01767_00,shoulder,True,0.26569297909736633
coral,01767_00,logo,False,
coral,11556_00,collar,False,
coral,11556_00,lapel,False,
coral,11556_00,cuff,True,0.5891279578208923
coral,11556_00,button hole,False,
coral,11556_00,button,False,
coral,11556_00,pocket,False,
coral,11556_00,zipper,False,
coral,11556_00,sleeve,True,0.5732677578926086
coral,11556_00,shoulder,True,0.5091204047203064
coral,11556_00,logo,False,
coral,14059_00,collar,False,
coral,14059_00,lapel,False,
coral,14059_00,cuff,False,
coral,14059_00,button hole,False,
coral,14059_00,button,False,
coral,14059_00,pocket,False,
coral,14059_00,zipper,False,
coral,14059_00,sleeve,False,
coral,14059_00,shoulder,True,0.4023134112358093
coral,14059_00,logo,False,
coral,13967_00,collar,False,
coral,13967_00,lapel,False,
coral,13967_00,cuff,False,
coral,13967_00,button hole,False,
coral,13967_00,button,False,
coral,13967_00,pocket,False,
coral,13967_00,zipper,False,
coral,13967_00,sleeve,True,0.25632137060165405
coral,13967_00,shoulder,True,0.30434560775756836
coral,13967_00,logo,False,
coral,00827_00,collar,False,
coral,00827_00,lapel,False,
coral,00827_00,cuff,False,
coral,00827_00,button hole,False,
coral,00827_00,button,False,
coral,00827_00,pocket,False,
coral,00827_00,zipper,False,
coral,00827_00,sleeve,False,
coral,00827_00,shoulder,True,0.5152033567428589
coral,00827_00,logo,False,
coral,03935_00,collar,True,0.29335400462150574
coral,03935_00,lapel,False,
coral,03935_00,cuff,True,0.42242515087127686
coral,03935_00,button hole,False,
coral,03935_00,button,False,
coral,03935_00,pocket,False,
coral,03935_00,zipper,False,
coral,03935_00,sleeve,True,0.3538716733455658
coral,03935_00,shoulder,True,0.25996294617652893
coral,03935_00,logo,False,
coral,10428_00,collar,False,
coral,10428_00,lapel,False,
coral,10428_00,cuff,False,
coral,10428_00,button hole,False,
coral,10428_00,button,False,
coral,10428_00,pocket,False,
coral,10428_00,zipper,False,
coral,10428_00,sleeve,True,0.38691478967666626
coral,10428_00,shoulder,True,0.30555039644241333
coral,10428_00,logo,False,
coral,13172_00,collar,True,0.2260272204875946
coral,13172_00,lapel,False,
coral,13172_00,cuff,False,
coral,13172_00,button hole,False,
coral,13172_00,button,False,
coral,13172_00,pocket,False,
coral,13172_00,zipper,False,
coral,13172_00,sleeve,True,0.15901009738445282
coral,13172_00,shoulder,True,0.19008676707744598
coral,13172_00,logo,True,0.19642379879951477
coral,12419_00,collar,False,
coral,12419_00,lapel,False,
coral,12419_00,cuff,False,
coral,12419_00,button hole,False,
coral,12419_00,button,False,
coral,12419_00,pocket,False,
coral,12419_00,zipper,False,
coral,12419_00,sleeve,False,
coral,12419_00,shoulder,True,0.2872065603733063
coral,12419_00,logo,False,
coral,11993_00,collar,True,0.25486576557159424
coral,11993_00,lapel,False,
coral,11993_00,cuff,True,0.2721390426158905
coral,11993_00,button hole,False,
coral,11993_00,button,False,
coral,11993_00,pocket,False,
coral,11993_00,zipper,False,
coral,11993_00,sleeve,True,0.29304230213165283
coral,11993_00,shoulder,True,0.22441406548023224
coral,11993_00,logo,False,
coral,11766_00,collar,True,0.19379021227359772
coral,11766_00,lapel,False,
coral,11766_00,cuff,False,
coral,11766_00,button hole,False,
coral,11766_00,button,False,
coral,11766_00,pocket,False,
coral,11766_00,zipper,False,
coral,11766_00,sleeve,True,0.17780405282974243
coral,11766_00,shoulder,True,0.1738031506538391
coral,11766_00,logo,False,
coral,02372_00,collar,False,
coral,02372_00,lapel,False,
coral,02372_00,cuff,False,
coral,02372_00,button hole,False,
coral,02372_00,button,False,
coral,02372_00,pocket,False,
coral,02372_00,zipper,False,
coral,02372_00,sleeve,False,
coral,02372_00,shoulder,True,0.28233131766319275
coral,02372_00,logo,False,
coral,09751_00,collar,True,0.44948330521583557
coral,09751_00,lapel,False,
coral,09751_00,cuff,False,
coral,09751_00,button hole,False,
coral,09751_00,button,False,
coral,09751_00,pocket,True,0.5008324384689331
coral,09751_00,zipper,False,
coral,09751_00,sleeve,False,
coral,09751_00,shoulder,True,0.38377633690834045
coral,09751_00,logo,False,
coral,08158_00,collar,True,0.24939629435539246
coral,08158_00,lapel,False,
coral,08158_00,cuff,True,0.3273099362850189
coral,08158_00,button hole,False,
coral,08158_00,button,False,
coral,08158_00,pocket,False,
coral,08158_00,zipper,False,
coral,08158_00,sleeve,True,0.4052736461162567
coral,08158_00,shoulder,True,0.2622361183166504
coral,08158_00,logo,False,
coral,06730_00,collar,True,0.2346499115228653
coral,06730_00,lapel,False,
coral,06730_00,cuff,True,0.2922274172306061
coral,06730_00,button hole,False,
coral,06730_00,button,False,
coral,06730_00,pocket,False,
coral,06730_00,zipper,False,
coral,06730_00,sleeve,True,0.2541726231575012
coral,06730_00,shoulder,True,0.3246302306652069
coral,06730_00,logo,False,
coral,06753_00,collar,False,
coral,06753_00,lapel,False,
coral,06753_00,cuff,False,
coral,06753_00,button hole,False,
coral,06753_00,button,False,
coral,06753_00,pocket,False,
coral,06753_00,zipper,False,
coral,06753_00,sleeve,True,0.25956296920776367
coral,06753_00,shoulder,True,0.3114168047904968
coral,06753_00,logo,False,
coral,01386_00,collar,True,0.6358550786972046
coral,01386_00,lapel,False,
coral,01386_00,cuff,False,
coral,01386_00,button hole,False,
coral,01386_00,button,False,
coral,01386_00,pocket,False,
coral,01386_00,zipper,False,
coral,01386_00,sleeve,True,0.47152769565582275
coral,01386_00,shoulder,True,0.6523069143295288
coral,01386_00,logo,False,
coral,13126_00,collar,False,
coral,13126_00,lapel,False,
coral,13126_00,cuff,False,
coral,13126_00,button hole,False,
coral,13126_00,button,False,
coral,13126_00,pocket,False,
coral,13126_00,zipper,False,
coral,13126_00,sleeve,True,0.20128174126148224
coral,13126_00,shoulder,True,0.18701107800006866
coral,13126_00,logo,False,
coral,02810_00,collar,False,
coral,02810_00,lapel,False,
coral,02810_00,cuff,False,
coral,02810_00,button hole,False,
coral,02810_00,button,False,
coral,02810_00,pocket,True,0.3784612715244293
coral,02810_00,zipper,False,
coral,02810_00,sleeve,True,0.26185593008995056
coral,02810_00,shoulder,True,0.30781540274620056
coral,02810_00,logo,False,
coral,03191_00,collar,False,
coral,03191_00,lapel,False,
coral,03191_00,cuff,False,
coral,03191_00,button hole,False,
coral,03191_00,button,False,
coral,03191_00,pocket,False,
coral,03191_00,zipper,False,
coral,03191_00,sleeve,True,0.3799911439418793
coral,03191_00,shoulder,True,0.25925755500793457
coral,03191_00,logo,False,
coral,11372_00,collar,False,
coral,11372_00,lapel,False,
coral,11372_00,cuff,False,
coral,11372_00,button hole,False,
coral,11372_00,button,False,
coral,11372_00,pocket,False,
coral,11372_00,zipper,False,
coral,11372_00,sleeve,True,0.20688402652740479
coral,11372_00,shoulder,True,0.31519415974617004
coral,11372_00,logo,False,
coral,07694_00,collar,True,0.34872597455978394
coral,07694_00,lapel,False,
coral,07694_00,cuff,False,
coral,07694_00,button hole,False,
coral,07694_00,button,False,
coral,07694_00,pocket,False,
coral,07694_00,zipper,False,
coral,07694_00,sleeve,True,0.26574617624282837
coral,07694_00,shoulder,True,0.2670716941356659
coral,07694_00,logo,True,0.37237709760665894
coral,01900_00,collar,False,
coral,01900_00,lapel,False,
coral,01900_00,cuff,True,0.2731770873069763
coral,01900_00,button hole,False,
coral,01900_00,button,False,
coral,01900_00,pocket,False,
coral,01900_00,zipper,False,
coral,01900_00,sleeve,True,0.3087994456291199
coral,01900_00,shoulder,True,0.30662986636161804
coral,01900_00,logo,False,
coral,02253_00,collar,False,
coral,02253_00,lapel,False,
coral,02253_00,cuff,True,0.888597309589386
coral,02253_00,button hole,False,
coral,02253_00,button,False,
coral,02253_00,pocket,False,
coral,02253_00,zipper,False,
coral,02253_00,sleeve,True,0.5985247492790222
coral,02253_00,shoulder,True,0.3729725778102875
coral,02253_00,logo,False,
coral,04430_00,collar,True,0.2064245194196701
coral,04430_00,lapel,False,
coral,04430_00,cuff,False,
coral,04430_00,button hole,False,
coral,04430_00,button,False,
coral,04430_00,pocket,False,
coral,04430_00,zipper,False,
coral,04430_00,sleeve,True,0.25900545716285706
coral,04430_00,shoulder,True,0.2385326772928238
coral,04430_00,logo,False,
coral,03991_00,collar,True,0.44088783860206604
coral,03991_00,lapel,False,
coral,03991_00,cuff,False,
coral,03991_00,button hole,False,
coral,03991_00,button,False,
coral,03991_00,pocket,False,
coral,03991_00,zipper,False,
coral,03991_00,sleeve,False,
coral,03991_00,shoulder,True,0.4005018472671509
coral,03991_00,logo,False,
coral,03608_00,collar,True,0.36589813232421875
coral,03608_00,lapel,False,
coral,03608_00,cuff,True,0.34684252738952637
coral,03608_00,button hole,False,
coral,03608_00,button,False,
coral,03608_00,pocket,False,
coral,03608_00,zipper,False,
coral,03608_00,sleeve,True,0.37417811155319214
coral,03608_00,shoulder,True,0.36897751688957214
coral,03608_00,logo,False,
coral,12651_00,collar,False,
coral,12651_00,lapel,False,
coral,12651_00,cuff,True,0.48008501529693604
coral,12651_00,button hole,False,
coral,12651_00,button,False,
coral,12651_00,pocket,False,
coral,12651_00,zipper,False,
coral,12651_00,sleeve,True,0.5120258927345276
coral,12651_00,shoulder,True,0.5849677324295044
coral,12651_00,logo,False,
coral,11600_00,collar,True,0.16985556483268738
coral,11600_00,lapel,False,
coral,11600_00,cuff,False,
coral,11600_00,button hole,False,
coral,11600_00,button,False,
coral,11600_00,pocket,False,
coral,11600_00,zipper,False,
coral,11600_00,sleeve,False,
coral,11600_00,shoulder,True,0.18651527166366577
coral,11600_00,logo,False,
coral,01917_00,collar,True,0.27152881026268005
coral,01917_00,lapel,False,
coral,01917_00,cuff,False,
coral,01917_00,button hole,False,
coral,01917_00,button,False,
coral,01917_00,pocket,False,
coral,01917_00,zipper,False,
coral,01917_00,sleeve,True,0.28618699312210083
coral,01917_00,shoulder,True,0.36107221245765686
coral,01917_00,logo,False,
coral,01026_00,collar,True,0.46077582240104675
coral,01026_00,lapel,False,
coral,01026_00,cuff,True,0.4376905858516693
coral,01026_00,button hole,False,
coral,01026_00,button,False,
coral,01026_00,pocket,False,
coral,01026_00,zipper,False,
coral,01026_00,sleeve,True,0.4435356855392456
coral,01026_00,shoulder,True,0.4841187596321106
coral,01026_00,logo,False,
coral,09845_00,collar,False,
coral,09845_00,lapel,False,
coral,09845_00,cuff,False,
coral,09845_00,button hole,False,
coral,09845_00,button,False,
coral,09845_00,pocket,False,
coral,09845_00,zipper,False,
coral,09845_00,sleeve,False,
coral,09845_00,shoulder,True,0.3053077161312103
coral,09845_00,logo,False,
coral,13517_00,collar,True,0.3997221291065216
coral,13517_00,lapel,False,
coral,13517_00,cuff,False,
coral,13517_00,button hole,False,
coral,13517_00,button,False,
coral,13517_00,pocket,False,
coral,13517_00,zipper,False,
coral,13517_00,sleeve,False,
coral,13517_00,shoulder,True,0.437804639339447
coral,13517_00,logo,False,
coral,02388_00,collar,True,0.48984742164611816
coral,02388_00,lapel,False,
coral,02388_00,cuff,False,
coral,02388_00,button hole,False,
coral,02388_00,button,False,
coral,02388_00,pocket,False,
coral,02388_00,zipper,False,
coral,02388_00,sleeve,True,0.46863484382629395
coral,02388_00,shoulder,True,0.4584517776966095
coral,02388_00,logo,False,
coral,12365_00,collar,False,
coral,12365_00,lapel,False,
coral,12365_00,cuff,False,
coral,12365_00,button hole,False,
coral,12365_00,button,False,
coral,12365_00,pocket,False,
coral,12365_00,zipper,False,
coral,12365_00,sleeve,False,
coral,12365_00,shoulder,True,0.1896769404411316
coral,12365_00,logo,False,
coral,12572_00,collar,False,
coral,12572_00,lapel,False,
coral,12572_00,cuff,False,
coral,12572_00,button hole,False,
coral,12572_00,button,False,
coral,12572_00,pocket,False,
coral,12572_00,zipper,False,
coral,12572_00,sleeve,True,0.3804810345172882
coral,12572_00,shoulder,True,0.6566783785820007
coral,12572_00,logo,False,
deco,02180_00,collar,True,0.39634209871292114
deco,02180_00,lapel,False,
deco,02180_00,cuff,False,
deco,02180_00,button hole,False,
deco,02180_00,button,False,
deco,02180_00,pocket,False,
deco,02180_00,zipper,False,
deco,02180_00,sleeve,True,0.34650754928588867
deco,02180_00,shoulder,True,0.33881884813308716
deco,02180_00,logo,True,0.28824031352996826
deco,07150_00,collar,True,0.22278578579425812
deco,07150_00,lapel,False,
deco,07150_00,cuff,False,
deco,07150_00,button hole,False,
deco,07150_00,button,False,
deco,07150_00,pocket,False,
deco,07150_00,zipper,False,
deco,07150_00,sleeve,True,0.16417503356933594
deco,07150_00,shoulder,True,0.17745666205883026
deco,07150_00,logo,False,
deco,00401_00,collar,True,0.5074499249458313
deco,00401_00,lapel,False,
deco,00401_00,cuff,True,0.3045710027217865
deco,00401_00,button hole,False,
deco,00401_00,button,False,
deco,00401_00,pocket,False,
deco,00401_00,zipper,False,
deco,00401_00,sleeve,True,0.34564805030822754
deco,00401_00,shoulder,False,
deco,00401_00,logo,False,
deco,00494_00,collar,False,
deco,00494_00,lapel,False,
deco,00494_00,cuff,True,0.34380245208740234
deco,00494_00,button hole,False,
deco,00494_00,button,False,
deco,00494_00,pocket,False,
deco,00494_00,zipper,False,
deco,00494_00,sleeve,True,0.40017709136009216
deco,00494_00,shoulder,False,
deco,00494_00,logo,True,0.5401383638381958
deco,02336_00,collar,False,
deco,02336_00,lapel,False,
deco,02336_00,cuff,False,
deco,02336_00,button hole,False,
deco,02336_00,button,False,
deco,02336_00,pocket,False,
deco,02336_00,zipper,False,
deco,02336_00,sleeve,False,
deco,02336_00,shoulder,True,0.5307554602622986
deco,02336_00,logo,False,
deco,10731_00,collar,True,0.26284554600715637
deco,10731_00,lapel,False,
deco,10731_00,cuff,False,
deco,10731_00,button hole,False,
deco,10731_00,button,False,
deco,10731_00,pocket,False,
deco,10731_00,zipper,False,
deco,10731_00,sleeve,True,0.2834511697292328
deco,10731_00,shoulder,True,0.28672516345977783
deco,10731_00,logo,False,
deco,07212_00,collar,False,
deco,07212_00,lapel,False,
deco,07212_00,cuff,True,0.11536531150341034
deco,07212_00,button hole,False,
deco,07212_00,button,True,0.23843684792518616
deco,07212_00,pocket,False,
deco,07212_00,zipper,False,
deco,07212_00,sleeve,True,0.280701220035553
deco,07212_00,shoulder,True,0.3177204132080078
deco,07212_00,logo,False,
deco,05544_00,collar,True,0.33877721428871155
deco,05544_00,lapel,False,
deco,05544_00,cuff,False,
deco,05544_00,button hole,False,
deco,05544_00,button,False,
deco,05544_00,pocket,False,
deco,05544_00,zipper,False,
deco,05544_00,sleeve,False,
deco,05544_00,shoulder,False,
deco,05544_00,logo,False,
deco,13988_00,collar,False,
deco,13988_00,lapel,False,
deco,13988_00,cuff,False,
deco,13988_00,button hole,False,
deco,13988_00,button,False,
deco,13988_00,pocket,False,
deco,13988_00,zipper,False,
deco,13988_00,sleeve,True,0.26302623748779297
deco,13988_00,shoulder,True,0.36718130111694336
deco,13988_00,logo,False,
deco,12661_00,collar,False,
deco,12661_00,lapel,False,
deco,12661_00,cuff,False,
deco,12661_00,button hole,False,
deco,12661_00,button,False,
deco,12661_00,pocket,False,
deco,12661_00,zipper,False,
deco,12661_00,sleeve,True,0.4635964632034302
deco,12661_00,shoulder,True,0.3912947475910187
deco,12661_00,logo,False,
deco,05329_00,collar,False,
deco,05329_00,lapel,False,
deco,05329_00,cuff,False,
deco,05329_00,button hole,False,
deco,05329_00,button,False,
deco,05329_00,pocket,False,
deco,05329_00,zipper,False,
deco,05329_00,sleeve,True,0.34719300270080566
deco,05329_00,shoulder,True,0.3110753893852234
deco,05329_00,logo,False,
deco,01877_00,collar,True,0.3775363266468048
deco,01877_00,lapel,False,
deco,01877_00,cuff,False,
deco,01877_00,button hole,False,
deco,01877_00,button,False,
deco,01877_00,pocket,False,
deco,01877_00,zipper,False,
deco,01877_00,sleeve,True,0.31288281083106995
deco,01877_00,shoulder,True,0.3250969350337982
deco,01877_00,logo,False,
deco,00272_00,collar,False,
deco,00272_00,lapel,False,
deco,00272_00,cuff,False,
deco,00272_00,button hole,False,
deco,00272_00,button,False,
deco,00272_00,pocket,False,
deco,00272_00,zipper,False,
deco,00272_00,sleeve,False,
deco,00272_00,shoulder,True,0.34219732880592346
deco,00272_00,logo,False,
deco,09940_00,collar,False,
deco,09940_00,lapel,False,
deco,09940_00,cuff,False,
deco,09940_00,button hole,False,
deco,09940_00,button,False,
deco,09940_00,pocket,False,
deco,09940_00,zipper,False,
deco,09940_00,sleeve,False,
deco,09940_00,shoulder,True,0.40683087706565857
deco,09940_00,logo,False,
deco,10657_00,collar,False,
deco,10657_00,lapel,False,
deco,10657_00,cuff,True,0.4898982048034668
deco,10657_00,button hole,False,
deco,10657_00,button,False,
deco,10657_00,pocket,False,
deco,10657_00,zipper,False,
deco,10657_00,sleeve,True,0.46744340658187866
deco,10657_00,shoulder,True,0.5497890710830688
deco,10657_00,logo,False,
deco,05156_00,collar,True,0.4102211892604828
deco,05156_00,lapel,False,
deco,05156_00,cuff,True,0.23515982925891876
deco,05156_00,button hole,False,
deco,05156_00,button,False,
deco,05156_00,pocket,False,
deco,05156_00,zipper,False,
deco,05156_00,sleeve,True,0.28365999460220337
deco,05156_00,shoulder,True,0.33555588126182556
deco,05156_00,logo,False,
deco,07599_00,collar,True,0.7301126718521118
deco,07599_00,lapel,False,
deco,07599_00,cuff,False,
deco,07599_00,button hole,False,
deco,07599_00,button,False,
deco,07599_00,pocket,False,
deco,07599_00,zipper,False,
deco,07599_00,sleeve,False,
deco,07599_00,shoulder,True,0.7310259938240051
deco,07599_00,logo,False,
deco,04847_00,collar,True,0.6430315375328064
deco,04847_00,lapel,False,
deco,04847_00,cuff,False,
deco,04847_00,button hole,False,
deco,04847_00,button,False,
deco,04847_00,pocket,False,
deco,04847_00,zipper,False,
deco,04847_00,sleeve,True,0.5534985065460205
deco,04847_00,shoulder,False,
deco,04847_00,logo,True,0.7803881168365479
deco,07707_00,collar,False,
deco,07707_00,lapel,False,
deco,07707_00,cuff,False,
deco,07707_00,button hole,False,
deco,07707_00,button,False,
deco,07707_00,pocket,False,
deco,07707_00,zipper,False,
deco,07707_00,sleeve,False,
deco,07707_00,shoulder,True,0.17636115849018097
deco,07707_00,logo,False,
deco,04944_00,collar,True,0.6544715166091919
deco,04944_00,lapel,False,
deco,04944_00,cuff,False,
deco,04944_00,button hole,False,
deco,04944_00,button,False,
deco,04944_00,pocket,False,
deco,04944_00,zipper,False,
deco,04944_00,sleeve,True,0.3588998317718506
deco,04944_00,shoulder,True,0.5699080228805542
deco,04944_00,logo,False,
deco,09067_00,collar,False,
deco,09067_00,lapel,False,
deco,09067_00,cuff,True,0.162956103682518
deco,09067_00,button hole,False,
deco,09067_00,button,True,0.361261248588562
deco,09067_00,pocket,False,
deco,09067_00,zipper,False,
deco,09067_00,sleeve,True,0.23940372467041016
deco,09067_00,shoulder,True,0.32123348116874695
deco,09067_00,logo,False,
deco,11001_00,collar,False,
deco,11001_00,lapel,False,
deco,11001_00,cuff,False,
deco,11001_00,button hole,False,
deco,11001_00,button,False,
deco,11001_00,pocket,False,
deco,11001_00,zipper,False,
deco,11001_00,sleeve,True,0.2737793028354645
deco,11001_00,shoulder,True,0.28386735916137695
deco,11001_00,logo,False,
deco,10843_00,collar,False,
deco,10843_00,lapel,False,
deco,10843_00,cuff,False,
deco,10843_00,button hole,False,
deco,10843_00,button,False,
deco,10843_00,pocket,False,
deco,10843_00,zipper,False,
deco,10843_00,sleeve,True,0.282247394323349
deco,10843_00,shoulder,True,0.3733181953430176
deco,10843_00,logo,False,
deco,13491_00,collar,False,
deco,13491_00,lapel,False,
deco,13491_00,cuff,False,
deco,13491_00,button hole,False,
deco,13491_00,button,False,
deco,13491_00,pocket,False,
deco,13491_00,zipper,False,
deco,13491_00,sleeve,True,0.20936529338359833
deco,13491_00,shoulder,True,0.3108610212802887
deco,13491_00,logo,True,0.551565408706665
deco,07965_00,collar,True,0.2586868107318878
deco,07965_00,lapel,False,
deco,07965_00,cuff,True,0.4317871630191803
deco,07965_00,button hole,False,
deco,07965_00,button,False,
deco,07965_00,pocket,False,
deco,07965_00,zipper,False,
deco,07965_00,sleeve,True,0.18695876002311707
deco,07965_00,shoulder,True,0.24351318180561066
deco,07965_00,logo,False,
deco,08314_00,collar,False,
deco,08314_00,lapel,False,
deco,08314_00,cuff,False,
deco,08314_00,button hole,False,
deco,08314_00,button,False,
deco,08314_00,pocket,False,
deco,08314_00,zipper,False,
deco,08314_00,sleeve,True,0.261210560798645
deco,08314_00,shoulder,True,0.46695172786712646
deco,08314_00,logo,False,
deco,01801_00,collar,False,
deco,01801_00,lapel,False,
deco,01801_00,cuff,False,
deco,01801_00,button hole,False,
deco,01801_00,button,False,
deco,01801_00,pocket,False,
deco,01801_00,zipper,False,
deco,01801_00,sleeve,False,
deco,01801_00,shoulder,True,0.286357581615448
deco,01801_00,logo,False,
deco,12749_00,collar,False,
deco,12749_00,lapel,False,
deco,12749_00,cuff,False,
deco,12749_00,button hole,False,
deco,12749_00,button,False,
deco,12749_00,pocket,False,
deco,12749_00,zipper,False,
deco,12749_00,sleeve,True,0.3790947496891022
deco,12749_00,shoulder,True,0.41779232025146484
deco,12749_00,logo,False,
deco,01994_00,collar,False,
deco,01994_00,lapel,False,
deco,01994_00,cuff,False,
deco,01994_00,button hole,False,
deco,01994_00,button,False,
deco,01994_00,pocket,False,
deco,01994_00,zipper,False,
deco,01994_00,sleeve,True,0.20665223896503448
deco,01994_00,shoulder,True,0.17463381588459015
deco,01994_00,logo,False,
deco,04680_00,collar,False,
deco,04680_00,lapel,False,
deco,04680_00,cuff,False,
deco,04680_00,button hole,False,
deco,04680_00,button,True,0.3444574475288391
deco,04680_00,pocket,False,
deco,04680_00,zipper,False,
deco,04680_00,sleeve,False,
deco,04680_00,shoulder,True,0.2768160402774811
deco,04680_00,logo,False,
deco,05910_00,collar,False,
deco,05910_00,lapel,False,
deco,05910_00,cuff,False,
deco,05910_00,button hole,False,
deco,05910_00,button,False,
deco,05910_00,pocket,False,
deco,05910_00,zipper,False,
deco,05910_00,sleeve,False,
deco,05910_00,shoulder,True,0.4366767704486847
deco,05910_00,logo,False,
deco,03013_00,collar,True,0.2950306236743927
deco,03013_00,lapel,False,
deco,03013_00,cuff,False,
deco,03013_00,button hole,False,
deco,03013_00,button,False,
deco,03013_00,pocket,False,
deco,03013_00,zipper,False,
deco,03013_00,sleeve,True,0.37306731939315796
deco,03013_00,shoulder,True,0.3366040885448456
deco,03013_00,logo,False,
deco,05961_00,collar,False,
deco,05961_00,lapel,False,
deco,05961_00,cuff,False,
deco,05961_00,button hole,False,
deco,05961_00,button,False,
deco,05961_00,pocket,False,
deco,05961_00,zipper,False,
deco,05961_00,sleeve,True,0.32748690247535706
deco,05961_00,shoulder,True,0.3498944044113159
deco,05961_00,logo,False,
deco,11709_00,collar,True,0.7488478422164917
deco,11709_00,lapel,False,
deco,11709_00,cuff,False,
deco,11709_00,button hole,False,
deco,11709_00,button,False,
deco,11709_00,pocket,False,
deco,11709_00,zipper,False,
deco,11709_00,sleeve,True,0.5585680603981018
deco,11709_00,shoulder,True,0.6986139416694641
deco,11709_00,logo,False,
deco,14651_00,collar,True,0.46687501668930054
deco,14651_00,lapel,False,
deco,14651_00,cuff,True,0.2709537446498871
deco,14651_00,button hole,False,
deco,14651_00,button,False,
deco,14651_00,pocket,False,
deco,14651_00,zipper,False,
deco,14651_00,sleeve,True,0.3068692088127136
deco,14651_00,shoulder,True,0.37919339537620544
deco,14651_00,logo,False,
deco,04699_00,collar,False,
deco,04699_00,lapel,False,
deco,04699_00,cuff,False,
deco,04699_00,button hole,False,
deco,04699_00,button,False,
deco,04699_00,pocket,False,
deco,04699_00,zipper,False,
deco,04699_00,sleeve,True,0.3050119876861572
deco,04699_00,shoulder,True,0.23049946129322052
deco,04699_00,logo,False,
deco,08650_00,collar,False,
deco,08650_00,lapel,False,
deco,08650_00,cuff,False,
deco,08650_00,button hole,False,
deco,08650_00,button,False,
deco,08650_00,pocket,False,
deco,08650_00,zipper,False,
deco,08650_00,sleeve,False,
deco,08650_00,shoulder,True,0.395039439201355
deco,08650_00,logo,False,
deco,04893_00,collar,False,
deco,04893_00,lapel,False,
deco,04893_00,cuff,False,
deco,04893_00,button hole,False,
deco,04893_00,button,False,
deco,04893_00,pocket,False,
deco,04893_00,zipper,False,
deco,04893_00,sleeve,True,0.2840310335159302
deco,04893_00,shoulder,True,0.3080064654350281
deco,04893_00,logo,False,
deco,12541_00,collar,False,
deco,12541_00,lapel,False,
deco,12541_00,cuff,False,
deco,12541_00,button hole,False,
deco,12541_00,button,False,
deco,12541_00,pocket,False,
deco,12541_00,zipper,False,
deco,12541_00,sleeve,False,
deco,12541_00,shoulder,True,0.3086013197898865
deco,12541_00,logo,False,
deco,04652_00,collar,False,
deco,04652_00,lapel,False,
deco,04652_00,cuff,False,
deco,04652_00,button hole,False,
deco,04652_00,button,False,
deco,04652_00,pocket,False,
deco,04652_00,zipper,False,
deco,04652_00,sleeve,True,0.42310571670532227
deco,04652_00,shoulder,True,0.5219168066978455
deco,04652_00,logo,False,
deco,07884_00,collar,True,0.3268600106239319
deco,07884_00,lapel,False,
deco,07884_00,cuff,False,
deco,07884_00,button hole,False,
deco,07884_00,button,False,
deco,07884_00,pocket,False,
deco,07884_00,zipper,False,
deco,07884_00,sleeve,True,0.29967615008354187
deco,07884_00,shoulder,True,0.28655025362968445
deco,07884_00,logo,True,0.331695556640625
deco,07966_00,collar,False,
deco,07966_00,lapel,False,
deco,07966_00,cuff,False,
deco,07966_00,button hole,False,
deco,07966_00,button,False,
deco,07966_00,pocket,False,
deco,07966_00,zipper,False,
deco,07966_00,sleeve,True,0.2559458911418915
deco,07966_00,shoulder,True,0.2824420630931854
deco,07966_00,logo,False,
deco,14173_00,collar,False,
deco,14173_00,lapel,False,
deco,14173_00,cuff,True,0.5743871927261353
deco,14173_00,button hole,False,
deco,14173_00,button,False,
deco,14173_00,pocket,False,
deco,14173_00,zipper,False,
deco,14173_00,sleeve,True,0.7002589702606201
deco,14173_00,shoulder,True,0.5544983148574829
deco,14173_00,logo,False,
deco,11913_00,collar,False,
deco,11913_00,lapel,False,
deco,11913_00,cuff,False,
deco,11913_00,button hole,False,
deco,11913_00,button,False,
deco,11913_00,pocket,False,
deco,11913_00,zipper,False,
deco,11913_00,sleeve,False,
deco,11913_00,shoulder,True,0.6436305642127991
deco,11913_00,logo,False,
deco,01090_00,collar,True,0.5331093072891235
deco,01090_00,lapel,False,
deco,01090_00,cuff,True,0.33096587657928467
deco,01090_00,button hole,False,
deco,01090_00,button,False,
deco,01090_00,pocket,False,
deco,01090_00,zipper,False,
deco,01090_00,sleeve,True,0.44651708006858826
deco,01090_00,shoulder,True,0.5188438892364502
deco,01090_00,logo,False,
deco,02871_00,collar,True,0.29953664541244507
deco,02871_00,lapel,False,
deco,02871_00,cuff,False,
deco,02871_00,button hole,False,
deco,02871_00,button,False,
deco,02871_00,pocket,False,
deco,02871_00,zipper,False,
deco,02871_00,sleeve,True,0.32737860083580017
deco,02871_00,shoulder,True,0.3573751449584961
deco,02871_00,logo,True,0.35076987743377686
deco,07573_00,collar,False,
deco,07573_00,lapel,False,
deco,07573_00,cuff,False,
deco,07573_00,button hole,False,
deco,07573_00,button,False,
deco,07573_00,pocket,False,
deco,07573_00,zipper,False,
deco,07573_00,sleeve,True,0.2744711637496948
deco,07573_00,shoulder,True,0.4022452235221863
deco,07573_00,logo,False,
deco,06939_00,collar,True,0.32990995049476624
deco,06939_00,lapel,False,
deco,06939_00,cuff,False,
deco,06939_00,button hole,False,
deco,06939_00,button,False,
deco,06939_00,pocket,False,
deco,06939_00,zipper,False,
deco,06939_00,sleeve,True,0.2661154866218567
deco,06939_00,shoulder,True,0.2855888307094574
deco,06939_00,logo,True,0.2788197696208954
deco,08316_00,collar,True,0.3330680727958679
deco,08316_00,lapel,False,
deco,08316_00,cuff,False,
deco,08316_00,button hole,False,
deco,08316_00,button,True,0.24522264301776886
deco,08316_00,pocket,False,
deco,08316_00,zipper,False,
deco,08316_00,sleeve,True,0.2692472040653229
deco,08316_00,shoulder,True,0.3168265223503113
deco,08316_00,logo,False,
deco,02327_00,collar,True,0.513115644454956
deco,02327_00,lapel,False,
deco,02327_00,cuff,False,
deco,02327_00,button hole,False,
deco,02327_00,button,False,
deco,02327_00,pocket,False,
deco,02327_00,zipper,False,
deco,02327_00,sleeve,False,
deco,02327_00,shoulder,True,0.45364999771118164
deco,02327_00,logo,False,
deco,08149_00,collar,False,
deco,08149_00,lapel,False,
deco,08149_00,cuff,True,0.31297606229782104
deco,08149_00,button hole,False,
deco,08149_00,button,False,
deco,08149_00,pocket,False,
deco,08149_00,zipper,False,
deco,08149_00,sleeve,True,0.3119378983974457
deco,08149_00,shoulder,True,0.22362901270389557
deco,08149_00,logo,False,
deco,11985_00,collar,False,
deco,11985_00,lapel,False,
deco,11985_00,cuff,False,
deco,11985_00,button hole,False,
deco,11985_00,button,False,
deco,11985_00,pocket,False,
deco,11985_00,zipper,False,
deco,11985_00,sleeve,True,0.46645861864089966
deco,11985_00,shoulder,True,0.6792664527893066
deco,11985_00,logo,False,
deco,09912_00,collar,False,
deco,09912_00,lapel,False,
deco,09912_00,cuff,False,
deco,09912_00,button hole,False,
deco,09912_00,button,False,
deco,09912_00,pocket,False,
deco,09912_00,zipper,False,
deco,09912_00,sleeve,True,0.35213226079940796
deco,09912_00,shoulder,True,0.3778580129146576
deco,09912_00,logo,False,
deco,01827_00,collar,True,0.2445487231016159
deco,01827_00,lapel,False,
deco,01827_00,cuff,False,
deco,01827_00,button hole,False,
deco,01827_00,button,False,
deco,01827_00,pocket,True,0.233928382396698
deco,01827_00,zipper,False,
deco,01827_00,sleeve,True,0.272039532661438
deco,01827_00,shoulder,True,0.20761007070541382
deco,01827_00,logo,False,
deco,14009_00,collar,True,0.5994371771812439
deco,14009_00,lapel,False,
deco,14009_00,cuff,False,
deco,14009_00,button hole,False,
deco,14009_00,button,False,
deco,14009_00,pocket,False,
deco,14009_00,zipper,False,
deco,14009_00,sleeve,False,
deco,14009_00,shoulder,True,0.6548288464546204
deco,14009_00,logo,False,
deco,10352_00,collar,True,0.425514817237854
deco,10352_00,lapel,False,
deco,10352_00,cuff,False,
deco,10352_00,button hole,False,
deco,10352_00,button,False,
deco,10352_00,pocket,False,
deco,10352_00,zipper,False,
deco,10352_00,sleeve,True,0.38458675146102905
deco,10352_00,shoulder,True,0.4227265417575836
deco,10352_00,logo,False,
deco,10680_00,collar,False,
deco,10680_00,lapel,False,
deco,10680_00,cuff,True,0.49747395515441895
deco,10680_00,button hole,False,
deco,10680_00,button,False,
deco,10680_00,pocket,False,
deco,10680_00,zipper,False,
deco,10680_00,sleeve,True,0.550824761390686
deco,10680_00,shoulder,True,0.4896860718727112
deco,10680_00,logo,False,
deco,09949_00,collar,False,
deco,09949_00,lapel,False,
deco,09949_00,cuff,False,
deco,09949_00,button hole,False,
deco,09949_00,button,False,
deco,09949_00,pocket,False,
deco,09949_00,zipper,False,
deco,09949_00,sleeve,True,0.36786097288131714
deco,09949_00,shoulder,True,0.48230424523353577
deco,09949_00,logo,False,
deco,09412_00,collar,False,
deco,09412_00,lapel,False,
deco,09412_00,cuff,False,
deco,09412_00,button hole,False,
deco,09412_00,button,False,
deco,09412_00,pocket,False,
deco,09412_00,zipper,False,
deco,09412_00,sleeve,True,0.3038433790206909
deco,09412_00,shoulder,True,0.4307384490966797
deco,09412_00,logo,False,
deco,14189_00,collar,False,
deco,14189_00,lapel,False,
deco,14189_00,cuff,False,
deco,14189_00,button hole,False,
deco,14189_00,button,False,
deco,14189_00,pocket,False,
deco,14189_00,zipper,False,
deco,14189_00,sleeve,True,0.25658920407295227
deco,14189_00,shoulder,True,0.2950572967529297
deco,14189_00,logo,False,
deco,04562_00,collar,True,0.5726235508918762
deco,04562_00,lapel,False,
deco,04562_00,cuff,False,
deco,04562_00,button hole,False,
deco,04562_00,button,False,
deco,04562_00,pocket,False,
deco,04562_00,zipper,False,
deco,04562_00,sleeve,True,0.4277900159358978
deco,04562_00,shoulder,True,0.4878046214580536
deco,04562_00,logo,False,
deco,07825_00,collar,True,0.4261280596256256
deco,07825_00,lapel,False,
deco,07825_00,cuff,True,0.2738814353942871
deco,07825_00,button hole,False,
deco,07825_00,button,False,
deco,07825_00,pocket,False,
deco,07825_00,zipper,False,
deco,07825_00,sleeve,True,0.3656494617462158
deco,07825_00,shoulder,True,0.3879130780696869
deco,07825_00,logo,False,
deco,12362_00,collar,False,
deco,12362_00,lapel,False,
deco,12362_00,cuff,False,
deco,12362_00,button hole,False,
deco,12362_00,button,False,
deco,12362_00,pocket,False,
deco,12362_00,zipper,False,
deco,12362_00,sleeve,True,0.1945694386959076
deco,12362_00,shoulder,True,0.2091480791568756
deco,12362_00,logo,True,0.21453003585338593
deco,11206_00,collar,False,
deco,11206_00,lapel,False,
deco,11206_00,cuff,False,
deco,11206_00,button hole,False,
deco,11206_00,button,False,
deco,11206_00,pocket,False,
deco,11206_00,zipper,False,
deco,11206_00,sleeve,True,0.22885426878929138
deco,11206_00,shoulder,True,0.23933430016040802
deco,11206_00,logo,False,
deco,06978_00,collar,False,
deco,06978_00,lapel,False,
deco,06978_00,cuff,False,
deco,06978_00,button hole,False,
deco,06978_00,button,False,
deco,06978_00,pocket,False,
deco,06978_00,zipper,False,
deco,06978_00,sleeve,True,0.31312957406044006
deco,06978_00,shoulder,True,0.30844634771347046
deco,06978_00,logo,False,
deco,02743_00,collar,True,0.31892749667167664
deco,02743_00,lapel,False,
deco,02743_00,cuff,True,0.2559410333633423
deco,02743_00,button hole,False,
deco,02743_00,button,False,
deco,02743_00,pocket,False,
deco,02743_00,zipper,False,
deco,02743_00,sleeve,True,0.24858525395393372
deco,02743_00,shoulder,True,0.25793200731277466
deco,02743_00,logo,True,0.19243142008781433
deco,10265_00,collar,False,
deco,10265_00,lapel,False,
deco,10265_00,cuff,False,
deco,10265_00,button hole,False,
deco,10265_00,button,False,
deco,10265_00,pocket,False,
deco,10265_00,zipper,False,
deco,10265_00,sleeve,False,
deco,10265_00,shoulder,True,0.6096404194831848
deco,10265_00,logo,False,
deco,09215_00,collar,True,0.19486397504806519
deco,09215_00,lapel,False,
deco,09215_00,cuff,False,
deco,09215_00,button hole,False,
deco,09215_00,button,False,
deco,09215_00,pocket,False,
deco,09215_00,zipper,False,
deco,09215_00,sleeve,True,0.2513396143913269
deco,09215_00,shoulder,True,0.2495812177658081
deco,09215_00,logo,False,
deco,07396_00,collar,False,
deco,07396_00,lapel,False,
deco,07396_00,cuff,False,
deco,07396_00,button hole,False,
deco,07396_00,button,False,
deco,07396_00,pocket,False,
deco,07396_00,zipper,False,
deco,07396_00,sleeve,True,0.2680998146533966
deco,07396_00,shoulder,True,0.32029491662979126
deco,07396_00,logo,False,
deco,06192_00,collar,True,0.2410411387681961
deco,06192_00,lapel,False,
deco,06192_00,cuff,True,0.30628764629364014
deco,06192_00,button hole,False,
deco,06192_00,button,False,
deco,06192_00,pocket,False,
deco,06192_00,zipper,False,
deco,06192_00,sleeve,True,0.4175962507724762
deco,06192_00,shoulder,True,0.30087438225746155
deco,06192_00,logo,False,
deco,11892_00,collar,False,
deco,11892_00,lapel,False,
deco,11892_00,cuff,False,
deco,11892_00,button hole,False,
deco,11892_00,button,False,
deco,11892_00,pocket,False,
deco,11892_00,zipper,False,
deco,11892_00,sleeve,False,
deco,11892_00,shoulder,True,0.45482757687568665
deco,11892_00,logo,False,
deco,11994_00,collar,True,0.511469304561615
deco,11994_00,lapel,False,
deco,11994_00,cuff,False,
deco,11994_00,button hole,False,
deco,11994_00,button,True,0.5648745894432068
deco,11994_00,pocket,False,
deco,11994_00,zipper,False,
deco,11994_00,sleeve,True,0.4771578907966614
deco,11994_00,shoulder,True,0.4828602075576782
deco,11994_00,logo,False,
deco,03950_00,collar,False,
deco,03950_00,lapel,False,
deco,03950_00,cuff,False,
deco,03950_00,button hole,False,
deco,03950_00,button,False,
deco,03950_00,pocket,False,
deco,03950_00,zipper,False,
deco,03950_00,sleeve,True,0.47828561067581177
deco,03950_00,shoulder,True,0.5204180479049683
deco,03950_00,logo,False,
deco,01832_00,collar,True,0.12119366973638535
deco,01832_00,lapel,False,
deco,01832_00,cuff,False,
deco,01832_00,button hole,False,
deco,01832_00,button,False,
deco,01832_00,pocket,False,
deco,01832_00,zipper,False,
deco,01832_00,sleeve,True,0.19841724634170532
deco,01832_00,shoulder,True,0.21816852688789368
deco,01832_00,logo,False,
deco,11054_00,collar,True,0.5000180602073669
deco,11054_00,lapel,False,
deco,11054_00,cuff,True,0.8673322796821594
deco,11054_00,button hole,False,
deco,11054_00,button,False,
deco,11054_00,pocket,False,
deco,11054_00,zipper,False,
deco,11054_00,sleeve,True,0.8199774026870728
deco,11054_00,shoulder,True,0.5546239614486694
deco,11054_00,logo,False,
deco,02457_00,collar,False,
deco,02457_00,lapel,False,
deco,02457_00,cuff,False,
deco,02457_00,button hole,False,
deco,02457_00,button,False,
deco,02457_00,pocket,False,
deco,02457_00,zipper,False,
deco,02457_00,sleeve,True,0.3066951632499695
deco,02457_00,shoulder,True,0.30264633893966675
deco,02457_00,logo,False,
deco,14181_00,collar,True,0.19979971647262573
deco,14181_00,lapel,False,
deco,14181_00,cuff,True,0.19022877514362335
deco,14181_00,button hole,False,
deco,14181_00,button,False,
deco,14181_00,pocket,False,
deco,14181_00,zipper,False,
deco,14181_00,sleeve,True,0.2141655534505844
deco,14181_00,shoulder,True,0.28222256898880005
deco,14181_00,logo,True,0.2421501874923706
deco,08102_00,collar,True,0.5283492207527161
deco,08102_00,lapel,False,
deco,08102_00,cuff,False,
deco,08102_00,button hole,False,
deco,08102_00,button,False,
deco,08102_00,pocket,False,
deco,08102_00,zipper,False,
deco,08102_00,sleeve,True,0.3879472017288208
deco,08102_00,shoulder,False,
deco,08102_00,logo,False,
deco,01046_00,collar,False,
deco,01046_00,lapel,False,
deco,01046_00,cuff,True,0.3604520261287689
deco,01046_00,button hole,False,
deco,01046_00,button,True,0.43224096298217773
deco,01046_00,pocket,False,
deco,01046_00,zipper,False,
deco,01046_00,sleeve,True,0.3213173449039459
deco,01046_00,shoulder,False,
deco,01046_00,logo,False,
deco,07847_00,collar,False,
deco,07847_00,lapel,False,
deco,07847_00,cuff,False,
deco,07847_00,button hole,False,
deco,07847_00,button,False,
deco,07847_00,pocket,False,
deco,07847_00,zipper,False,
deco,07847_00,sleeve,True,0.42854616045951843
deco,07847_00,shoulder,True,0.37509840726852417
deco,07847_00,logo,False,
deco,01503_00,collar,False,
deco,01503_00,lapel,False,
deco,01503_00,cuff,False,
deco,01503_00,button hole,False,
deco,01503_00,button,False,
deco,01503_00,pocket,False,
deco,01503_00,zipper,False,
deco,01503_00,sleeve,True,0.29148826003074646
deco,01503_00,shoulder,True,0.355486124753952
deco,01503_00,logo,False,
deco,02400_00,collar,False,
deco,02400_00,lapel,False,
deco,02400_00,cuff,False,
deco,02400_00,button hole,False,
deco,02400_00,button,False,
deco,02400_00,pocket,False,
deco,02400_00,zipper,False,
deco,02400_00,sleeve,True,0.3447759449481964
deco,02400_00,shoulder,True,0.4390270709991455
deco,02400_00,logo,False,
deco,09487_00,collar,True,0.33539992570877075
deco,09487_00,lapel,False,
deco,09487_00,cuff,True,0.42162957787513733
deco,09487_00,button hole,False,
deco,09487_00,button,False,
deco,09487_00,pocket,False,
deco,09487_00,zipper,False,
deco,09487_00,sleeve,True,0.5219531655311584
deco,09487_00,shoulder,True,0.4324244260787964
deco,09487_00,logo,False,
deco,08232_00,collar,True,0.253546804189682
deco,08232_00,lapel,False,
deco,08232_00,cuff,False,
deco,08232_00,button hole,False,
deco,08232_00,button,True,0.34096968173980713
deco,08232_00,pocket,False,
deco,08232_00,zipper,False,
deco,08232_00,sleeve,True,0.3948296010494232
deco,08232_00,shoulder,True,0.25003743171691895
deco,08232_00,logo,False,
deco,13589_00,collar,False,
deco,13589_00,lapel,False,
deco,13589_00,cuff,False,
deco,13589_00,button hole,False,
deco,13589_00,button,False,
deco,13589_00,pocket,False,
deco,13589_00,zipper,False,
deco,13589_00,sleeve,True,0.5392495393753052
deco,13589_00,shoulder,True,0.42849311232566833
deco,13589_00,logo,False,
deco,00013_00,collar,True,0.28298506140708923
deco,00013_00,lapel,False,
deco,00013_00,cuff,True,0.27711623907089233
deco,00013_00,button hole,False,
deco,00013_00,button,False,
deco,00013_00,pocket,False,
deco,00013_00,zipper,False,
deco,00013_00,sleeve,True,0.268474817276001
deco,00013_00,shoulder,True,0.27545759081840515
deco,00013_00,logo,True,0.42809614539146423
deco,14471_00,collar,False,
deco,14471_00,lapel,False,
deco,14471_00,cuff,True,0.36459416151046753
deco,14471_00,button hole,False,
deco,14471_00,button,False,
deco,14471_00,pocket,False,
deco,14471_00,zipper,False,
deco,14471_00,sleeve,True,0.37366098165512085
deco,14471_00,shoulder,True,0.43819573521614075
deco,14471_00,logo,False,
deco,00698_00,collar,False,
deco,00698_00,lapel,False,
deco,00698_00,cuff,False,
deco,00698_00,button hole,False,
deco,00698_00,button,False,
deco,00698_00,pocket,False,
deco,00698_00,zipper,False,
deco,00698_00,sleeve,True,0.3338630497455597
deco,00698_00,shoulder,True,0.3376602828502655
deco,00698_00,logo,False,
deco,11438_00,collar,False,
deco,11438_00,lapel,False,
deco,11438_00,cuff,False,
deco,11438_00,button hole,False,
deco,11438_00,button,False,
deco,11438_00,pocket,False,
deco,11438_00,zipper,False,
deco,11438_00,sleeve,True,0.21751247346401215
deco,11438_00,shoulder,True,0.33269959688186646
deco,11438_00,logo,False,
deco,10495_00,collar,False,
deco,10495_00,lapel,False,
deco,10495_00,cuff,False,
deco,10495_00,button hole,False,
deco,10495_00,button,False,
deco,10495_00,pocket,False,
deco,10495_00,zipper,False,
deco,10495_00,sleeve,False,
deco,10495_00,shoulder,True,0.4347815215587616
deco,10495_00,logo,False,
deco,13140_00,collar,False,
deco,13140_00,lapel,False,
deco,13140_00,cuff,True,0.3704695701599121
deco,13140_00,button hole,False,
deco,13140_00,button,False,
deco,13140_00,pocket,False,
deco,13140_00,zipper,False,
deco,13140_00,sleeve,True,0.41086429357528687
deco,13140_00,shoulder,True,0.40049654245376587
deco,13140_00,logo,False,
deco,11799_00,collar,True,0.504247784614563
deco,11799_00,lapel,False,
deco,11799_00,cuff,False,
deco,11799_00,button hole,False,
deco,11799_00,button,False,
deco,11799_00,pocket,False,
deco,11799_00,zipper,False,
deco,11799_00,sleeve,True,0.5381850600242615
deco,11799_00,shoulder,True,0.5403528213500977
deco,11799_00,logo,False,
deco,01767_00,collar,False,
deco,01767_00,lapel,False,
deco,01767_00,cuff,False,
deco,01767_00,button hole,False,
deco,01767_00,button,True,0.37330853939056396
deco,01767_00,pocket,False,
deco,01767_00,zipper,False,
deco,01767_00,sleeve,True,0.36661967635154724
deco,01767_00,shoulder,True,0.34596917033195496
deco,01767_00,logo,False,
deco,11556_00,collar,False,
deco,11556_00,lapel,False,
deco,11556_00,cuff,True,0.2768303453922272
deco,11556_00,button hole,False,
deco,11556_00,button,False,
deco,11556_00,pocket,False,
deco,11556_00,zipper,False,
deco,11556_00,sleeve,True,0.3215116262435913
deco,11556_00,shoulder,True,0.3426206409931183
deco,11556_00,logo,False,
deco,14059_00,collar,False,
deco,14059_00,lapel,False,
deco,14059_00,cuff,False,
deco,14059_00,button hole,False,
deco,14059_00,button,False,
deco,14059_00,pocket,False,
deco,14059_00,zipper,False,
deco,14059_00,sleeve,False,
deco,14059_00,shoulder,True,0.24018651247024536
deco,14059_00,logo,False,
deco,13967_00,collar,False,
deco,13967_00,lapel,False,
deco,13967_00,cuff,False,
deco,13967_00,button hole,False,
deco,13967_00,button,False,
deco,13967_00,pocket,False,
deco,13967_00,zipper,False,
deco,13967_00,sleeve,True,0.3281736671924591
deco,13967_00,shoulder,True,0.3135707974433899
deco,13967_00,logo,False,
deco,00827_00,collar,False,
deco,00827_00,lapel,False,
deco,00827_00,cuff,False,
deco,00827_00,button hole,False,
deco,00827_00,button,False,
deco,00827_00,pocket,False,
deco,00827_00,zipper,False,
deco,00827_00,sleeve,False,
deco,00827_00,shoulder,True,0.5199286937713623
deco,00827_00,logo,False,
deco,03935_00,collar,True,0.42833468317985535
deco,03935_00,lapel,False,
deco,03935_00,cuff,True,0.34194493293762207
deco,03935_00,button hole,False,
deco,03935_00,button,False,
deco,03935_00,pocket,False,
deco,03935_00,zipper,False,
deco,03935_00,sleeve,True,0.3123168647289276
deco,03935_00,shoulder,True,0.4108494818210602
deco,03935_00,logo,False,
deco,10428_00,collar,False,
deco,10428_00,lapel,False,
deco,10428_00,cuff,False,
deco,10428_00,button hole,False,
deco,10428_00,button,False,
deco,10428_00,pocket,False,
deco,10428_00,zipper,False,
deco,10428_00,sleeve,True,0.30669471621513367
deco,10428_00,shoulder,True,0.28370076417922974
deco,10428_00,logo,False,
deco,13172_00,collar,True,0.31680962443351746
deco,13172_00,lapel,False,
deco,13172_00,cuff,False,
deco,13172_00,button hole,False,
deco,13172_00,button,False,
deco,13172_00,pocket,False,
deco,13172_00,zipper,False,
deco,13172_00,sleeve,True,0.2545355558395386
deco,13172_00,shoulder,True,0.2513251006603241
deco,13172_00,logo,True,0.19042707979679108
deco,12419_00,collar,False,
deco,12419_00,lapel,False,
deco,12419_00,cuff,False,
deco,12419_00,button hole,False,
deco,12419_00,button,False,
deco,12419_00,pocket,False,
deco,12419_00,zipper,False,
deco,12419_00,sleeve,False,
deco,12419_00,shoulder,True,0.29420939087867737
deco,12419_00,logo,False,
deco,11993_00,collar,True,0.35894566774368286
deco,11993_00,lapel,False,
deco,11993_00,cuff,True,0.30584025382995605
deco,11993_00,button hole,False,
deco,11993_00,button,False,
deco,11993_00,pocket,False,
deco,11993_00,zipper,False,
deco,11993_00,sleeve,True,0.3482306897640228
deco,11993_00,shoulder,True,0.3423171043395996
deco,11993_00,logo,False,
deco,11766_00,collar,True,0.30469274520874023
deco,11766_00,lapel,False,
deco,11766_00,cuff,False,
deco,11766_00,button hole,False,
deco,11766_00,button,False,
deco,11766_00,pocket,False,
deco,11766_00,zipper,False,
deco,11766_00,sleeve,True,0.21021568775177002
deco,11766_00,shoulder,True,0.22793200612068176
deco,11766_00,logo,False,
deco,02372_00,collar,False,
deco,02372_00,lapel,False,
deco,02372_00,cuff,False,
deco,02372_00,button hole,False,
deco,02372_00,button,False,
deco,02372_00,pocket,False,
deco,02372_00,zipper,False,
deco,02372_00,sleeve,False,
deco,02372_00,shoulder,True,0.2815874218940735
deco,02372_00,logo,False,
deco,09751_00,collar,True,0.5042892694473267
deco,09751_00,lapel,False,
deco,09751_00,cuff,False,
deco,09751_00,button hole,False,
deco,09751_00,button,False,
deco,09751_00,pocket,True,0.5645148754119873
deco,09751_00,zipper,False,
deco,09751_00,sleeve,False,
deco,09751_00,shoulder,True,0.5946940779685974
deco,09751_00,logo,False,
deco,08158_00,collar,True,0.23767197132110596
deco,08158_00,lapel,False,
deco,08158_00,cuff,True,0.3142142593860626
deco,08158_00,button hole,False,
deco,08158_00,button,False,
deco,08158_00,pocket,False,
deco,08158_00,zipper,False,
deco,08158_00,sleeve,True,0.4021802544593811
deco,08158_00,shoulder,True,0.3438135087490082
deco,08158_00,logo,False,
deco,06730_00,collar,True,0.20750649273395538
deco,06730_00,lapel,False,
deco,06730_00,cuff,True,0.3886575400829315
deco,06730_00,button hole,False,
deco,06730_00,button,False,
deco,06730_00,pocket,False,
deco,06730_00,zipper,False,
deco,06730_00,sleeve,True,0.22167417407035828
deco,06730_00,shoulder,True,0.2558828592300415
deco,06730_00,logo,False,
deco,06753_00,collar,False,
deco,06753_00,lapel,False,
deco,06753_00,cuff,False,
deco,06753_00,button hole,False,
deco,06753_00,button,False,
deco,06753_00,pocket,False,
deco,06753_00,zipper,False,
deco,06753_00,sleeve,True,0.3082920014858246
deco,06753_00,shoulder,True,0.2960408926010132
deco,06753_00,logo,False,
deco,01386_00,collar,True,0.4648597538471222
deco,01386_00,lapel,False,
deco,01386_00,cuff,False,
deco,01386_00,button hole,False,
deco,01386_00,button,False,
deco,01386_00,pocket,False,
deco,01386_00,zipper,False,
deco,01386_00,sleeve,True,0.2955681383609772
deco,01386_00,shoulder,True,0.4639089107513428
deco,01386_00,logo,False,
deco,13126_00,collar,False,
deco,13126_00,lapel,False,
deco,13126_00,cuff,False,
deco,13126_00,button hole,False,
deco,13126_00,button,False,
deco,13126_00,pocket,False,
deco,13126_00,zipper,False,
deco,13126_00,sleeve,True,0.2575540244579315
deco,13126_00,shoulder,True,0.17610794305801392
deco,13126_00,logo,False,
deco,02810_00,collar,False,
deco,02810_00,lapel,False,
deco,02810_00,cuff,False,
deco,02810_00,button hole,False,
deco,02810_00,button,False,
deco,02810_00,pocket,True,0.39179474115371704
deco,02810_00,zipper,False,
deco,02810_00,sleeve,True,0.24584336578845978
deco,02810_00,shoulder,True,0.54359370470047
deco,02810_00,logo,False,
deco,03191_00,collar,False,
deco,03191_00,lapel,False,
deco,03191_00,cuff,False,
deco,03191_00,button hole,False,
deco,03191_00,button,False,
deco,03191_00,pocket,False,
deco,03191_00,zipper,False,
deco,03191_00,sleeve,True,0.29109668731689453
deco,03191_00,shoulder,True,0.20296448469161987
deco,03191_00,logo,False,
deco,11372_00,collar,False,
deco,11372_00,lapel,False,
deco,11372_00,cuff,False,
deco,11372_00,button hole,False,
deco,11372_00,button,False,
deco,11372_00,pocket,False,
deco,11372_00,zipper,False,
deco,11372_00,sleeve,True,0.21562087535858154
deco,11372_00,shoulder,True,0.3454350531101227
deco,11372_00,logo,False,
deco,07694_00,collar,True,0.33382588624954224
deco,07694_00,lapel,False,
deco,07694_00,cuff,False,
deco,07694_00,button hole,False,
deco,07694_00,button,False,
deco,07694_00,pocket,False,
deco,07694_00,zipper,False,
deco,07694_00,sleeve,True,0.23775598406791687
deco,07694_00,shoulder,True,0.2822868227958679
deco,07694_00,logo,True,0.38599693775177
deco,01900_00,collar,False,
deco,01900_00,lapel,False,
deco,01900_00,cuff,True,0.40377169847488403
deco,01900_00,button hole,False,
deco,01900_00,button,False,
deco,01900_00,pocket,False,
deco,01900_00,zipper,False,
deco,01900_00,sleeve,True,0.48927968740463257
deco,01900_00,shoulder,True,0.45820751786231995
deco,01900_00,logo,False,
deco,02253_00,collar,False,
deco,02253_00,lapel,False,
deco,02253_00,cuff,True,0.5383191108703613
deco,02253_00,button hole,False,
deco,02253_00,button,False,
deco,02253_00,pocket,False,
deco,02253_00,zipper,False,
deco,02253_00,sleeve,True,0.5185792446136475
deco,02253_00,shoulder,True,0.561402440071106
deco,02253_00,logo,False,
deco,04430_00,collar,True,0.2819271683692932
deco,04430_00,lapel,False,
deco,04430_00,cuff,False,
deco,04430_00,button hole,False,
deco,04430_00,button,False,
deco,04430_00,pocket,False,
deco,04430_00,zipper,False,
deco,04430_00,sleeve,True,0.3390991687774658
deco,04430_00,shoulder,True,0.3555808961391449
deco,04430_00,logo,False,
deco,03991_00,collar,True,0.4303881525993347
deco,03991_00,lapel,False,
deco,03991_00,cuff,False,
deco,03991_00,button hole,False,
deco,03991_00,button,False,
deco,03991_00,pocket,False,
deco,03991_00,zipper,False,
deco,03991_00,sleeve,False,
deco,03991_00,shoulder,True,0.3073057234287262
deco,03991_00,logo,False,
deco,03608_00,collar,True,0.2814731299877167
deco,03608_00,lapel,False,
deco,03608_00,cuff,True,0.2444993555545807
deco,03608_00,button hole,False,
deco,03608_00,button,False,
deco,03608_00,pocket,False,
deco,03608_00,zipper,False,
deco,03608_00,sleeve,True,0.30062034726142883
deco,03608_00,shoulder,True,0.34408003091812134
deco,03608_00,logo,False,
deco,12651_00,collar,False,
deco,12651_00,lapel,False,
deco,12651_00,cuff,True,0.729151725769043
deco,12651_00,button hole,False,
deco,12651_00,button,False,
deco,12651_00,pocket,False,
deco,12651_00,zipper,False,
deco,12651_00,sleeve,True,0.7970401644706726
deco,12651_00,shoulder,True,0.8303676247596741
deco,12651_00,logo,False,
deco,11600_00,collar,True,0.15567998588085175
deco,11600_00,lapel,False,
deco,11600_00,cuff,False,
deco,11600_00,button hole,False,
deco,11600_00,button,False,
deco,11600_00,pocket,False,
deco,11600_00,zipper,False,
deco,11600_00,sleeve,False,
deco,11600_00,shoulder,True,0.17463530600070953
deco,11600_00,logo,False,
deco,01917_00,collar,True,0.3426077663898468
deco,01917_00,lapel,False,
deco,01917_00,cuff,False,
deco,01917_00,button hole,False,
deco,01917_00,button,False,
deco,01917_00,pocket,False,
deco,01917_00,zipper,False,
deco,01917_00,sleeve,True,0.27124831080436707
deco,01917_00,shoulder,True,0.37470343708992004
deco,01917_00,logo,False,
deco,01026_00,collar,True,0.36804383993148804
deco,01026_00,lapel,False,
deco,01026_00,cuff,True,0.3837994933128357
deco,01026_00,button hole,False,
deco,01026_00,button,False,
deco,01026_00,pocket,False,
deco,01026_00,zipper,False,
deco,01026_00,sleeve,True,0.3967375159263611
deco,01026_00,shoulder,True,0.372518926858902
deco,01026_00,logo,False,
deco,09845_00,collar,False,
deco,09845_00,lapel,False,
deco,09845_00,cuff,False,
deco,09845_00,button hole,False,
deco,09845_00,button,False,
deco,09845_00,pocket,False,
deco,09845_00,zipper,False,
deco,09845_00,sleeve,False,
deco,09845_00,shoulder,True,0.32905492186546326
deco,09845_00,logo,False,
deco,13517_00,collar,True,0.2384732961654663
deco,13517_00,lapel,False,
deco,13517_00,cuff,False,
deco,13517_00,button hole,False,
deco,13517_00,button,False,
deco,13517_00,pocket,False,
deco,13517_00,zipper,False,
deco,13517_00,sleeve,False,
deco,13517_00,shoulder,True,0.3407849967479706
deco,13517_00,logo,False,
deco,02388_00,collar,True,0.3785603642463684
deco,02388_00,lapel,False,
deco,02388_00,cuff,False,
deco,02388_00,button hole,False,
deco,02388_00,button,False,
deco,02388_00,pocket,False,
deco,02388_00,zipper,False,
deco,02388_00,sleeve,True,0.41692155599594116
deco,02388_00,shoulder,True,0.3550003170967102
deco,02388_00,logo,False,
deco,12365_00,collar,False,
deco,12365_00,lapel,False,
deco,12365_00,cuff,False,
deco,12365_00,button hole,False,
deco,12365_00,button,False,
deco,12365_00,pocket,False,
deco,12365_00,zipper,False,
deco,12365_00,sleeve,False,
deco,12365_00,shoulder,True,0.27677422761917114
deco,12365_00,logo,False,
deco,12572_00,collar,False,
deco,12572_00,lapel,False,
deco,12572_00,cuff,False,
deco,12572_00,button hole,False,
deco,12572_00,button,False,
deco,12572_00,pocket,False,
deco,12572_00,zipper,False,
deco,12572_00,sleeve,True,0.2990664839744568
deco,12572_00,shoulder,True,0.45284971594810486
deco,12572_00,logo,False,
fastfit,02180_00,collar,True,0.5960208177566528
fastfit,02180_00,lapel,False,
fastfit,02180_00,cuff,False,
fastfit,02180_00,button hole,False,
fastfit,02180_00,button,False,
fastfit,02180_00,pocket,False,
fastfit,02180_00,zipper,False,
fastfit,02180_00,sleeve,True,0.5148855447769165
fastfit,02180_00,shoulder,True,0.5248479843139648
fastfit,02180_00,logo,True,0.5079534649848938
fastfit,07150_00,collar,True,0.26552942395210266
fastfit,07150_00,lapel,False,
fastfit,07150_00,cuff,False,
fastfit,07150_00,button hole,False,
fastfit,07150_00,button,False,
fastfit,07150_00,pocket,False,
fastfit,07150_00,zipper,False,
fastfit,07150_00,sleeve,True,0.21655745804309845
fastfit,07150_00,shoulder,True,0.2128058522939682
fastfit,07150_00,logo,False,
fastfit,00401_00,collar,True,0.4981164038181305
fastfit,00401_00,lapel,False,
fastfit,00401_00,cuff,True,0.3380613625049591
fastfit,00401_00,button hole,False,
fastfit,00401_00,button,False,
fastfit,00401_00,pocket,False,
fastfit,00401_00,zipper,False,
fastfit,00401_00,sleeve,True,0.39285141229629517
fastfit,00401_00,shoulder,False,
fastfit,00401_00,logo,False,
fastfit,00494_00,collar,False,
fastfit,00494_00,lapel,False,
fastfit,00494_00,cuff,True,0.2725074887275696
fastfit,00494_00,button hole,False,
fastfit,00494_00,button,False,
fastfit,00494_00,pocket,False,
fastfit,00494_00,zipper,False,
fastfit,00494_00,sleeve,True,0.4867563545703888
fastfit,00494_00,shoulder,False,
fastfit,00494_00,logo,True,0.5681896209716797
fastfit,02336_00,collar,False,
fastfit,02336_00,lapel,False,
fastfit,02336_00,cuff,False,
fastfit,02336_00,button hole,False,
fastfit,02336_00,button,False,
fastfit,02336_00,pocket,False,
fastfit,02336_00,zipper,False,
fastfit,02336_00,sleeve,False,
fastfit,02336_00,shoulder,True,0.5342981815338135
fastfit,02336_00,logo,False,
fastfit,10731_00,collar,True,0.3353692293167114
fastfit,10731_00,lapel,False,
fastfit,10731_00,cuff,False,
fastfit,10731_00,button hole,False,
fastfit,10731_00,button,False,
fastfit,10731_00,pocket,False,
fastfit,10731_00,zipper,False,
fastfit,10731_00,sleeve,True,0.32764047384262085
fastfit,10731_00,shoulder,True,0.3487147092819214
fastfit,10731_00,logo,False,
fastfit,07212_00,collar,False,
fastfit,07212_00,lapel,False,
fastfit,07212_00,cuff,True,0.1606663167476654
fastfit,07212_00,button hole,False,
fastfit,07212_00,button,True,0.6045148372650146
fastfit,07212_00,pocket,False,
fastfit,07212_00,zipper,False,
fastfit,07212_00,sleeve,True,0.4361521005630493
fastfit,07212_00,shoulder,True,0.346797376871109
fastfit,07212_00,logo,False,
fastfit,05544_00,collar,True,0.48632216453552246
fastfit,05544_00,lapel,False,
fastfit,05544_00,cuff,False,
fastfit,05544_00,button hole,False,
fastfit,05544_00,button,False,
fastfit,05544_00,pocket,False,
fastfit,05544_00,zipper,False,
fastfit,05544_00,sleeve,False,
fastfit,05544_00,shoulder,False,
fastfit,05544_00,logo,False,
fastfit,13988_00,collar,False,
fastfit,13988_00,lapel,False,
fastfit,13988_00,cuff,False,
fastfit,13988_00,button hole,False,
fastfit,13988_00,button,False,
fastfit,13988_00,pocket,False,
fastfit,13988_00,zipper,False,
fastfit,13988_00,sleeve,True,0.45502588152885437
fastfit,13988_00,shoulder,True,0.37683799862861633
fastfit,13988_00,logo,False,
fastfit,12661_00,collar,False,
fastfit,12661_00,lapel,False,
fastfit,12661_00,cuff,False,
fastfit,12661_00,button hole,False,
fastfit,12661_00,button,False,
fastfit,12661_00,pocket,False,
fastfit,12661_00,zipper,False,
fastfit,12661_00,sleeve,True,0.38372743129730225
fastfit,12661_00,shoulder,True,0.9274808764457703
fastfit,12661_00,logo,False,
fastfit,05329_00,collar,False,
fastfit,05329_00,lapel,False,
fastfit,05329_00,cuff,False,
fastfit,05329_00,button hole,False,
fastfit,05329_00,button,False,
fastfit,05329_00,pocket,False,
fastfit,05329_00,zipper,False,
fastfit,05329_00,sleeve,True,0.434610515832901
fastfit,05329_00,shoulder,True,0.39412057399749756
fastfit,05329_00,logo,False,
fastfit,01877_00,collar,True,0.579012930393219
fastfit,01877_00,lapel,False,
fastfit,01877_00,cuff,False,
fastfit,01877_00,button hole,False,
fastfit,01877_00,button,False,
fastfit,01877_00,pocket,False,
fastfit,01877_00,zipper,False,
fastfit,01877_00,sleeve,True,0.5310246348381042
fastfit,01877_00,shoulder,True,0.5296649932861328
fastfit,01877_00,logo,False,
fastfit,00272_00,collar,False,
fastfit,00272_00,lapel,False,
fastfit,00272_00,cuff,False,
fastfit,00272_00,button hole,False,
fastfit,00272_00,button,False,
fastfit,00272_00,pocket,False,
fastfit,00272_00,zipper,False,
fastfit,00272_00,sleeve,False,
fastfit,00272_00,shoulder,True,0.4134909510612488
fastfit,00272_00,logo,False,
fastfit,09940_00,collar,False,
fastfit,09940_00,lapel,False,
fastfit,09940_00,cuff,False,
fastfit,09940_00,button hole,False,
fastfit,09940_00,button,False,
fastfit,09940_00,pocket,False,
fastfit,09940_00,zipper,False,
fastfit,09940_00,sleeve,False,
fastfit,09940_00,shoulder,True,0.3183693587779999
fastfit,09940_00,logo,False,
fastfit,10657_00,collar,False,
fastfit,10657_00,lapel,False,
fastfit,10657_00,cuff,True,0.6751240491867065
fastfit,10657_00,button hole,False,
fastfit,10657_00,button,False,
fastfit,10657_00,pocket,False,
fastfit,10657_00,zipper,False,
fastfit,10657_00,sleeve,True,0.6502565145492554
fastfit,10657_00,shoulder,True,0.6078509092330933
fastfit,10657_00,logo,False,
fastfit,05156_00,collar,True,0.7884618639945984
fastfit,05156_00,lapel,False,
fastfit,05156_00,cuff,True,0.5140470862388611
fastfit,05156_00,button hole,False,
fastfit,05156_00,button,False,
fastfit,05156_00,pocket,False,
fastfit,05156_00,zipper,False,
fastfit,05156_00,sleeve,True,0.5424955487251282
fastfit,05156_00,shoulder,True,0.6140923500061035
fastfit,05156_00,logo,False,
fastfit,07599_00,collar,True,0.8333002328872681
fastfit,07599_00,lapel,False,
fastfit,07599_00,cuff,False,
fastfit,07599_00,button hole,False,
fastfit,07599_00,button,False,
fastfit,07599_00,pocket,False,
fastfit,07599_00,zipper,False,
fastfit,07599_00,sleeve,False,
fastfit,07599_00,shoulder,True,0.6980419158935547
fastfit,07599_00,logo,False,
fastfit,04847_00,collar,True,0.9116503596305847
fastfit,04847_00,lapel,False,
fastfit,04847_00,cuff,False,
fastfit,04847_00,button hole,False,
fastfit,04847_00,button,False,
fastfit,04847_00,pocket,False,
fastfit,04847_00,zipper,False,
fastfit,04847_00,sleeve,True,0.595370352268219
fastfit,04847_00,shoulder,False,
fastfit,04847_00,logo,True,1.0013209581375122
fastfit,07707_00,collar,False,
fastfit,07707_00,lapel,False,
fastfit,07707_00,cuff,False,
fastfit,07707_00,button hole,False,
fastfit,07707_00,button,False,
fastfit,07707_00,pocket,False,
fastfit,07707_00,zipper,False,
fastfit,07707_00,sleeve,False,
fastfit,07707_00,shoulder,True,0.2881411612033844
fastfit,07707_00,logo,False,
fastfit,04944_00,collar,True,0.3632546067237854
fastfit,04944_00,lapel,False,
fastfit,04944_00,cuff,False,
fastfit,04944_00,button hole,False,
fastfit,04944_00,button,False,
fastfit,04944_00,pocket,False,
fastfit,04944_00,zipper,False,
fastfit,04944_00,sleeve,True,0.3024062216281891
fastfit,04944_00,shoulder,True,0.34027114510536194
fastfit,04944_00,logo,False,
fastfit,09067_00,collar,False,
fastfit,09067_00,lapel,False,
fastfit,09067_00,cuff,True,0.5599198937416077
fastfit,09067_00,button hole,False,
fastfit,09067_00,button,True,0.426352322101593
fastfit,09067_00,pocket,False,
fastfit,09067_00,zipper,False,
fastfit,09067_00,sleeve,True,0.4645189344882965
fastfit,09067_00,shoulder,True,0.4810650944709778
fastfit,09067_00,logo,False,
fastfit,11001_00,collar,False,
fastfit,11001_00,lapel,False,
fastfit,11001_00,cuff,False,
fastfit,11001_00,button hole,False,
fastfit,11001_00,button,False,
fastfit,11001_00,pocket,False,
fastfit,11001_00,zipper,False,
fastfit,11001_00,sleeve,True,0.3994322717189789
fastfit,11001_00,shoulder,True,0.42271241545677185
fastfit,11001_00,logo,False,
fastfit,10843_00,collar,False,
fastfit,10843_00,lapel,False,
fastfit,10843_00,cuff,False,
fastfit,10843_00,button hole,False,
fastfit,10843_00,button,False,
fastfit,10843_00,pocket,False,
fastfit,10843_00,zipper,False,
fastfit,10843_00,sleeve,True,0.2665612995624542
fastfit,10843_00,shoulder,True,0.43030843138694763
fastfit,10843_00,logo,False,
fastfit,13491_00,collar,False,
fastfit,13491_00,lapel,False,
fastfit,13491_00,cuff,False,
fastfit,13491_00,button hole,False,
fastfit,13491_00,button,False,
fastfit,13491_00,pocket,False,
fastfit,13491_00,zipper,False,
fastfit,13491_00,sleeve,True,0.2199268341064453
fastfit,13491_00,shoulder,True,0.4209846556186676
fastfit,13491_00,logo,True,0.5022243857383728
fastfit,07965_00,collar,True,0.25015705823898315
fastfit,07965_00,lapel,False,
fastfit,07965_00,cuff,True,0.5023466944694519
fastfit,07965_00,button hole,False,
fastfit,07965_00,button,False,
fastfit,07965_00,pocket,False,
fastfit,07965_00,zipper,False,
fastfit,07965_00,sleeve,True,0.2600364089012146
fastfit,07965_00,shoulder,True,0.24491490423679352
fastfit,07965_00,logo,False,
fastfit,08314_00,collar,False,
fastfit,08314_00,lapel,False,
fastfit,08314_00,cuff,False,
fastfit,08314_00,button hole,False,
fastfit,08314_00,button,False,
fastfit,08314_00,pocket,False,
fastfit,08314_00,zipper,False,
fastfit,08314_00,sleeve,True,0.29229292273521423
fastfit,08314_00,shoulder,True,0.48055532574653625
fastfit,08314_00,logo,False,
fastfit,01801_00,collar,False,
fastfit,01801_00,lapel,False,
fastfit,01801_00,cuff,False,
fastfit,01801_00,button hole,False,
fastfit,01801_00,button,False,
fastfit,01801_00,pocket,False,
fastfit,01801_00,zipper,False,
fastfit,01801_00,sleeve,False,
fastfit,01801_00,shoulder,True,0.4806872606277466
fastfit,01801_00,logo,False,
fastfit,12749_00,collar,False,
fastfit,12749_00,lapel,False,
fastfit,12749_00,cuff,False,
fastfit,12749_00,button hole,False,
fastfit,12749_00,button,False,
fastfit,12749_00,pocket,False,
fastfit,12749_00,zipper,False,
fastfit,12749_00,sleeve,True,0.6481107473373413
fastfit,12749_00,shoulder,True,0.3572944104671478
fastfit,12749_00,logo,False,
fastfit,01994_00,collar,False,
fastfit,01994_00,lapel,False,
fastfit,01994_00,cuff,False,
fastfit,01994_00,button hole,False,
fastfit,01994_00,button,False,
fastfit,01994_00,pocket,False,
fastfit,01994_00,zipper,False,
fastfit,01994_00,sleeve,True,0.38299843668937683
fastfit,01994_00,shoulder,True,0.40182435512542725
fastfit,01994_00,logo,False,
fastfit,04680_00,collar,False,
fastfit,04680_00,lapel,False,
fastfit,04680_00,cuff,False,
fastfit,04680_00,button hole,False,
fastfit,04680_00,button,True,0.3619639575481415
fastfit,04680_00,pocket,False,
fastfit,04680_00,zipper,False,
fastfit,04680_00,sleeve,False,
fastfit,04680_00,shoulder,True,0.4999026358127594
fastfit,04680_00,logo,False,
fastfit,05910_00,collar,False,
fastfit,05910_00,lapel,False,
fastfit,05910_00,cuff,False,
fastfit,05910_00,button hole,False,
fastfit,05910_00,button,False,
fastfit,05910_00,pocket,False,
fastfit,05910_00,zipper,False,
fastfit,05910_00,sleeve,False,
fastfit,05910_00,shoulder,True,0.5526137948036194
fastfit,05910_00,logo,False,
fastfit,03013_00,collar,True,0.2178865224123001
fastfit,03013_00,lapel,False,
fastfit,03013_00,cuff,False,
fastfit,03013_00,button hole,False,
fastfit,03013_00,button,False,
fastfit,03013_00,pocket,False,
fastfit,03013_00,zipper,False,
fastfit,03013_00,sleeve,True,0.2661038041114807
fastfit,03013_00,shoulder,True,0.21540656685829163
fastfit,03013_00,logo,False,
fastfit,05961_00,collar,False,
fastfit,05961_00,lapel,False,
fastfit,05961_00,cuff,False,
fastfit,05961_00,button hole,False,
fastfit,05961_00,button,False,
fastfit,05961_00,pocket,False,
fastfit,05961_00,zipper,False,
fastfit,05961_00,sleeve,True,0.7067018747329712
fastfit,05961_00,shoulder,True,0.5635468363761902
fastfit,05961_00,logo,False,
fastfit,11709_00,collar,True,0.8583582043647766
fastfit,11709_00,lapel,False,
fastfit,11709_00,cuff,False,
fastfit,11709_00,button hole,False,
fastfit,11709_00,button,False,
fastfit,11709_00,pocket,False,
fastfit,11709_00,zipper,False,
fastfit,11709_00,sleeve,True,0.5827333927154541
fastfit,11709_00,shoulder,True,0.7959709763526917
fastfit,11709_00,logo,False,
fastfit,14651_00,collar,True,0.518143355846405
fastfit,14651_00,lapel,False,
fastfit,14651_00,cuff,True,0.28588274121284485
fastfit,14651_00,button hole,False,
fastfit,14651_00,button,False,
fastfit,14651_00,pocket,False,
fastfit,14651_00,zipper,False,
fastfit,14651_00,sleeve,True,0.2677517831325531
fastfit,14651_00,shoulder,True,0.4131375551223755
fastfit,14651_00,logo,False,
fastfit,04699_00,collar,False,
fastfit,04699_00,lapel,False,
fastfit,04699_00,cuff,False,
fastfit,04699_00,button hole,False,
fastfit,04699_00,button,False,
fastfit,04699_00,pocket,False,
fastfit,04699_00,zipper,False,
fastfit,04699_00,sleeve,True,0.47421276569366455
fastfit,04699_00,shoulder,True,0.3901878893375397
fastfit,04699_00,logo,False,
fastfit,08650_00,collar,False,
fastfit,08650_00,lapel,False,
fastfit,08650_00,cuff,False,
fastfit,08650_00,button hole,False,
fastfit,08650_00,button,False,
fastfit,08650_00,pocket,False,
fastfit,08650_00,zipper,False,
fastfit,08650_00,sleeve,False,
fastfit,08650_00,shoulder,True,0.3703731894493103
fastfit,08650_00,logo,False,
fastfit,04893_00,collar,False,
fastfit,04893_00,lapel,False,
fastfit,04893_00,cuff,False,
fastfit,04893_00,button hole,False,
fastfit,04893_00,button,False,
fastfit,04893_00,pocket,False,
fastfit,04893_00,zipper,False,
fastfit,04893_00,sleeve,True,0.3477712571620941
fastfit,04893_00,shoulder,True,0.37498071789741516
fastfit,04893_00,logo,False,
fastfit,12541_00,collar,False,
fastfit,12541_00,lapel,False,
fastfit,12541_00,cuff,False,
fastfit,12541_00,button hole,False,
fastfit,12541_00,button,False,
fastfit,12541_00,pocket,False,
fastfit,12541_00,zipper,False,
fastfit,12541_00,sleeve,False,
fastfit,12541_00,shoulder,True,0.33671659231185913
fastfit,12541_00,logo,False,
fastfit,04652_00,collar,False,
fastfit,04652_00,lapel,False,
fastfit,04652_00,cuff,False,
fastfit,04652_00,button hole,False,
fastfit,04652_00,button,False,
fastfit,04652_00,pocket,False,
fastfit,04652_00,zipper,False,
fastfit,04652_00,sleeve,True,0.4814397394657135
fastfit,04652_00,shoulder,True,0.6104825735092163
fastfit,04652_00,logo,False,
fastfit,07884_00,collar,True,0.3826727271080017
fastfit,07884_00,lapel,False,
fastfit,07884_00,cuff,False,
fastfit,07884_00,button hole,False,
fastfit,07884_00,button,False,
fastfit,07884_00,pocket,False,
fastfit,07884_00,zipper,False,
fastfit,07884_00,sleeve,True,0.25481364130973816
fastfit,07884_00,shoulder,True,0.28555434942245483
fastfit,07884_00,logo,True,0.33242908120155334
fastfit,07966_00,collar,False,
fastfit,07966_00,lapel,False,
fastfit,07966_00,cuff,False,
fastfit,07966_00,button hole,False,
fastfit,07966_00,button,False,
fastfit,07966_00,pocket,False,
fastfit,07966_00,zipper,False,
fastfit,07966_00,sleeve,True,0.43184998631477356
fastfit,07966_00,shoulder,True,0.40722572803497314
fastfit,07966_00,logo,False,
fastfit,14173_00,collar,False,
fastfit,14173_00,lapel,False,
fastfit,14173_00,cuff,True,0.49911972880363464
fastfit,14173_00,button hole,False,
fastfit,14173_00,button,False,
fastfit,14173_00,pocket,False,
fastfit,14173_00,zipper,False,
fastfit,14173_00,sleeve,True,0.6812137961387634
fastfit,14173_00,shoulder,True,0.5660567283630371
fastfit,14173_00,logo,False,
fastfit,11913_00,collar,False,
fastfit,11913_00,lapel,False,
fastfit,11913_00,cuff,False,
fastfit,11913_00,button hole,False,
fastfit,11913_00,button,False,
fastfit,11913_00,pocket,False,
fastfit,11913_00,zipper,False,
fastfit,11913_00,sleeve,False,
fastfit,11913_00,shoulder,True,0.4026590585708618
fastfit,11913_00,logo,False,
fastfit,01090_00,collar,True,0.7913389801979065
fastfit,01090_00,lapel,False,
fastfit,01090_00,cuff,True,0.27725231647491455
fastfit,01090_00,button hole,False,
fastfit,01090_00,button,False,
fastfit,01090_00,pocket,False,
fastfit,01090_00,zipper,False,
fastfit,01090_00,sleeve,True,0.6076550483703613
fastfit,01090_00,shoulder,True,0.7520625591278076
fastfit,01090_00,logo,False,
fastfit,02871_00,collar,True,0.36185309290885925
fastfit,02871_00,lapel,False,
fastfit,02871_00,cuff,False,
fastfit,02871_00,button hole,False,
fastfit,02871_00,button,False,
fastfit,02871_00,pocket,False,
fastfit,02871_00,zipper,False,
fastfit,02871_00,sleeve,True,0.22672531008720398
fastfit,02871_00,shoulder,True,0.2387342005968094
fastfit,02871_00,logo,True,0.26183953881263733
fastfit,07573_00,collar,False,
fastfit,07573_00,lapel,False,
fastfit,07573_00,cuff,False,
fastfit,07573_00,button hole,False,
fastfit,07573_00,button,False,
fastfit,07573_00,pocket,False,
fastfit,07573_00,zipper,False,
fastfit,07573_00,sleeve,True,0.3605805039405823
fastfit,07573_00,shoulder,True,0.35054123401641846
fastfit,07573_00,logo,False,
fastfit,06939_00,collar,True,0.44963130354881287
fastfit,06939_00,lapel,False,
fastfit,06939_00,cuff,False,
fastfit,06939_00,button hole,False,
fastfit,06939_00,button,False,
fastfit,06939_00,pocket,False,
fastfit,06939_00,zipper,False,
fastfit,06939_00,sleeve,True,0.41088712215423584
fastfit,06939_00,shoulder,True,0.3948558270931244
fastfit,06939_00,logo,True,0.37305042147636414
fastfit,08316_00,collar,True,0.447524756193161
fastfit,08316_00,lapel,False,
fastfit,08316_00,cuff,False,
fastfit,08316_00,button hole,False,
fastfit,08316_00,button,True,0.3677816390991211
fastfit,08316_00,pocket,False,
fastfit,08316_00,zipper,False,
fastfit,08316_00,sleeve,True,0.2537534236907959
fastfit,08316_00,shoulder,True,0.2796037793159485
fastfit,08316_00,logo,False,
fastfit,02327_00,collar,True,0.6940792202949524
fastfit,02327_00,lapel,False,
fastfit,02327_00,cuff,False,
fastfit,02327_00,button hole,False,
fastfit,02327_00,button,False,
fastfit,02327_00,pocket,False,
fastfit,02327_00,zipper,False,
fastfit,02327_00,sleeve,False,
fastfit,02327_00,shoulder,True,0.6792499423027039
fastfit,02327_00,logo,False,
fastfit,08149_00,collar,False,
fastfit,08149_00,lapel,False,
fastfit,08149_00,cuff,True,0.506644070148468
fastfit,08149_00,button hole,False,
fastfit,08149_00,button,False,
fastfit,08149_00,pocket,False,
fastfit,08149_00,zipper,False,
fastfit,08149_00,sleeve,True,0.5122407674789429
fastfit,08149_00,shoulder,True,0.40061497688293457
fastfit,08149_00,logo,False,
fastfit,11985_00,collar,False,
fastfit,11985_00,lapel,False,
fastfit,11985_00,cuff,False,
fastfit,11985_00,button hole,False,
fastfit,11985_00,button,False,
fastfit,11985_00,pocket,False,
fastfit,11985_00,zipper,False,
fastfit,11985_00,sleeve,True,0.7016749978065491
fastfit,11985_00,shoulder,True,0.888393223285675
fastfit,11985_00,logo,False,
fastfit,09912_00,collar,False,
fastfit,09912_00,lapel,False,
fastfit,09912_00,cuff,False,
fastfit,09912_00,button hole,False,
fastfit,09912_00,button,False,
fastfit,09912_00,pocket,False,
fastfit,09912_00,zipper,False,
fastfit,09912_00,sleeve,True,0.36546796560287476
fastfit,09912_00,shoulder,True,0.629858136177063
fastfit,09912_00,logo,False,
fastfit,01827_00,collar,True,0.37183278799057007
fastfit,01827_00,lapel,False,
fastfit,01827_00,cuff,False,
fastfit,01827_00,button hole,False,
fastfit,01827_00,button,False,
fastfit,01827_00,pocket,True,0.26974838972091675
fastfit,01827_00,zipper,False,
fastfit,01827_00,sleeve,True,0.29087355732917786
fastfit,01827_00,shoulder,True,0.29015225172042847
fastfit,01827_00,logo,False,
fastfit,14009_00,collar,True,0.6970772743225098
fastfit,14009_00,lapel,False,
fastfit,14009_00,cuff,False,
fastfit,14009_00,button hole,False,
fastfit,14009_00,button,False,
fastfit,14009_00,pocket,False,
fastfit,14009_00,zipper,False,
fastfit,14009_00,sleeve,False,
fastfit,14009_00,shoulder,True,0.6824423670768738
fastfit,14009_00,logo,False,
fastfit,10352_00,collar,True,0.5474259257316589
fastfit,10352_00,lapel,False,
fastfit,10352_00,cuff,False,
fastfit,10352_00,button hole,False,
fastfit,10352_00,button,False,
fastfit,10352_00,pocket,False,
fastfit,10352_00,zipper,False,
fastfit,10352_00,sleeve,True,0.37696030735969543
fastfit,10352_00,shoulder,True,0.5210192799568176
fastfit,10352_00,logo,False,
fastfit,10680_00,collar,False,
fastfit,10680_00,lapel,False,
fastfit,10680_00,cuff,True,0.5229225158691406
fastfit,10680_00,button hole,False,
fastfit,10680_00,button,False,
fastfit,10680_00,pocket,False,
fastfit,10680_00,zipper,False,
fastfit,10680_00,sleeve,True,0.5333712697029114
fastfit,10680_00,shoulder,True,0.4638690948486328
fastfit,10680_00,logo,False,
fastfit,09949_00,collar,False,
fastfit,09949_00,lapel,False,
fastfit,09949_00,cuff,False,
fastfit,09949_00,button hole,False,
fastfit,09949_00,button,False,
fastfit,09949_00,pocket,False,
fastfit,09949_00,zipper,False,
fastfit,09949_00,sleeve,True,0.4323561191558838
fastfit,09949_00,shoulder,True,0.3923551142215729
fastfit,09949_00,logo,False,
fastfit,09412_00,collar,False,
fastfit,09412_00,lapel,False,
fastfit,09412_00,cuff,False,
fastfit,09412_00,button hole,False,
fastfit,09412_00,button,False,
fastfit,09412_00,pocket,False,
fastfit,09412_00,zipper,False,
fastfit,09412_00,sleeve,True,0.323471337556839
fastfit,09412_00,shoulder,True,0.6318482756614685
fastfit,09412_00,logo,False,
fastfit,14189_00,collar,False,
fastfit,14189_00,lapel,False,
fastfit,14189_00,cuff,False,
fastfit,14189_00,button hole,False,
fastfit,14189_00,button,False,
fastfit,14189_00,pocket,False,
fastfit,14189_00,zipper,False,
fastfit,14189_00,sleeve,True,0.265840619802475
fastfit,14189_00,shoulder,True,0.33050620555877686
fastfit,14189_00,logo,False,
fastfit,04562_00,collar,True,0.6523596048355103
fastfit,04562_00,lapel,False,
fastfit,04562_00,cuff,False,
fastfit,04562_00,button hole,False,
fastfit,04562_00,button,False,
fastfit,04562_00,pocket,False,
fastfit,04562_00,zipper,False,
fastfit,04562_00,sleeve,True,0.4587237536907196
fastfit,04562_00,shoulder,True,0.47185978293418884
fastfit,04562_00,logo,False,
fastfit,07825_00,collar,True,0.3468984067440033
fastfit,07825_00,lapel,False,
fastfit,07825_00,cuff,True,0.24624153971672058
fastfit,07825_00,button hole,False,
fastfit,07825_00,button,False,
fastfit,07825_00,pocket,False,
fastfit,07825_00,zipper,False,
fastfit,07825_00,sleeve,True,0.31660744547843933
fastfit,07825_00,shoulder,True,0.33417177200317383
fastfit,07825_00,logo,False,
fastfit,12362_00,collar,False,
fastfit,12362_00,lapel,False,
fastfit,12362_00,cuff,False,
fastfit,12362_00,button hole,False,
fastfit,12362_00,button,False,
fastfit,12362_00,pocket,False,
fastfit,12362_00,zipper,False,
fastfit,12362_00,sleeve,True,0.24253609776496887
fastfit,12362_00,shoulder,True,0.23376011848449707
fastfit,12362_00,logo,True,0.28528377413749695
fastfit,11206_00,collar,False,
fastfit,11206_00,lapel,False,
fastfit,11206_00,cuff,False,
fastfit,11206_00,button hole,False,
fastfit,11206_00,button,False,
fastfit,11206_00,pocket,False,
fastfit,11206_00,zipper,False,
fastfit,11206_00,sleeve,True,0.3447120487689972
fastfit,11206_00,shoulder,True,0.3752715289592743
fastfit,11206_00,logo,False,
fastfit,06978_00,collar,False,
fastfit,06978_00,lapel,False,
fastfit,06978_00,cuff,False,
fastfit,06978_00,button hole,False,
fastfit,06978_00,button,False,
fastfit,06978_00,pocket,False,
fastfit,06978_00,zipper,False,
fastfit,06978_00,sleeve,True,0.45096519589424133
fastfit,06978_00,shoulder,True,0.39058640599250793
fastfit,06978_00,logo,False,
fastfit,02743_00,collar,True,0.6593108177185059
fastfit,02743_00,lapel,False,
fastfit,02743_00,cuff,True,0.3028152287006378
fastfit,02743_00,button hole,False,
fastfit,02743_00,button,False,
fastfit,02743_00,pocket,False,
fastfit,02743_00,zipper,False,
fastfit,02743_00,sleeve,True,0.4176402688026428
fastfit,02743_00,shoulder,True,0.39580586552619934
fastfit,02743_00,logo,True,0.3283086121082306
fastfit,10265_00,collar,False,
fastfit,10265_00,lapel,False,
fastfit,10265_00,cuff,False,
fastfit,10265_00,button hole,False,
fastfit,10265_00,button,False,
fastfit,10265_00,pocket,False,
fastfit,10265_00,zipper,False,
fastfit,10265_00,sleeve,False,
fastfit,10265_00,shoulder,True,0.44317319989204407
fastfit,10265_00,logo,False,
fastfit,09215_00,collar,True,0.20259538292884827
fastfit,09215_00,lapel,False,
fastfit,09215_00,cuff,False,
fastfit,09215_00,button hole,False,
fastfit,09215_00,button,False,
fastfit,09215_00,pocket,False,
fastfit,09215_00,zipper,False,
fastfit,09215_00,sleeve,True,0.24078798294067383
fastfit,09215_00,shoulder,True,0.20352840423583984
fastfit,09215_00,logo,False,
fastfit,07396_00,collar,False,
fastfit,07396_00,lapel,False,
fastfit,07396_00,cuff,False,
fastfit,07396_00,button hole,False,
fastfit,07396_00,button,False,
fastfit,07396_00,pocket,False,
fastfit,07396_00,zipper,False,
fastfit,07396_00,sleeve,True,0.5281960368156433
fastfit,07396_00,shoulder,True,0.5886555314064026
fastfit,07396_00,logo,False,
fastfit,06192_00,collar,True,0.46843552589416504
fastfit,06192_00,lapel,False,
fastfit,06192_00,cuff,True,0.36666256189346313
fastfit,06192_00,button hole,False,
fastfit,06192_00,button,False,
fastfit,06192_00,pocket,False,
fastfit,06192_00,zipper,False,
fastfit,06192_00,sleeve,True,0.5290572643280029
fastfit,06192_00,shoulder,True,0.5691312551498413
fastfit,06192_00,logo,False,
fastfit,11892_00,collar,False,
fastfit,11892_00,lapel,False,
fastfit,11892_00,cuff,False,
fastfit,11892_00,button hole,False,
fastfit,11892_00,button,False,
fastfit,11892_00,pocket,False,
fastfit,11892_00,zipper,False,
fastfit,11892_00,sleeve,False,
fastfit,11892_00,shoulder,True,0.4817303717136383
fastfit,11892_00,logo,False,
fastfit,11994_00,collar,True,0.38712888956069946
fastfit,11994_00,lapel,False,
fastfit,11994_00,cuff,False,
fastfit,11994_00,button hole,False,
fastfit,11994_00,button,True,0.4678054749965668
fastfit,11994_00,pocket,False,
fastfit,11994_00,zipper,False,
fastfit,11994_00,sleeve,True,0.34979385137557983
fastfit,11994_00,shoulder,True,0.3440939486026764
fastfit,11994_00,logo,False,
fastfit,03950_00,collar,False,
fastfit,03950_00,lapel,False,
fastfit,03950_00,cuff,False,
fastfit,03950_00,button hole,False,
fastfit,03950_00,button,False,
fastfit,03950_00,pocket,False,
fastfit,03950_00,zipper,False,
fastfit,03950_00,sleeve,True,0.4020369052886963
fastfit,03950_00,shoulder,True,0.3623323142528534
fastfit,03950_00,logo,False,
fastfit,01832_00,collar,True,0.22793880105018616
fastfit,01832_00,lapel,False,
fastfit,01832_00,cuff,False,
fastfit,01832_00,button hole,False,
fastfit,01832_00,button,False,
fastfit,01832_00,pocket,False,
fastfit,01832_00,zipper,False,
fastfit,01832_00,sleeve,True,0.2842126488685608
fastfit,01832_00,shoulder,True,0.24582980573177338
fastfit,01832_00,logo,False,
fastfit,11054_00,collar,True,0.6078494191169739
fastfit,11054_00,lapel,False,
fastfit,11054_00,cuff,True,0.808097779750824
fastfit,11054_00,button hole,False,
fastfit,11054_00,button,False,
fastfit,11054_00,pocket,False,
fastfit,11054_00,zipper,False,
fastfit,11054_00,sleeve,True,0.8105176091194153
fastfit,11054_00,shoulder,True,0.5606003999710083
fastfit,11054_00,logo,False,
fastfit,02457_00,collar,False,
fastfit,02457_00,lapel,False,
fastfit,02457_00,cuff,False,
fastfit,02457_00,button hole,False,
fastfit,02457_00,button,False,
fastfit,02457_00,pocket,False,
fastfit,02457_00,zipper,False,
fastfit,02457_00,sleeve,True,0.5353983640670776
fastfit,02457_00,shoulder,True,0.432834267616272
fastfit,02457_00,logo,False,
fastfit,14181_00,collar,True,0.3202792704105377
fastfit,14181_00,lapel,False,
fastfit,14181_00,cuff,True,0.2801326811313629
fastfit,14181_00,button hole,False,
fastfit,14181_00,button,False,
fastfit,14181_00,pocket,False,
fastfit,14181_00,zipper,False,
fastfit,14181_00,sleeve,True,0.2758432626724243
fastfit,14181_00,shoulder,True,0.31470802426338196
fastfit,14181_00,logo,True,0.3428311347961426
fastfit,08102_00,collar,True,0.586401104927063
fastfit,08102_00,lapel,False,
fastfit,08102_00,cuff,False,
fastfit,08102_00,button hole,False,
fastfit,08102_00,button,False,
fastfit,08102_00,pocket,False,
fastfit,08102_00,zipper,False,
fastfit,08102_00,sleeve,True,0.6539860963821411
fastfit,08102_00,shoulder,False,
fastfit,08102_00,logo,False,
fastfit,01046_00,collar,False,
fastfit,01046_00,lapel,False,
fastfit,01046_00,cuff,True,0.2664903700351715
fastfit,01046_00,button hole,False,
fastfit,01046_00,button,True,0.527309238910675
fastfit,01046_00,pocket,False,
fastfit,01046_00,zipper,False,
fastfit,01046_00,sleeve,True,0.3030048906803131
fastfit,01046_00,shoulder,False,
fastfit,01046_00,logo,False,
fastfit,07847_00,collar,False,
fastfit,07847_00,lapel,False,
fastfit,07847_00,cuff,False,
fastfit,07847_00,button hole,False,
fastfit,07847_00,button,False,
fastfit,07847_00,pocket,False,
fastfit,07847_00,zipper,False,
fastfit,07847_00,sleeve,True,0.48646289110183716
fastfit,07847_00,shoulder,True,0.46172642707824707
fastfit,07847_00,logo,False,
fastfit,01503_00,collar,False,
fastfit,01503_00,lapel,False,
fastfit,01503_00,cuff,False,
fastfit,01503_00,button hole,False,
fastfit,01503_00,button,False,
fastfit,01503_00,pocket,False,
fastfit,01503_00,zipper,False,
fastfit,01503_00,sleeve,True,0.3497560918331146
fastfit,01503_00,shoulder,True,0.40873202681541443
fastfit,01503_00,logo,False,
fastfit,02400_00,collar,False,
fastfit,02400_00,lapel,False,
fastfit,02400_00,cuff,False,
fastfit,02400_00,button hole,False,
fastfit,02400_00,button,False,
fastfit,02400_00,pocket,False,
fastfit,02400_00,zipper,False,
fastfit,02400_00,sleeve,True,0.6463797688484192
fastfit,02400_00,shoulder,True,0.7511543035507202
fastfit,02400_00,logo,False,
fastfit,09487_00,collar,True,0.43581125140190125
fastfit,09487_00,lapel,False,
fastfit,09487_00,cuff,True,0.36258360743522644
fastfit,09487_00,button hole,False,
fastfit,09487_00,button,False,
fastfit,09487_00,pocket,False,
fastfit,09487_00,zipper,False,
fastfit,09487_00,sleeve,True,0.4454123377799988
fastfit,09487_00,shoulder,True,0.4377625584602356
fastfit,09487_00,logo,False,
fastfit,08232_00,collar,True,0.3171883225440979
fastfit,08232_00,lapel,False,
fastfit,08232_00,cuff,False,
fastfit,08232_00,button hole,False,
fastfit,08232_00,button,True,0.4227946996688843
fastfit,08232_00,pocket,False,
fastfit,08232_00,zipper,False,
fastfit,08232_00,sleeve,True,0.43283727765083313
fastfit,08232_00,shoulder,True,0.3899238109588623
fastfit,08232_00,logo,False,
fastfit,13589_00,collar,False,
fastfit,13589_00,lapel,False,
fastfit,13589_00,cuff,False,
fastfit,13589_00,button hole,False,
fastfit,13589_00,button,False,
fastfit,13589_00,pocket,False,
fastfit,13589_00,zipper,False,
fastfit,13589_00,sleeve,True,0.3755030930042267
fastfit,13589_00,shoulder,True,0.5161935687065125
fastfit,13589_00,logo,False,
fastfit,00013_00,collar,True,0.23434779047966003
fastfit,00013_00,lapel,False,
fastfit,00013_00,cuff,True,0.2704007923603058
fastfit,00013_00,button hole,False,
fastfit,00013_00,button,False,
fastfit,00013_00,pocket,False,
fastfit,00013_00,zipper,False,
fastfit,00013_00,sleeve,True,0.30377131700515747
fastfit,00013_00,shoulder,True,0.19805067777633667
fastfit,00013_00,logo,True,0.22715167701244354
fastfit,14471_00,collar,False,
fastfit,14471_00,lapel,False,
fastfit,14471_00,cuff,True,0.3221275210380554
fastfit,14471_00,button hole,False,
fastfit,14471_00,button,False,
fastfit,14471_00,pocket,False,
fastfit,14471_00,zipper,False,
fastfit,14471_00,sleeve,True,0.42149579524993896
fastfit,14471_00,shoulder,True,0.47271043062210083
fastfit,14471_00,logo,False,
fastfit,00698_00,collar,False,
fastfit,00698_00,lapel,False,
fastfit,00698_00,cuff,False,
fastfit,00698_00,button hole,False,
fastfit,00698_00,button,False,
fastfit,00698_00,pocket,False,
fastfit,00698_00,zipper,False,
fastfit,00698_00,sleeve,True,0.3289235234260559
fastfit,00698_00,shoulder,True,0.3159885108470917
fastfit,00698_00,logo,False,
fastfit,11438_00,collar,False,
fastfit,11438_00,lapel,False,
fastfit,11438_00,cuff,False,
fastfit,11438_00,button hole,False,
fastfit,11438_00,button,False,
fastfit,11438_00,pocket,False,
fastfit,11438_00,zipper,False,
fastfit,11438_00,sleeve,True,0.380309522151947
fastfit,11438_00,shoulder,True,0.3955545127391815
fastfit,11438_00,logo,False,
fastfit,10495_00,collar,False,
fastfit,10495_00,lapel,False,
fastfit,10495_00,cuff,False,
fastfit,10495_00,button hole,False,
fastfit,10495_00,button,False,
fastfit,10495_00,pocket,False,
fastfit,10495_00,zipper,False,
fastfit,10495_00,sleeve,False,
fastfit,10495_00,shoulder,True,0.41855138540267944
fastfit,10495_00,logo,False,
fastfit,13140_00,collar,False,
fastfit,13140_00,lapel,False,
fastfit,13140_00,cuff,True,0.3385118246078491
fastfit,13140_00,button hole,False,
fastfit,13140_00,button,False,
fastfit,13140_00,pocket,False,
fastfit,13140_00,zipper,False,
fastfit,13140_00,sleeve,True,0.3437343239784241
fastfit,13140_00,shoulder,True,0.5024938583374023
fastfit,13140_00,logo,False,
fastfit,11799_00,collar,True,0.4565865099430084
fastfit,11799_00,lapel,False,
fastfit,11799_00,cuff,False,
fastfit,11799_00,button hole,False,
fastfit,11799_00,button,False,
fastfit,11799_00,pocket,False,
fastfit,11799_00,zipper,False,
fastfit,11799_00,sleeve,True,0.6173542737960815
fastfit,11799_00,shoulder,True,0.5142801403999329
fastfit,11799_00,logo,False,
fastfit,01767_00,collar,False,
fastfit,01767_00,lapel,False,
fastfit,01767_00,cuff,False,
fastfit,01767_00,button hole,False,
fastfit,01767_00,button,True,0.36561712622642517
fastfit,01767_00,pocket,False,
fastfit,01767_00,zipper,False,
fastfit,01767_00,sleeve,True,0.41892528533935547
fastfit,01767_00,shoulder,True,0.3428678512573242
fastfit,01767_00,logo,False,
fastfit,11556_00,collar,False,
fastfit,11556_00,lapel,False,
fastfit,11556_00,cuff,True,0.5076341032981873
fastfit,11556_00,button hole,False,
fastfit,11556_00,button,False,
fastfit,11556_00,pocket,False,
fastfit,11556_00,zipper,False,
fastfit,11556_00,sleeve,True,0.5436250567436218
fastfit,11556_00,shoulder,True,0.40586116909980774
fastfit,11556_00,logo,False,
fastfit,14059_00,collar,False,
fastfit,14059_00,lapel,False,
fastfit,14059_00,cuff,False,
fastfit,14059_00,button hole,False,
fastfit,14059_00,button,False,
fastfit,14059_00,pocket,False,
fastfit,14059_00,zipper,False,
fastfit,14059_00,sleeve,False,
fastfit,14059_00,shoulder,True,0.5297546982765198
fastfit,14059_00,logo,False,
fastfit,13967_00,collar,False,
fastfit,13967_00,lapel,False,
fastfit,13967_00,cuff,False,
fastfit,13967_00,button hole,False,
fastfit,13967_00,button,False,
fastfit,13967_00,pocket,False,
fastfit,13967_00,zipper,False,
fastfit,13967_00,sleeve,True,0.3432026505470276
fastfit,13967_00,shoulder,True,0.3574352264404297
fastfit,13967_00,logo,False,
fastfit,00827_00,collar,False,
fastfit,00827_00,lapel,False,
fastfit,00827_00,cuff,False,
fastfit,00827_00,button hole,False,
fastfit,00827_00,button,False,
fastfit,00827_00,pocket,False,
fastfit,00827_00,zipper,False,
fastfit,00827_00,sleeve,False,
fastfit,00827_00,shoulder,True,0.42926332354545593
fastfit,00827_00,logo,False,
fastfit,03935_00,collar,True,0.4619116485118866
fastfit,03935_00,lapel,False,
fastfit,03935_00,cuff,True,0.5038691759109497
fastfit,03935_00,button hole,False,
fastfit,03935_00,button,False,
fastfit,03935_00,pocket,False,
fastfit,03935_00,zipper,False,
fastfit,03935_00,sleeve,True,0.47589433193206787
fastfit,03935_00,shoulder,True,0.3432801365852356
fastfit,03935_00,logo,False,
fastfit,10428_00,collar,False,
fastfit,10428_00,lapel,False,
fastfit,10428_00,cuff,False,
fastfit,10428_00,button hole,False,
fastfit,10428_00,button,False,
fastfit,10428_00,pocket,False,
fastfit,10428_00,zipper,False,
fastfit,10428_00,sleeve,True,0.44369402527809143
fastfit,10428_00,shoulder,True,0.2736271619796753
fastfit,10428_00,logo,False,
fastfit,13172_00,collar,True,0.4315745532512665
fastfit,13172_00,lapel,False,
fastfit,13172_00,cuff,False,
fastfit,13172_00,button hole,False,
fastfit,13172_00,button,False,
fastfit,13172_00,pocket,False,
fastfit,13172_00,zipper,False,
fastfit,13172_00,sleeve,True,0.2995379865169525
fastfit,13172_00,shoulder,True,0.39002561569213867
fastfit,13172_00,logo,True,0.3230037987232208
fastfit,12419_00,collar,False,
fastfit,12419_00,lapel,False,
fastfit,12419_00,cuff,False,
fastfit,12419_00,button hole,False,
fastfit,12419_00,button,False,
fastfit,12419_00,pocket,False,
fastfit,12419_00,zipper,False,
fastfit,12419_00,sleeve,False,
fastfit,12419_00,shoulder,True,0.45897844433784485
fastfit,12419_00,logo,False,
fastfit,11993_00,collar,True,0.3684622049331665
fastfit,11993_00,lapel,False,
fastfit,11993_00,cuff,True,0.4066026210784912
fastfit,11993_00,button hole,False,
fastfit,11993_00,button,False,
fastfit,11993_00,pocket,False,
fastfit,11993_00,zipper,False,
fastfit,11993_00,sleeve,True,0.4567156434059143
fastfit,11993_00,shoulder,True,0.37987813353538513
fastfit,11993_00,logo,False,
fastfit,11766_00,collar,True,0.3032204210758209
fastfit,11766_00,lapel,False,
fastfit,11766_00,cuff,False,
fastfit,11766_00,button hole,False,
fastfit,11766_00,button,False,
fastfit,11766_00,pocket,False,
fastfit,11766_00,zipper,False,
fastfit,11766_00,sleeve,True,0.20895297825336456
fastfit,11766_00,shoulder,True,0.25713980197906494
fastfit,11766_00,logo,False,
fastfit,02372_00,collar,False,
fastfit,02372_00,lapel,False,
fastfit,02372_00,cuff,False,
fastfit,02372_00,button hole,False,
fastfit,02372_00,button,False,
fastfit,02372_00,pocket,False,
fastfit,02372_00,zipper,False,
fastfit,02372_00,sleeve,False,
fastfit,02372_00,shoulder,True,0.31248247623443604
fastfit,02372_00,logo,False,
fastfit,09751_00,collar,True,0.36529937386512756
fastfit,09751_00,lapel,False,
fastfit,09751_00,cuff,False,
fastfit,09751_00,button hole,False,
fastfit,09751_00,button,False,
fastfit,09751_00,pocket,True,0.44241616129875183
fastfit,09751_00,zipper,False,
fastfit,09751_00,sleeve,False,
fastfit,09751_00,shoulder,True,0.3244363069534302
fastfit,09751_00,logo,False,
fastfit,08158_00,collar,True,0.29176971316337585
fastfit,08158_00,lapel,False,
fastfit,08158_00,cuff,True,0.37588271498680115
fastfit,08158_00,button hole,False,
fastfit,08158_00,button,False,
fastfit,08158_00,pocket,False,
fastfit,08158_00,zipper,False,
fastfit,08158_00,sleeve,True,0.43771079182624817
fastfit,08158_00,shoulder,True,0.2875353991985321
fastfit,08158_00,logo,False,
fastfit,06730_00,collar,True,0.16173096001148224
fastfit,06730_00,lapel,False,
fastfit,06730_00,cuff,True,0.46050721406936646
fastfit,06730_00,button hole,False,
fastfit,06730_00,button,False,
fastfit,06730_00,pocket,False,
fastfit,06730_00,zipper,False,
fastfit,06730_00,sleeve,True,0.24488918483257294
fastfit,06730_00,shoulder,True,0.19819290935993195
fastfit,06730_00,logo,False,
fastfit,06753_00,collar,False,
fastfit,06753_00,lapel,False,
fastfit,06753_00,cuff,False,
fastfit,06753_00,button hole,False,
fastfit,06753_00,button,False,
fastfit,06753_00,pocket,False,
fastfit,06753_00,zipper,False,
fastfit,06753_00,sleeve,True,0.36682412028312683
fastfit,06753_00,shoulder,True,0.35988476872444153
fastfit,06753_00,logo,False,
fastfit,01386_00,collar,True,0.4546298086643219
fastfit,01386_00,lapel,False,
fastfit,01386_00,cuff,False,
fastfit,01386_00,button hole,False,
fastfit,01386_00,button,False,
fastfit,01386_00,pocket,False,
fastfit,01386_00,zipper,False,
fastfit,01386_00,sleeve,True,0.32387417554855347
fastfit,01386_00,shoulder,True,0.44618749618530273
fastfit,01386_00,logo,False,
fastfit,13126_00,collar,False,
fastfit,13126_00,lapel,False,
fastfit,13126_00,cuff,False,
fastfit,13126_00,button hole,False,
fastfit,13126_00,button,False,
fastfit,13126_00,pocket,False,
fastfit,13126_00,zipper,False,
fastfit,13126_00,sleeve,True,0.3614140450954437
fastfit,13126_00,shoulder,True,0.2788572907447815
fastfit,13126_00,logo,False,
fastfit,02810_00,collar,False,
fastfit,02810_00,lapel,False,
fastfit,02810_00,cuff,False,
fastfit,02810_00,button hole,False,
fastfit,02810_00,button,False,
fastfit,02810_00,pocket,True,0.5993317365646362
fastfit,02810_00,zipper,False,
fastfit,02810_00,sleeve,True,0.3299061059951782
fastfit,02810_00,shoulder,True,0.38206955790519714
fastfit,02810_00,logo,False,
fastfit,03191_00,collar,False,
fastfit,03191_00,lapel,False,
fastfit,03191_00,cuff,False,
fastfit,03191_00,button hole,False,
fastfit,03191_00,button,False,
fastfit,03191_00,pocket,False,
fastfit,03191_00,zipper,False,
fastfit,03191_00,sleeve,True,0.40040552616119385
fastfit,03191_00,shoulder,True,0.3334905207157135
fastfit,03191_00,logo,False,
fastfit,11372_00,collar,False,
fastfit,11372_00,lapel,False,
fastfit,11372_00,cuff,False,
fastfit,11372_00,button hole,False,
fastfit,11372_00,button,False,
fastfit,11372_00,pocket,False,
fastfit,11372_00,zipper,False,
fastfit,11372_00,sleeve,True,0.20624151825904846
fastfit,11372_00,shoulder,True,0.32495638728141785
fastfit,11372_00,logo,False,
fastfit,07694_00,collar,True,0.4397743046283722
fastfit,07694_00,lapel,False,
fastfit,07694_00,cuff,False,
fastfit,07694_00,button hole,False,
fastfit,07694_00,button,False,
fastfit,07694_00,pocket,False,
fastfit,07694_00,zipper,False,
fastfit,07694_00,sleeve,True,0.3045482933521271
fastfit,07694_00,shoulder,True,0.3444979190826416
fastfit,07694_00,logo,True,0.3638809025287628
fastfit,01900_00,collar,False,
fastfit,01900_00,lapel,False,
fastfit,01900_00,cuff,True,0.34469878673553467
fastfit,01900_00,button hole,False,
fastfit,01900_00,button,False,
fastfit,01900_00,pocket,False,
fastfit,01900_00,zipper,False,
fastfit,01900_00,sleeve,True,0.408954381942749
fastfit,01900_00,shoulder,True,0.4303649365901947
fastfit,01900_00,logo,False,
fastfit,02253_00,collar,False,
fastfit,02253_00,lapel,False,
fastfit,02253_00,cuff,True,0.355569064617157
fastfit,02253_00,button hole,False,
fastfit,02253_00,button,False,
fastfit,02253_00,pocket,False,
fastfit,02253_00,zipper,False,
fastfit,02253_00,sleeve,True,0.5789049863815308
fastfit,02253_00,shoulder,True,0.574467122554779
fastfit,02253_00,logo,False,
fastfit,04430_00,collar,True,0.4508916437625885
fastfit,04430_00,lapel,False,
fastfit,04430_00,cuff,False,
fastfit,04430_00,button hole,False,
fastfit,04430_00,button,False,
fastfit,04430_00,pocket,False,
fastfit,04430_00,zipper,False,
fastfit,04430_00,sleeve,True,0.43204089999198914
fastfit,04430_00,shoulder,True,0.46502166986465454
fastfit,04430_00,logo,False,
fastfit,03991_00,collar,True,0.6563164591789246
fastfit,03991_00,lapel,False,
fastfit,03991_00,cuff,False,
fastfit,03991_00,button hole,False,
fastfit,03991_00,button,False,
fastfit,03991_00,pocket,False,
fastfit,03991_00,zipper,False,
fastfit,03991_00,sleeve,False,
fastfit,03991_00,shoulder,True,0.5261054039001465
fastfit,03991_00,logo,False,
fastfit,03608_00,collar,True,0.3543456792831421
fastfit,03608_00,lapel,False,
fastfit,03608_00,cuff,True,0.3707631826400757
fastfit,03608_00,button hole,False,
fastfit,03608_00,button,False,
fastfit,03608_00,pocket,False,
fastfit,03608_00,zipper,False,
fastfit,03608_00,sleeve,True,0.4511428475379944
fastfit,03608_00,shoulder,True,0.34974485635757446
fastfit,03608_00,logo,False,
fastfit,12651_00,collar,False,
fastfit,12651_00,lapel,False,
fastfit,12651_00,cuff,True,0.6818069219589233
fastfit,12651_00,button hole,False,
fastfit,12651_00,button,False,
fastfit,12651_00,pocket,False,
fastfit,12651_00,zipper,False,
fastfit,12651_00,sleeve,True,0.763200044631958
fastfit,12651_00,shoulder,True,0.9260875582695007
fastfit,12651_00,logo,False,
fastfit,11600_00,collar,True,0.3221660852432251
fastfit,11600_00,lapel,False,
fastfit,11600_00,cuff,False,
fastfit,11600_00,button hole,False,
fastfit,11600_00,button,False,
fastfit,11600_00,pocket,False,
fastfit,11600_00,zipper,False,
fastfit,11600_00,sleeve,False,
fastfit,11600_00,shoulder,True,0.28965896368026733
fastfit,11600_00,logo,False,
fastfit,01917_00,collar,True,0.34149736166000366
fastfit,01917_00,lapel,False,
fastfit,01917_00,cuff,False,
fastfit,01917_00,button hole,False,
fastfit,01917_00,button,False,
fastfit,01917_00,pocket,False,
fastfit,01917_00,zipper,False,
fastfit,01917_00,sleeve,True,0.2688002288341522
fastfit,01917_00,shoulder,True,0.36921751499176025
fastfit,01917_00,logo,False,
fastfit,01026_00,collar,True,0.3934565782546997
fastfit,01026_00,lapel,False,
fastfit,01026_00,cuff,True,0.4104063808917999
fastfit,01026_00,button hole,False,
fastfit,01026_00,button,False,
fastfit,01026_00,pocket,False,
fastfit,01026_00,zipper,False,
fastfit,01026_00,sleeve,True,0.4622683823108673
fastfit,01026_00,shoulder,True,0.41460397839546204
fastfit,01026_00,logo,False,
fastfit,09845_00,collar,False,
fastfit,09845_00,lapel,False,
fastfit,09845_00,cuff,False,
fastfit,09845_00,button hole,False,
fastfit,09845_00,button,False,
fastfit,09845_00,pocket,False,
fastfit,09845_00,zipper,False,
fastfit,09845_00,sleeve,False,
fastfit,09845_00,shoulder,True,0.5265234112739563
fastfit,09845_00,logo,False,
fastfit,13517_00,collar,True,0.5961595177650452
fastfit,13517_00,lapel,False,
fastfit,13517_00,cuff,False,
fastfit,13517_00,button hole,False,
fastfit,13517_00,button,False,
fastfit,13517_00,pocket,False,
fastfit,13517_00,zipper,False,
fastfit,13517_00,sleeve,False,
fastfit,13517_00,shoulder,True,0.5885831713676453
fastfit,13517_00,logo,False,
fastfit,02388_00,collar,True,0.4197222590446472
fastfit,02388_00,lapel,False,
fastfit,02388_00,cuff,False,
fastfit,02388_00,button hole,False,
fastfit,02388_00,button,False,
fastfit,02388_00,pocket,False,
fastfit,02388_00,zipper,False,
fastfit,02388_00,sleeve,True,0.5838204026222229
fastfit,02388_00,shoulder,True,0.5425150990486145
fastfit,02388_00,logo,False,
fastfit,12365_00,collar,False,
fastfit,12365_00,lapel,False,
fastfit,12365_00,cuff,False,
fastfit,12365_00,button hole,False,
fastfit,12365_00,button,False,
fastfit,12365_00,pocket,False,
fastfit,12365_00,zipper,False,
fastfit,12365_00,sleeve,False,
fastfit,12365_00,shoulder,True,0.22656135261058807
fastfit,12365_00,logo,False,
fastfit,12572_00,collar,False,
fastfit,12572_00,lapel,False,
fastfit,12572_00,cuff,False,
fastfit,12572_00,button hole,False,
fastfit,12572_00,button,False,
fastfit,12572_00,pocket,False,
fastfit,12572_00,zipper,False,
fastfit,12572_00,sleeve,True,0.41340959072113037
fastfit,12572_00,shoulder,True,0.5734280347824097
fastfit,12572_00,logo,False,
leffa,02180_00,collar,True,0.3828076124191284
leffa,02180_00,lapel,False,
leffa,02180_00,cuff,False,
leffa,02180_00,button hole,False,
leffa,02180_00,button,False,
leffa,02180_00,pocket,False,
leffa,02180_00,zipper,False,
leffa,02180_00,sleeve,True,0.34356629848480225
leffa,02180_00,shoulder,True,0.3394913077354431
leffa,02180_00,logo,True,0.3243717551231384
leffa,07150_00,collar,True,0.16863512992858887
leffa,07150_00,lapel,False,
leffa,07150_00,cuff,False,
leffa,07150_00,button hole,False,
leffa,07150_00,button,False,
leffa,07150_00,pocket,False,
leffa,07150_00,zipper,False,
leffa,07150_00,sleeve,True,0.15556693077087402
leffa,07150_00,shoulder,True,0.14470741152763367
leffa,07150_00,logo,False,
leffa,00401_00,collar,True,0.4821283519268036
leffa,00401_00,lapel,False,
leffa,00401_00,cuff,True,0.3158770203590393
leffa,00401_00,button hole,False,
leffa,00401_00,button,False,
leffa,00401_00,pocket,False,
leffa,00401_00,zipper,False,
leffa,00401_00,sleeve,True,0.2826129198074341
leffa,00401_00,shoulder,False,
leffa,00401_00,logo,False,
leffa,00494_00,collar,False,
leffa,00494_00,lapel,False,
leffa,00494_00,cuff,True,0.20693805813789368
leffa,00494_00,button hole,False,
leffa,00494_00,button,False,
leffa,00494_00,pocket,False,
leffa,00494_00,zipper,False,
leffa,00494_00,sleeve,True,0.37413692474365234
leffa,00494_00,shoulder,False,
leffa,00494_00,logo,True,0.4649372100830078
leffa,02336_00,collar,False,
leffa,02336_00,lapel,False,
leffa,02336_00,cuff,False,
leffa,02336_00,button hole,False,
leffa,02336_00,button,False,
leffa,02336_00,pocket,False,
leffa,02336_00,zipper,False,
leffa,02336_00,sleeve,False,
leffa,02336_00,shoulder,True,0.4463326632976532
leffa,02336_00,logo,False,
leffa,10731_00,collar,True,0.2716393768787384
leffa,10731_00,lapel,False,
leffa,10731_00,cuff,False,
leffa,10731_00,button hole,False,
leffa,10731_00,button,False,
leffa,10731_00,pocket,False,
leffa,10731_00,zipper,False,
leffa,10731_00,sleeve,True,0.347079336643219
leffa,10731_00,shoulder,True,0.28556302189826965
leffa,10731_00,logo,False,
leffa,07212_00,collar,False,
leffa,07212_00,lapel,False,
leffa,07212_00,cuff,True,0.14080235362052917
leffa,07212_00,button hole,False,
leffa,07212_00,button,True,0.41606542468070984
leffa,07212_00,pocket,False,
leffa,07212_00,zipper,False,
leffa,07212_00,sleeve,True,0.34233081340789795
leffa,07212_00,shoulder,True,0.3401600420475006
leffa,07212_00,logo,False,
leffa,05544_00,collar,True,0.2841837406158447
leffa,05544_00,lapel,False,
leffa,05544_00,cuff,False,
leffa,05544_00,button hole,False,
leffa,05544_00,button,False,
leffa,05544_00,pocket,False,
leffa,05544_00,zipper,False,
leffa,05544_00,sleeve,False,
leffa,05544_00,shoulder,False,
leffa,05544_00,logo,False,
leffa,13988_00,collar,False,
leffa,13988_00,lapel,False,
leffa,13988_00,cuff,False,
leffa,13988_00,button hole,False,
leffa,13988_00,button,False,
leffa,13988_00,pocket,False,
leffa,13988_00,zipper,False,
leffa,13988_00,sleeve,True,0.34393811225891113
leffa,13988_00,shoulder,True,0.3911053240299225
leffa,13988_00,logo,False,
leffa,12661_00,collar,False,
leffa,12661_00,lapel,False,
leffa,12661_00,cuff,False,
leffa,12661_00,button hole,False,
leffa,12661_00,button,False,
leffa,12661_00,pocket,False,
leffa,12661_00,zipper,False,
leffa,12661_00,sleeve,True,0.35198724269866943
leffa,12661_00,shoulder,True,0.6335166096687317
leffa,12661_00,logo,False,
leffa,05329_00,collar,False,
leffa,05329_00,lapel,False,
leffa,05329_00,cuff,False,
leffa,05329_00,button hole,False,
leffa,05329_00,button,False,
leffa,05329_00,pocket,False,
leffa,05329_00,zipper,False,
leffa,05329_00,sleeve,True,0.4068097770214081
leffa,05329_00,shoulder,True,0.38205283880233765
leffa,05329_00,logo,False,
leffa,01877_00,collar,True,0.48391151428222656
leffa,01877_00,lapel,False,
leffa,01877_00,cuff,False,
leffa,01877_00,button hole,False,
leffa,01877_00,button,False,
leffa,01877_00,pocket,False,
leffa,01877_00,zipper,False,
leffa,01877_00,sleeve,True,0.34390130639076233
leffa,01877_00,shoulder,True,0.3089925944805145
leffa,01877_00,logo,False,
leffa,00272_00,collar,False,
leffa,00272_00,lapel,False,
leffa,00272_00,cuff,False,
leffa,00272_00,button hole,False,
leffa,00272_00,button,False,
leffa,00272_00,pocket,False,
leffa,00272_00,zipper,False,
leffa,00272_00,sleeve,False,
leffa,00272_00,shoulder,True,0.36414197087287903
leffa,00272_00,logo,False,
leffa,09940_00,collar,False,
leffa,09940_00,lapel,False,
leffa,09940_00,cuff,False,
leffa,09940_00,button hole,False,
leffa,09940_00,button,False,
leffa,09940_00,pocket,False,
leffa,09940_00,zipper,False,
leffa,09940_00,sleeve,False,
leffa,09940_00,shoulder,True,0.26716116070747375
leffa,09940_00,logo,False,
leffa,10657_00,collar,False,
leffa,10657_00,lapel,False,
leffa,10657_00,cuff,True,0.3411186635494232
leffa,10657_00,button hole,False,
leffa,10657_00,button,False,
leffa,10657_00,pocket,False,
leffa,10657_00,zipper,False,
leffa,10657_00,sleeve,True,0.31667137145996094
leffa,10657_00,shoulder,True,0.3836589753627777
leffa,10657_00,logo,False,
leffa,05156_00,collar,True,0.4294021427631378
leffa,05156_00,lapel,False,
leffa,05156_00,cuff,True,0.2699317932128906
leffa,05156_00,button hole,False,
leffa,05156_00,button,False,
leffa,05156_00,pocket,False,
leffa,05156_00,zipper,False,
leffa,05156_00,sleeve,True,0.31542155146598816
leffa,05156_00,shoulder,True,0.37721124291419983
leffa,05156_00,logo,False,
leffa,07599_00,collar,True,0.6205765604972839
leffa,07599_00,lapel,False,
leffa,07599_00,cuff,False,
leffa,07599_00,button hole,False,
leffa,07599_00,button,False,
leffa,07599_00,pocket,False,
leffa,07599_00,zipper,False,
leffa,07599_00,sleeve,False,
leffa,07599_00,shoulder,True,0.5434972643852234
leffa,07599_00,logo,False,
leffa,04847_00,collar,True,0.6535060405731201
leffa,04847_00,lapel,False,
leffa,04847_00,cuff,False,
leffa,04847_00,button hole,False,
leffa,04847_00,button,False,
leffa,04847_00,pocket,False,
leffa,04847_00,zipper,False,
leffa,04847_00,sleeve,True,0.38783103227615356
leffa,04847_00,shoulder,False,
leffa,04847_00,logo,True,0.6874241828918457
leffa,07707_00,collar,False,
leffa,07707_00,lapel,False,
leffa,07707_00,cuff,False,
leffa,07707_00,button hole,False,
leffa,07707_00,button,False,
leffa,07707_00,pocket,False,
leffa,07707_00,zipper,False,
leffa,07707_00,sleeve,False,
leffa,07707_00,shoulder,True,0.16857489943504333
leffa,07707_00,logo,False,
leffa,04944_00,collar,True,0.40656566619873047
leffa,04944_00,lapel,False,
leffa,04944_00,cuff,False,
leffa,04944_00,button hole,False,
leffa,04944_00,button,False,
leffa,04944_00,pocket,False,
leffa,04944_00,zipper,False,
leffa,04944_00,sleeve,True,0.3713799715042114
leffa,04944_00,shoulder,True,0.4545535743236542
leffa,04944_00,logo,False,
leffa,09067_00,collar,False,
leffa,09067_00,lapel,False,
leffa,09067_00,cuff,True,0.19246436655521393
leffa,09067_00,button hole,False,
leffa,09067_00,button,True,0.3432011902332306
leffa,09067_00,pocket,False,
leffa,09067_00,zipper,False,
leffa,09067_00,sleeve,True,0.28064537048339844
leffa,09067_00,shoulder,True,0.29206207394599915
leffa,09067_00,logo,False,
leffa,11001_00,collar,False,
leffa,11001_00,lapel,False,
leffa,11001_00,cuff,False,
leffa,11001_00,button hole,False,
leffa,11001_00,button,False,
leffa,11001_00,pocket,False,
leffa,11001_00,zipper,False,
leffa,11001_00,sleeve,True,0.2880973517894745
leffa,11001_00,shoulder,True,0.2761157155036926
leffa,11001_00,logo,False,
leffa,10843_00,collar,False,
leffa,10843_00,lapel,False,
leffa,10843_00,cuff,False,
leffa,10843_00,button hole,False,
leffa,10843_00,button,False,
leffa,10843_00,pocket,False,
leffa,10843_00,zipper,False,
leffa,10843_00,sleeve,True,0.2488657832145691
leffa,10843_00,shoulder,True,0.2706269323825836
leffa,10843_00,logo,False,
leffa,13491_00,collar,False,
leffa,13491_00,lapel,False,
leffa,13491_00,cuff,False,
leffa,13491_00,button hole,False,
leffa,13491_00,button,False,
leffa,13491_00,pocket,False,
leffa,13491_00,zipper,False,
leffa,13491_00,sleeve,True,0.18895752727985382
leffa,13491_00,shoulder,True,0.2795262932777405
leffa,13491_00,logo,True,0.40461939573287964
leffa,07965_00,collar,True,0.13049839437007904
leffa,07965_00,lapel,False,
leffa,07965_00,cuff,True,0.36126500368118286
leffa,07965_00,button hole,False,
leffa,07965_00,button,False,
leffa,07965_00,pocket,False,
leffa,07965_00,zipper,False,
leffa,07965_00,sleeve,True,0.2078104466199875
leffa,07965_00,shoulder,True,0.15518811345100403
leffa,07965_00,logo,False,
leffa,08314_00,collar,False,
leffa,08314_00,lapel,False,
leffa,08314_00,cuff,False,
leffa,08314_00,button hole,False,
leffa,08314_00,button,False,
leffa,08314_00,pocket,False,
leffa,08314_00,zipper,False,
leffa,08314_00,sleeve,True,0.2416360229253769
leffa,08314_00,shoulder,True,0.40282711386680603
leffa,08314_00,logo,False,
leffa,01801_00,collar,False,
leffa,01801_00,lapel,False,
leffa,01801_00,cuff,False,
leffa,01801_00,button hole,False,
leffa,01801_00,button,False,
leffa,01801_00,pocket,False,
leffa,01801_00,zipper,False,
leffa,01801_00,sleeve,False,
leffa,01801_00,shoulder,True,0.36708205938339233
leffa,01801_00,logo,False,
leffa,12749_00,collar,False,
leffa,12749_00,lapel,False,
leffa,12749_00,cuff,False,
leffa,12749_00,button hole,False,
leffa,12749_00,button,False,
leffa,12749_00,pocket,False,
leffa,12749_00,zipper,False,
leffa,12749_00,sleeve,True,0.2812338173389435
leffa,12749_00,shoulder,True,0.23510906100273132
leffa,12749_00,logo,False,
leffa,01994_00,collar,False,
leffa,01994_00,lapel,False,
leffa,01994_00,cuff,False,
leffa,01994_00,button hole,False,
leffa,01994_00,button,False,
leffa,01994_00,pocket,False,
leffa,01994_00,zipper,False,
leffa,01994_00,sleeve,True,0.17247776687145233
leffa,01994_00,shoulder,True,0.16111816465854645
leffa,01994_00,logo,False,
leffa,04680_00,collar,False,
leffa,04680_00,lapel,False,
leffa,04680_00,cuff,False,
leffa,04680_00,button hole,False,
leffa,04680_00,button,True,0.30742883682250977
leffa,04680_00,pocket,False,
leffa,04680_00,zipper,False,
leffa,04680_00,sleeve,False,
leffa,04680_00,shoulder,True,0.3426603078842163
leffa,04680_00,logo,False,
leffa,05910_00,collar,False,
leffa,05910_00,lapel,False,
leffa,05910_00,cuff,False,
leffa,05910_00,button hole,False,
leffa,05910_00,button,False,
leffa,05910_00,pocket,False,
leffa,05910_00,zipper,False,
leffa,05910_00,sleeve,False,
leffa,05910_00,shoulder,True,0.35112443566322327
leffa,05910_00,logo,False,
leffa,03013_00,collar,True,0.32141223549842834
leffa,03013_00,lapel,False,
leffa,03013_00,cuff,False,
leffa,03013_00,button hole,False,
leffa,03013_00,button,False,
leffa,03013_00,pocket,False,
leffa,03013_00,zipper,False,
leffa,03013_00,sleeve,True,0.3148070275783539
leffa,03013_00,shoulder,True,0.3010466694831848
leffa,03013_00,logo,False,
leffa,05961_00,collar,False,
leffa,05961_00,lapel,False,
leffa,05961_00,cuff,False,
leffa,05961_00,button hole,False,
leffa,05961_00,button,False,
leffa,05961_00,pocket,False,
leffa,05961_00,zipper,False,
leffa,05961_00,sleeve,True,0.37997740507125854
leffa,05961_00,shoulder,True,0.4510301351547241
leffa,05961_00,logo,False,
leffa,11709_00,collar,True,0.7404794096946716
leffa,11709_00,lapel,False,
leffa,11709_00,cuff,False,
leffa,11709_00,button hole,False,
leffa,11709_00,button,False,
leffa,11709_00,pocket,False,
leffa,11709_00,zipper,False,
leffa,11709_00,sleeve,True,0.5441155433654785
leffa,11709_00,shoulder,True,0.6996626853942871
leffa,11709_00,logo,False,
leffa,14651_00,collar,True,0.49074071645736694
leffa,14651_00,lapel,False,
leffa,14651_00,cuff,True,0.25772204995155334
leffa,14651_00,button hole,False,
leffa,14651_00,button,False,
leffa,14651_00,pocket,False,
leffa,14651_00,zipper,False,
leffa,14651_00,sleeve,True,0.3157044053077698
leffa,14651_00,shoulder,True,0.4013606607913971
leffa,14651_00,logo,False,
leffa,04699_00,collar,False,
leffa,04699_00,lapel,False,
leffa,04699_00,cuff,False,
leffa,04699_00,button hole,False,
leffa,04699_00,button,False,
leffa,04699_00,pocket,False,
leffa,04699_00,zipper,False,
leffa,04699_00,sleeve,True,0.35938677191734314
leffa,04699_00,shoulder,True,0.3787493407726288
leffa,04699_00,logo,False,
leffa,08650_00,collar,False,
leffa,08650_00,lapel,False,
leffa,08650_00,cuff,False,
leffa,08650_00,button hole,False,
leffa,08650_00,button,False,
leffa,08650_00,pocket,False,
leffa,08650_00,zipper,False,
leffa,08650_00,sleeve,False,
leffa,08650_00,shoulder,True,0.41922008991241455
leffa,08650_00,logo,False,
leffa,04893_00,collar,False,
leffa,04893_00,lapel,False,
leffa,04893_00,cuff,False,
leffa,04893_00,button hole,False,
leffa,04893_00,button,False,
leffa,04893_00,pocket,False,
leffa,04893_00,zipper,False,
leffa,04893_00,sleeve,True,0.3213038742542267
leffa,04893_00,shoulder,True,0.24750465154647827
leffa,04893_00,logo,False,
leffa,12541_00,collar,False,
leffa,12541_00,lapel,False,
leffa,12541_00,cuff,False,
leffa,12541_00,button hole,False,
leffa,12541_00,button,False,
leffa,12541_00,pocket,False,
leffa,12541_00,zipper,False,
leffa,12541_00,sleeve,False,
leffa,12541_00,shoulder,True,0.2500359117984772
leffa,12541_00,logo,False,
leffa,04652_00,collar,False,
leffa,04652_00,lapel,False,
leffa,04652_00,cuff,False,
leffa,04652_00,button hole,False,
leffa,04652_00,button,False,
leffa,04652_00,pocket,False,
leffa,04652_00,zipper,False,
leffa,04652_00,sleeve,True,0.45909246802330017
leffa,04652_00,shoulder,True,0.3781290352344513
leffa,04652_00,logo,False,
leffa,07884_00,collar,True,0.299547404050827
leffa,07884_00,lapel,False,
leffa,07884_00,cuff,False,
leffa,07884_00,button hole,False,
leffa,07884_00,button,False,
leffa,07884_00,pocket,False,
leffa,07884_00,zipper,False,
leffa,07884_00,sleeve,True,0.18953554332256317
leffa,07884_00,shoulder,True,0.2151920199394226
leffa,07884_00,logo,True,0.3759079575538635
leffa,07966_00,collar,False,
leffa,07966_00,lapel,False,
leffa,07966_00,cuff,False,
leffa,07966_00,button hole,False,
leffa,07966_00,button,False,
leffa,07966_00,pocket,False,
leffa,07966_00,zipper,False,
leffa,07966_00,sleeve,True,0.32479989528656006
leffa,07966_00,shoulder,True,0.3237929046154022
leffa,07966_00,logo,False,
leffa,14173_00,collar,False,
leffa,14173_00,lapel,False,
leffa,14173_00,cuff,True,0.4667273461818695
leffa,14173_00,button hole,False,
leffa,14173_00,button,False,
leffa,14173_00,pocket,False,
leffa,14173_00,zipper,False,
leffa,14173_00,sleeve,True,0.4723014235496521
leffa,14173_00,shoulder,True,0.43508827686309814
leffa,14173_00,logo,False,
leffa,11913_00,collar,False,
leffa,11913_00,lapel,False,
leffa,11913_00,cuff,False,
leffa,11913_00,button hole,False,
leffa,11913_00,button,False,
leffa,11913_00,pocket,False,
leffa,11913_00,zipper,False,
leffa,11913_00,sleeve,False,
leffa,11913_00,shoulder,True,0.293703556060791
leffa,11913_00,logo,False,
leffa,01090_00,collar,True,0.42823225259780884
leffa,01090_00,lapel,False,
leffa,01090_00,cuff,True,0.21348737180233002
leffa,01090_00,button hole,False,
leffa,01090_00,button,False,
leffa,01090_00,pocket,False,
leffa,01090_00,zipper,False,
leffa,01090_00,sleeve,True,0.2918654680252075
leffa,01090_00,shoulder,True,0.3676093518733978
leffa,01090_00,logo,False,
leffa,02871_00,collar,True,0.27717646956443787
leffa,02871_00,lapel,False,
leffa,02871_00,cuff,False,
leffa,02871_00,button hole,False,
leffa,02871_00,button,False,
leffa,02871_00,pocket,False,
leffa,02871_00,zipper,False,
leffa,02871_00,sleeve,True,0.3286004364490509
leffa,02871_00,shoulder,True,0.2925015985965729
leffa,02871_00,logo,True,0.3161059617996216
leffa,07573_00,collar,False,
leffa,07573_00,lapel,False,
leffa,07573_00,cuff,False,
leffa,07573_00,button hole,False,
leffa,07573_00,button,False,
leffa,07573_00,pocket,False,
leffa,07573_00,zipper,False,
leffa,07573_00,sleeve,True,0.2779994308948517
leffa,07573_00,shoulder,True,0.37254971265792847
leffa,07573_00,logo,False,
leffa,06939_00,collar,True,0.3110477924346924
leffa,06939_00,lapel,False,
leffa,06939_00,cuff,False,
leffa,06939_00,button hole,False,
leffa,06939_00,button,False,
leffa,06939_00,pocket,False,
leffa,06939_00,zipper,False,
leffa,06939_00,sleeve,True,0.2188355028629303
leffa,06939_00,shoulder,True,0.23693682253360748
leffa,06939_00,logo,True,0.22693012654781342
leffa,08316_00,collar,True,0.4146239161491394
leffa,08316_00,lapel,False,
leffa,08316_00,cuff,False,
leffa,08316_00,button hole,False,
leffa,08316_00,button,True,0.24883723258972168
leffa,08316_00,pocket,False,
leffa,08316_00,zipper,False,
leffa,08316_00,sleeve,True,0.16858848929405212
leffa,08316_00,shoulder,True,0.16773903369903564
leffa,08316_00,logo,False,
leffa,02327_00,collar,True,0.9344028234481812
leffa,02327_00,lapel,False,
leffa,02327_00,cuff,False,
leffa,02327_00,button hole,False,
leffa,02327_00,button,False,
leffa,02327_00,pocket,False,
leffa,02327_00,zipper,False,
leffa,02327_00,sleeve,False,
leffa,02327_00,shoulder,True,0.6254868507385254
leffa,02327_00,logo,False,
leffa,08149_00,collar,False,
leffa,08149_00,lapel,False,
leffa,08149_00,cuff,True,0.321469783782959
leffa,08149_00,button hole,False,
leffa,08149_00,button,False,
leffa,08149_00,pocket,False,
leffa,08149_00,zipper,False,
leffa,08149_00,sleeve,True,0.3155551552772522
leffa,08149_00,shoulder,True,0.27935293316841125
leffa,08149_00,logo,False,
leffa,11985_00,collar,False,
leffa,11985_00,lapel,False,
leffa,11985_00,cuff,False,
leffa,11985_00,button hole,False,
leffa,11985_00,button,False,
leffa,11985_00,pocket,False,
leffa,11985_00,zipper,False,
leffa,11985_00,sleeve,True,0.44684770703315735
leffa,11985_00,shoulder,True,0.6469469666481018
leffa,11985_00,logo,False,
leffa,09912_00,collar,False,
leffa,09912_00,lapel,False,
leffa,09912_00,cuff,False,
leffa,09912_00,button hole,False,
leffa,09912_00,button,False,
leffa,09912_00,pocket,False,
leffa,09912_00,zipper,False,
leffa,09912_00,sleeve,True,0.3847218453884125
leffa,09912_00,shoulder,True,0.3911322057247162
leffa,09912_00,logo,False,
leffa,01827_00,collar,True,0.35212865471839905
leffa,01827_00,lapel,False,
leffa,01827_00,cuff,False,
leffa,01827_00,button hole,False,
leffa,01827_00,button,False,
leffa,01827_00,pocket,True,0.2551575303077698
leffa,01827_00,zipper,False,
leffa,01827_00,sleeve,True,0.2517381012439728
leffa,01827_00,shoulder,True,0.2597521245479584
leffa,01827_00,logo,False,
leffa,14009_00,collar,True,0.415761798620224
leffa,14009_00,lapel,False,
leffa,14009_00,cuff,False,
leffa,14009_00,button hole,False,
leffa,14009_00,button,False,
leffa,14009_00,pocket,False,
leffa,14009_00,zipper,False,
leffa,14009_00,sleeve,False,
leffa,14009_00,shoulder,True,0.45796284079551697
leffa,14009_00,logo,False,
leffa,10352_00,collar,True,0.4040389358997345
leffa,10352_00,lapel,False,
leffa,10352_00,cuff,False,
leffa,10352_00,button hole,False,
leffa,10352_00,button,False,
leffa,10352_00,pocket,False,
leffa,10352_00,zipper,False,
leffa,10352_00,sleeve,True,0.3763146996498108
leffa,10352_00,shoulder,True,0.39080971479415894
leffa,10352_00,logo,False,
leffa,10680_00,collar,False,
leffa,10680_00,lapel,False,
leffa,10680_00,cuff,True,0.5803682208061218
leffa,10680_00,button hole,False,
leffa,10680_00,button,False,
leffa,10680_00,pocket,False,
leffa,10680_00,zipper,False,
leffa,10680_00,sleeve,True,0.5431481599807739
leffa,10680_00,shoulder,True,0.48135116696357727
leffa,10680_00,logo,False,
leffa,09949_00,collar,False,
leffa,09949_00,lapel,False,
leffa,09949_00,cuff,False,
leffa,09949_00,button hole,False,
leffa,09949_00,button,False,
leffa,09949_00,pocket,False,
leffa,09949_00,zipper,False,
leffa,09949_00,sleeve,True,0.3235608637332916
leffa,09949_00,shoulder,True,0.3895809054374695
leffa,09949_00,logo,False,
leffa,09412_00,collar,False,
leffa,09412_00,lapel,False,
leffa,09412_00,cuff,False,
leffa,09412_00,button hole,False,
leffa,09412_00,button,False,
leffa,09412_00,pocket,False,
leffa,09412_00,zipper,False,
leffa,09412_00,sleeve,True,0.23013728857040405
leffa,09412_00,shoulder,True,0.391472190618515
leffa,09412_00,logo,False,
leffa,14189_00,collar,False,
leffa,14189_00,lapel,False,
leffa,14189_00,cuff,False,
leffa,14189_00,button hole,False,
leffa,14189_00,button,False,
leffa,14189_00,pocket,False,
leffa,14189_00,zipper,False,
leffa,14189_00,sleeve,True,0.20223680138587952
leffa,14189_00,shoulder,True,0.2723143696784973
leffa,14189_00,logo,False,
leffa,04562_00,collar,True,0.5912135243415833
leffa,04562_00,lapel,False,
leffa,04562_00,cuff,False,
leffa,04562_00,button hole,False,
leffa,04562_00,button,False,
leffa,04562_00,pocket,False,
leffa,04562_00,zipper,False,
leffa,04562_00,sleeve,True,0.427721232175827
leffa,04562_00,shoulder,True,0.4156688451766968
leffa,04562_00,logo,False,
leffa,07825_00,collar,True,0.32746371626853943
leffa,07825_00,lapel,False,
leffa,07825_00,cuff,True,0.20246605575084686
leffa,07825_00,button hole,False,
leffa,07825_00,button,False,
leffa,07825_00,pocket,False,
leffa,07825_00,zipper,False,
leffa,07825_00,sleeve,True,0.25552815198898315
leffa,07825_00,shoulder,True,0.2758004069328308
leffa,07825_00,logo,False,
leffa,12362_00,collar,False,
leffa,12362_00,lapel,False,
leffa,12362_00,cuff,False,
leffa,12362_00,button hole,False,
leffa,12362_00,button,False,
leffa,12362_00,pocket,False,
leffa,12362_00,zipper,False,
leffa,12362_00,sleeve,True,0.16091501712799072
leffa,12362_00,shoulder,True,0.14257556200027466
leffa,12362_00,logo,True,0.17522194981575012
leffa,11206_00,collar,False,
leffa,11206_00,lapel,False,
leffa,11206_00,cuff,False,
leffa,11206_00,button hole,False,
leffa,11206_00,button,False,
leffa,11206_00,pocket,False,
leffa,11206_00,zipper,False,
leffa,11206_00,sleeve,True,0.19915935397148132
leffa,11206_00,shoulder,True,0.1904410719871521
leffa,11206_00,logo,False,
leffa,06978_00,collar,False,
leffa,06978_00,lapel,False,
leffa,06978_00,cuff,False,
leffa,06978_00,button hole,False,
leffa,06978_00,button,False,
leffa,06978_00,pocket,False,
leffa,06978_00,zipper,False,
leffa,06978_00,sleeve,True,0.3625926673412323
leffa,06978_00,shoulder,True,0.3164098262786865
leffa,06978_00,logo,False,
leffa,02743_00,collar,True,0.4667724072933197
leffa,02743_00,lapel,False,
leffa,02743_00,cuff,True,0.2526513338088989
leffa,02743_00,button hole,False,
leffa,02743_00,button,False,
leffa,02743_00,pocket,False,
leffa,02743_00,zipper,False,
leffa,02743_00,sleeve,True,0.2553616762161255
leffa,02743_00,shoulder,True,0.24651622772216797
leffa,02743_00,logo,True,0.32414281368255615
leffa,10265_00,collar,False,
leffa,10265_00,lapel,False,
leffa,10265_00,cuff,False,
leffa,10265_00,button hole,False,
leffa,10265_00,button,False,
leffa,10265_00,pocket,False,
leffa,10265_00,zipper,False,
leffa,10265_00,sleeve,False,
leffa,10265_00,shoulder,True,0.5777684450149536
leffa,10265_00,logo,False,
leffa,09215_00,collar,True,0.14071640372276306
leffa,09215_00,lapel,False,
leffa,09215_00,cuff,False,
leffa,09215_00,button hole,False,
leffa,09215_00,button,False,
leffa,09215_00,pocket,False,
leffa,09215_00,zipper,False,
leffa,09215_00,sleeve,True,0.14337342977523804
leffa,09215_00,shoulder,True,0.14895747601985931
leffa,09215_00,logo,False,
leffa,07396_00,collar,False,
leffa,07396_00,lapel,False,
leffa,07396_00,cuff,False,
leffa,07396_00,button hole,False,
leffa,07396_00,button,False,
leffa,07396_00,pocket,False,
leffa,07396_00,zipper,False,
leffa,07396_00,sleeve,True,0.3687247335910797
leffa,07396_00,shoulder,True,0.3987213671207428
leffa,07396_00,logo,False,
leffa,06192_00,collar,True,0.35011816024780273
leffa,06192_00,lapel,False,
leffa,06192_00,cuff,True,0.2624601125717163
leffa,06192_00,button hole,False,
leffa,06192_00,button,False,
leffa,06192_00,pocket,False,
leffa,06192_00,zipper,False,
leffa,06192_00,sleeve,True,0.32088175415992737
leffa,06192_00,shoulder,True,0.3338504433631897
leffa,06192_00,logo,False,
leffa,11892_00,collar,False,
leffa,11892_00,lapel,False,
leffa,11892_00,cuff,False,
leffa,11892_00,button hole,False,
leffa,11892_00,button,False,
leffa,11892_00,pocket,False,
leffa,11892_00,zipper,False,
leffa,11892_00,sleeve,False,
leffa,11892_00,shoulder,True,0.4525448679924011
leffa,11892_00,logo,False,
leffa,11994_00,collar,True,0.3922712802886963
leffa,11994_00,lapel,False,
leffa,11994_00,cuff,False,
leffa,11994_00,button hole,False,
leffa,11994_00,button,True,0.44697001576423645
leffa,11994_00,pocket,False,
leffa,11994_00,zipper,False,
leffa,11994_00,sleeve,True,0.38904958963394165
leffa,11994_00,shoulder,True,0.3191865384578705
leffa,11994_00,logo,False,
leffa,03950_00,collar,False,
leffa,03950_00,lapel,False,
leffa,03950_00,cuff,False,
leffa,03950_00,button hole,False,
leffa,03950_00,button,False,
leffa,03950_00,pocket,False,
leffa,03950_00,zipper,False,
leffa,03950_00,sleeve,True,0.2622721493244171
leffa,03950_00,shoulder,True,0.2751903831958771
leffa,03950_00,logo,False,
leffa,01832_00,collar,True,0.14668646454811096
leffa,01832_00,lapel,False,
leffa,01832_00,cuff,False,
leffa,01832_00,button hole,False,
leffa,01832_00,button,False,
leffa,01832_00,pocket,False,
leffa,01832_00,zipper,False,
leffa,01832_00,sleeve,True,0.12685708701610565
leffa,01832_00,shoulder,True,0.15211798250675201
leffa,01832_00,logo,False,
leffa,11054_00,collar,True,0.6098912358283997
leffa,11054_00,lapel,False,
leffa,11054_00,cuff,True,0.7846567034721375
leffa,11054_00,button hole,False,
leffa,11054_00,button,False,
leffa,11054_00,pocket,False,
leffa,11054_00,zipper,False,
leffa,11054_00,sleeve,True,0.844965934753418
leffa,11054_00,shoulder,True,0.5461276173591614
leffa,11054_00,logo,False,
leffa,02457_00,collar,False,
leffa,02457_00,lapel,False,
leffa,02457_00,cuff,False,
leffa,02457_00,button hole,False,
leffa,02457_00,button,False,
leffa,02457_00,pocket,False,
leffa,02457_00,zipper,False,
leffa,02457_00,sleeve,True,0.46823999285697937
leffa,02457_00,shoulder,True,0.4026140868663788
leffa,02457_00,logo,False,
leffa,14181_00,collar,True,0.13104663789272308
leffa,14181_00,lapel,False,
leffa,14181_00,cuff,True,0.1543068289756775
leffa,14181_00,button hole,False,
leffa,14181_00,button,False,
leffa,14181_00,pocket,False,
leffa,14181_00,zipper,False,
leffa,14181_00,sleeve,True,0.16874991357326508
leffa,14181_00,shoulder,True,0.17946259677410126
leffa,14181_00,logo,True,0.14142227172851562
leffa,08102_00,collar,True,0.5193650126457214
leffa,08102_00,lapel,False,
leffa,08102_00,cuff,False,
leffa,08102_00,button hole,False,
leffa,08102_00,button,False,
leffa,08102_00,pocket,False,
leffa,08102_00,zipper,False,
leffa,08102_00,sleeve,True,0.4717910587787628
leffa,08102_00,shoulder,False,
leffa,08102_00,logo,False,
leffa,01046_00,collar,False,
leffa,01046_00,lapel,False,
leffa,01046_00,cuff,True,0.4048515856266022
leffa,01046_00,button hole,False,
leffa,01046_00,button,True,0.48609310388565063
leffa,01046_00,pocket,False,
leffa,01046_00,zipper,False,
leffa,01046_00,sleeve,True,0.38572829961776733
leffa,01046_00,shoulder,False,
leffa,01046_00,logo,False,
leffa,07847_00,collar,False,
leffa,07847_00,lapel,False,
leffa,07847_00,cuff,False,
leffa,07847_00,button hole,False,
leffa,07847_00,button,False,
leffa,07847_00,pocket,False,
leffa,07847_00,zipper,False,
leffa,07847_00,sleeve,True,0.5308264493942261
leffa,07847_00,shoulder,True,0.4449819028377533
leffa,07847_00,logo,False,
leffa,01503_00,collar,False,
leffa,01503_00,lapel,False,
leffa,01503_00,cuff,False,
leffa,01503_00,button hole,False,
leffa,01503_00,button,False,
leffa,01503_00,pocket,False,
leffa,01503_00,zipper,False,
leffa,01503_00,sleeve,True,0.40604865550994873
leffa,01503_00,shoulder,True,0.45467501878738403
leffa,01503_00,logo,False,
leffa,02400_00,collar,False,
leffa,02400_00,lapel,False,
leffa,02400_00,cuff,False,
leffa,02400_00,button hole,False,
leffa,02400_00,button,False,
leffa,02400_00,pocket,False,
leffa,02400_00,zipper,False,
leffa,02400_00,sleeve,True,0.45621785521507263
leffa,02400_00,shoulder,True,0.5558658242225647
leffa,02400_00,logo,False,
leffa,09487_00,collar,True,0.2615292966365814
leffa,09487_00,lapel,False,
leffa,09487_00,cuff,True,0.35136309266090393
leffa,09487_00,button hole,False,
leffa,09487_00,button,False,
leffa,09487_00,pocket,False,
leffa,09487_00,zipper,False,
leffa,09487_00,sleeve,True,0.4196004867553711
leffa,09487_00,shoulder,True,0.2963572144508362
leffa,09487_00,logo,False,
leffa,08232_00,collar,True,0.19002163410186768
leffa,08232_00,lapel,False,
leffa,08232_00,cuff,False,
leffa,08232_00,button hole,False,
leffa,08232_00,button,True,0.266874223947525
leffa,08232_00,pocket,False,
leffa,08232_00,zipper,False,
leffa,08232_00,sleeve,True,0.3593689799308777
leffa,08232_00,shoulder,True,0.23890577256679535
leffa,08232_00,logo,False,
leffa,13589_00,collar,False,
leffa,13589_00,lapel,False,
leffa,13589_00,cuff,False,
leffa,13589_00,button hole,False,
leffa,13589_00,button,False,
leffa,13589_00,pocket,False,
leffa,13589_00,zipper,False,
leffa,13589_00,sleeve,True,0.455645352602005
leffa,13589_00,shoulder,True,0.4295841455459595
leffa,13589_00,logo,False,
leffa,00013_00,collar,True,0.22216986119747162
leffa,00013_00,lapel,False,
leffa,00013_00,cuff,True,0.2639886736869812
leffa,00013_00,button hole,False,
leffa,00013_00,button,False,
leffa,00013_00,pocket,False,
leffa,00013_00,zipper,False,
leffa,00013_00,sleeve,True,0.26507723331451416
leffa,00013_00,shoulder,True,0.2740640938282013
leffa,00013_00,logo,True,0.3104211091995239
leffa,14471_00,collar,False,
leffa,14471_00,lapel,False,
leffa,14471_00,cuff,True,0.4560292363166809
leffa,14471_00,button hole,False,
leffa,14471_00,button,False,
leffa,14471_00,pocket,False,
leffa,14471_00,zipper,False,
leffa,14471_00,sleeve,True,0.4651680588722229
leffa,14471_00,shoulder,True,0.4256311058998108
leffa,14471_00,logo,False,
leffa,00698_00,collar,False,
leffa,00698_00,lapel,False,
leffa,00698_00,cuff,False,
leffa,00698_00,button hole,False,
leffa,00698_00,button,False,
leffa,00698_00,pocket,False,
leffa,00698_00,zipper,False,
leffa,00698_00,sleeve,True,0.19092781841754913
leffa,00698_00,shoulder,True,0.2523964047431946
leffa,00698_00,logo,False,
leffa,11438_00,collar,False,
leffa,11438_00,lapel,False,
leffa,11438_00,cuff,False,
leffa,11438_00,button hole,False,
leffa,11438_00,button,False,
leffa,11438_00,pocket,False,
leffa,11438_00,zipper,False,
leffa,11438_00,sleeve,True,0.2221394032239914
leffa,11438_00,shoulder,True,0.29269132018089294
leffa,11438_00,logo,False,
leffa,10495_00,collar,False,
leffa,10495_00,lapel,False,
leffa,10495_00,cuff,False,
leffa,10495_00,button hole,False,
leffa,10495_00,button,False,
leffa,10495_00,pocket,False,
leffa,10495_00,zipper,False,
leffa,10495_00,sleeve,False,
leffa,10495_00,shoulder,True,0.41376060247421265
leffa,10495_00,logo,False,
leffa,13140_00,collar,False,
leffa,13140_00,lapel,False,
leffa,13140_00,cuff,True,0.4456172585487366
leffa,13140_00,button hole,False,
leffa,13140_00,button,False,
leffa,13140_00,pocket,False,
leffa,13140_00,zipper,False,
leffa,13140_00,sleeve,True,0.4339888095855713
leffa,13140_00,shoulder,True,0.6016497611999512
leffa,13140_00,logo,False,
leffa,11799_00,collar,True,0.3059532940387726
leffa,11799_00,lapel,False,
leffa,11799_00,cuff,False,
leffa,11799_00,button hole,False,
leffa,11799_00,button,False,
leffa,11799_00,pocket,False,
leffa,11799_00,zipper,False,
leffa,11799_00,sleeve,True,0.40969616174697876
leffa,11799_00,shoulder,True,0.3162613809108734
leffa,11799_00,logo,False,
leffa,01767_00,collar,False,
leffa,01767_00,lapel,False,
leffa,01767_00,cuff,False,
leffa,01767_00,button hole,False,
leffa,01767_00,button,True,0.2738041877746582
leffa,01767_00,pocket,False,
leffa,01767_00,zipper,False,
leffa,01767_00,sleeve,True,0.2777702212333679
leffa,01767_00,shoulder,True,0.2602381706237793
leffa,01767_00,logo,False,
leffa,11556_00,collar,False,
leffa,11556_00,lapel,False,
leffa,11556_00,cuff,True,0.32763683795928955
leffa,11556_00,button hole,False,
leffa,11556_00,button,False,
leffa,11556_00,pocket,False,
leffa,11556_00,zipper,False,
leffa,11556_00,sleeve,True,0.3790016770362854
leffa,11556_00,shoulder,True,0.3093682527542114
leffa,11556_00,logo,False,
leffa,14059_00,collar,False,
leffa,14059_00,lapel,False,
leffa,14059_00,cuff,False,
leffa,14059_00,button hole,False,
leffa,14059_00,button,False,
leffa,14059_00,pocket,False,
leffa,14059_00,zipper,False,
leffa,14059_00,sleeve,False,
leffa,14059_00,shoulder,True,0.5900396704673767
leffa,14059_00,logo,False,
leffa,13967_00,collar,False,
leffa,13967_00,lapel,False,
leffa,13967_00,cuff,False,
leffa,13967_00,button hole,False,
leffa,13967_00,button,False,
leffa,13967_00,pocket,False,
leffa,13967_00,zipper,False,
leffa,13967_00,sleeve,True,0.2746483385562897
leffa,13967_00,shoulder,True,0.28341951966285706
leffa,13967_00,logo,False,
leffa,00827_00,collar,False,
leffa,00827_00,lapel,False,
leffa,00827_00,cuff,False,
leffa,00827_00,button hole,False,
leffa,00827_00,button,False,
leffa,00827_00,pocket,False,
leffa,00827_00,zipper,False,
leffa,00827_00,sleeve,False,
leffa,00827_00,shoulder,True,0.375763475894928
leffa,00827_00,logo,False,
leffa,03935_00,collar,True,0.43555596470832825
leffa,03935_00,lapel,False,
leffa,03935_00,cuff,True,0.5459226965904236
leffa,03935_00,button hole,False,
leffa,03935_00,button,False,
leffa,03935_00,pocket,False,
leffa,03935_00,zipper,False,
leffa,03935_00,sleeve,True,0.47856706380844116
leffa,03935_00,shoulder,True,0.4080331325531006
leffa,03935_00,logo,False,
leffa,10428_00,collar,False,
leffa,10428_00,lapel,False,
leffa,10428_00,cuff,False,
leffa,10428_00,button hole,False,
leffa,10428_00,button,False,
leffa,10428_00,pocket,False,
leffa,10428_00,zipper,False,
leffa,10428_00,sleeve,True,0.31934577226638794
leffa,10428_00,shoulder,True,0.2055918425321579
leffa,10428_00,logo,False,
leffa,13172_00,collar,True,0.3078535497188568
leffa,13172_00,lapel,False,
leffa,13172_00,cuff,False,
leffa,13172_00,button hole,False,
leffa,13172_00,button,False,
leffa,13172_00,pocket,False,
leffa,13172_00,zipper,False,
leffa,13172_00,sleeve,True,0.1577758491039276
leffa,13172_00,shoulder,True,0.24291826784610748
leffa,13172_00,logo,True,0.1996481865644455
leffa,12419_00,collar,False,
leffa,12419_00,lapel,False,
leffa,12419_00,cuff,False,
leffa,12419_00,button hole,False,
leffa,12419_00,button,False,
leffa,12419_00,pocket,False,
leffa,12419_00,zipper,False,
leffa,12419_00,sleeve,False,
leffa,12419_00,shoulder,True,0.18551771342754364
leffa,12419_00,logo,False,
leffa,11993_00,collar,True,0.37800538539886475
leffa,11993_00,lapel,False,
leffa,11993_00,cuff,True,0.23869572579860687
leffa,11993_00,button hole,False,
leffa,11993_00,button,False,
leffa,11993_00,pocket,False,
leffa,11993_00,zipper,False,
leffa,11993_00,sleeve,True,0.23441214859485626
leffa,11993_00,shoulder,True,0.24552126228809357
leffa,11993_00,logo,False,
leffa,11766_00,collar,True,0.2503952383995056
leffa,11766_00,lapel,False,
leffa,11766_00,cuff,False,
leffa,11766_00,button hole,False,
leffa,11766_00,button,False,
leffa,11766_00,pocket,False,
leffa,11766_00,zipper,False,
leffa,11766_00,sleeve,True,0.2042529284954071
leffa,11766_00,shoulder,True,0.21298296749591827
leffa,11766_00,logo,False,
leffa,02372_00,collar,False,
leffa,02372_00,lapel,False,
leffa,02372_00,cuff,False,
leffa,02372_00,button hole,False,
leffa,02372_00,button,False,
leffa,02372_00,pocket,False,
leffa,02372_00,zipper,False,
leffa,02372_00,sleeve,False,
leffa,02372_00,shoulder,True,0.3365996181964874
leffa,02372_00,logo,False,
leffa,09751_00,collar,True,0.3552764654159546
leffa,09751_00,lapel,False,
leffa,09751_00,cuff,False,
leffa,09751_00,button hole,False,
leffa,09751_00,button,False,
leffa,09751_00,pocket,True,0.41604816913604736
leffa,09751_00,zipper,False,
leffa,09751_00,sleeve,False,
leffa,09751_00,shoulder,True,0.38003242015838623
leffa,09751_00,logo,False,
leffa,08158_00,collar,True,0.29089316725730896
leffa,08158_00,lapel,False,
leffa,08158_00,cuff,True,0.34606897830963135
leffa,08158_00,button hole,False,
leffa,08158_00,button,False,
leffa,08158_00,pocket,False,
leffa,08158_00,zipper,False,
leffa,08158_00,sleeve,True,0.3419564962387085
leffa,08158_00,shoulder,True,0.26231056451797485
leffa,08158_00,logo,False,
leffa,06730_00,collar,True,0.21970055997371674
leffa,06730_00,lapel,False,
leffa,06730_00,cuff,True,0.30056220293045044
leffa,06730_00,button hole,False,
leffa,06730_00,button,False,
leffa,06730_00,pocket,False,
leffa,06730_00,zipper,False,
leffa,06730_00,sleeve,True,0.2931446433067322
leffa,06730_00,shoulder,True,0.2510179281234741
leffa,06730_00,logo,False,
leffa,06753_00,collar,False,
leffa,06753_00,lapel,False,
leffa,06753_00,cuff,False,
leffa,06753_00,button hole,False,
leffa,06753_00,button,False,
leffa,06753_00,pocket,False,
leffa,06753_00,zipper,False,
leffa,06753_00,sleeve,True,0.3859630525112152
leffa,06753_00,shoulder,True,0.3150818943977356
leffa,06753_00,logo,False,
leffa,01386_00,collar,True,0.44837886095046997
leffa,01386_00,lapel,False,
leffa,01386_00,cuff,False,
leffa,01386_00,button hole,False,
leffa,01386_00,button,False,
leffa,01386_00,pocket,False,
leffa,01386_00,zipper,False,
leffa,01386_00,sleeve,True,0.3036883771419525
leffa,01386_00,shoulder,True,0.45209383964538574
leffa,01386_00,logo,False,
leffa,13126_00,collar,False,
leffa,13126_00,lapel,False,
leffa,13126_00,cuff,False,
leffa,13126_00,button hole,False,
leffa,13126_00,button,False,
leffa,13126_00,pocket,False,
leffa,13126_00,zipper,False,
leffa,13126_00,sleeve,True,0.1757505238056183
leffa,13126_00,shoulder,True,0.12090450525283813
leffa,13126_00,logo,False,
leffa,02810_00,collar,False,
leffa,02810_00,lapel,False,
leffa,02810_00,cuff,False,
leffa,02810_00,button hole,False,
leffa,02810_00,button,False,
leffa,02810_00,pocket,True,0.3895787000656128
leffa,02810_00,zipper,False,
leffa,02810_00,sleeve,True,0.29851293563842773
leffa,02810_00,shoulder,True,0.6030827760696411
leffa,02810_00,logo,False,
leffa,03191_00,collar,False,
leffa,03191_00,lapel,False,
leffa,03191_00,cuff,False,
leffa,03191_00,button hole,False,
leffa,03191_00,button,False,
leffa,03191_00,pocket,False,
leffa,03191_00,zipper,False,
leffa,03191_00,sleeve,True,0.25887972116470337
leffa,03191_00,shoulder,True,0.30972227454185486
leffa,03191_00,logo,False,
leffa,11372_00,collar,False,
leffa,11372_00,lapel,False,
leffa,11372_00,cuff,False,
leffa,11372_00,button hole,False,
leffa,11372_00,button,False,
leffa,11372_00,pocket,False,
leffa,11372_00,zipper,False,
leffa,11372_00,sleeve,True,0.12577538192272186
leffa,11372_00,shoulder,True,0.2687959671020508
leffa,11372_00,logo,False,
leffa,07694_00,collar,True,0.30574706196784973
leffa,07694_00,lapel,False,
leffa,07694_00,cuff,False,
leffa,07694_00,button hole,False,
leffa,07694_00,button,False,
leffa,07694_00,pocket,False,
leffa,07694_00,zipper,False,
leffa,07694_00,sleeve,True,0.30016666650772095
leffa,07694_00,shoulder,True,0.2820904850959778
leffa,07694_00,logo,True,0.2681105136871338
leffa,01900_00,collar,False,
leffa,01900_00,lapel,False,
leffa,01900_00,cuff,True,0.2904585301876068
leffa,01900_00,button hole,False,
leffa,01900_00,button,False,
leffa,01900_00,pocket,False,
leffa,01900_00,zipper,False,
leffa,01900_00,sleeve,True,0.34948718547821045
leffa,01900_00,shoulder,True,0.392111212015152
leffa,01900_00,logo,False,
leffa,02253_00,collar,False,
leffa,02253_00,lapel,False,
leffa,02253_00,cuff,True,0.3116087019443512
leffa,02253_00,button hole,False,
leffa,02253_00,button,False,
leffa,02253_00,pocket,False,
leffa,02253_00,zipper,False,
leffa,02253_00,sleeve,True,0.41772469878196716
leffa,02253_00,shoulder,True,0.29183879494667053
leffa,02253_00,logo,False,
leffa,04430_00,collar,True,0.17727121710777283
leffa,04430_00,lapel,False,
leffa,04430_00,cuff,False,
leffa,04430_00,button hole,False,
leffa,04430_00,button,False,
leffa,04430_00,pocket,False,
leffa,04430_00,zipper,False,
leffa,04430_00,sleeve,True,0.34696853160858154
leffa,04430_00,shoulder,True,0.31760624051094055
leffa,04430_00,logo,False,
leffa,03991_00,collar,True,0.4151917099952698
leffa,03991_00,lapel,False,
leffa,03991_00,cuff,False,
leffa,03991_00,button hole,False,
leffa,03991_00,button,False,
leffa,03991_00,pocket,False,
leffa,03991_00,zipper,False,
leffa,03991_00,sleeve,False,
leffa,03991_00,shoulder,True,0.41660967469215393
leffa,03991_00,logo,False,
leffa,03608_00,collar,True,0.25383371114730835
leffa,03608_00,lapel,False,
leffa,03608_00,cuff,True,0.23787052929401398
leffa,03608_00,button hole,False,
leffa,03608_00,button,False,
leffa,03608_00,pocket,False,
leffa,03608_00,zipper,False,
leffa,03608_00,sleeve,True,0.26316341757774353
leffa,03608_00,shoulder,True,0.27687323093414307
leffa,03608_00,logo,False,
leffa,12651_00,collar,False,
leffa,12651_00,lapel,False,
leffa,12651_00,cuff,True,0.6633890271186829
leffa,12651_00,button hole,False,
leffa,12651_00,button,False,
leffa,12651_00,pocket,False,
leffa,12651_00,zipper,False,
leffa,12651_00,sleeve,True,0.5710771083831787
leffa,12651_00,shoulder,True,0.7014167308807373
leffa,12651_00,logo,False,
leffa,11600_00,collar,True,0.238593190908432
leffa,11600_00,lapel,False,
leffa,11600_00,cuff,False,
leffa,11600_00,button hole,False,
leffa,11600_00,button,False,
leffa,11600_00,pocket,False,
leffa,11600_00,zipper,False,
leffa,11600_00,sleeve,False,
leffa,11600_00,shoulder,True,0.251324325799942
leffa,11600_00,logo,False,
leffa,01917_00,collar,True,0.3193514943122864
leffa,01917_00,lapel,False,
leffa,01917_00,cuff,False,
leffa,01917_00,button hole,False,
leffa,01917_00,button,False,
leffa,01917_00,pocket,False,
leffa,01917_00,zipper,False,
leffa,01917_00,sleeve,True,0.261432021856308
leffa,01917_00,shoulder,True,0.3327363431453705
leffa,01917_00,logo,False,
leffa,01026_00,collar,True,0.4753984212875366
leffa,01026_00,lapel,False,
leffa,01026_00,cuff,True,0.5039186477661133
leffa,01026_00,button hole,False,
leffa,01026_00,button,False,
leffa,01026_00,pocket,False,
leffa,01026_00,zipper,False,
leffa,01026_00,sleeve,True,0.5281452536582947
leffa,01026_00,shoulder,True,0.46250927448272705
leffa,01026_00,logo,False,
leffa,09845_00,collar,False,
leffa,09845_00,lapel,False,
leffa,09845_00,cuff,False,
leffa,09845_00,button hole,False,
leffa,09845_00,button,False,
leffa,09845_00,pocket,False,
leffa,09845_00,zipper,False,
leffa,09845_00,sleeve,False,
leffa,09845_00,shoulder,True,0.3350580930709839
leffa,09845_00,logo,False,
leffa,13517_00,collar,True,0.2562665641307831
leffa,13517_00,lapel,False,
leffa,13517_00,cuff,False,
leffa,13517_00,button hole,False,
leffa,13517_00,button,False,
leffa,13517_00,pocket,False,
leffa,13517_00,zipper,False,
leffa,13517_00,sleeve,False,
leffa,13517_00,shoulder,True,0.3181214928627014
leffa,13517_00,logo,False,
leffa,02388_00,collar,True,0.3174525499343872
leffa,02388_00,lapel,False,
leffa,02388_00,cuff,False,
leffa,02388_00,button hole,False,
leffa,02388_00,button,False,
leffa,02388_00,pocket,False,
leffa,02388_00,zipper,False,
leffa,02388_00,sleeve,True,0.35152915120124817
leffa,02388_00,shoulder,True,0.3000689148902893
leffa,02388_00,logo,False,
leffa,12365_00,collar,False,
leffa,12365_00,lapel,False,
leffa,12365_00,cuff,False,
leffa,12365_00,button hole,False,
leffa,12365_00,button,False,
leffa,12365_00,pocket,False,
leffa,12365_00,zipper,False,
leffa,12365_00,sleeve,False,
leffa,12365_00,shoulder,True,0.21856099367141724
leffa,12365_00,logo,False,
leffa,12572_00,collar,False,
leffa,12572_00,lapel,False,
leffa,12572_00,cuff,False,
leffa,12572_00,button hole,False,
leffa,12572_00,button,False,
leffa,12572_00,pocket,False,
leffa,12572_00,zipper,False,
leffa,12572_00,sleeve,True,0.3045993745326996
leffa,12572_00,shoulder,True,0.5442189574241638
leffa,12572_00,logo,False,
catflux,02180_00,collar,True,0.2848407030105591
catflux,02180_00,lapel,False,
catflux,02180_00,cuff,False,
catflux,02180_00,button hole,False,
catflux,02180_00,button,False,
catflux,02180_00,pocket,False,
catflux,02180_00,zipper,False,
catflux,02180_00,sleeve,True,0.31517234444618225
catflux,02180_00,shoulder,True,0.28817200660705566
catflux,02180_00,logo,True,0.3296016752719879
catflux,07150_00,collar,True,0.2374453842639923
catflux,07150_00,lapel,False,
catflux,07150_00,cuff,False,
catflux,07150_00,button hole,False,
catflux,07150_00,button,False,
catflux,07150_00,pocket,False,
catflux,07150_00,zipper,False,
catflux,07150_00,sleeve,True,0.20044787228107452
catflux,07150_00,shoulder,True,0.19075660407543182
catflux,07150_00,logo,False,
catflux,00401_00,collar,True,0.4515424370765686
catflux,00401_00,lapel,False,
catflux,00401_00,cuff,True,0.26823344826698303
catflux,00401_00,button hole,False,
catflux,00401_00,button,False,
catflux,00401_00,pocket,False,
catflux,00401_00,zipper,False,
catflux,00401_00,sleeve,True,0.3380064368247986
catflux,00401_00,shoulder,False,
catflux,00401_00,logo,False,
catflux,00494_00,collar,False,
catflux,00494_00,lapel,False,
catflux,00494_00,cuff,True,0.27296894788742065
catflux,00494_00,button hole,False,
catflux,00494_00,button,False,
catflux,00494_00,pocket,False,
catflux,00494_00,zipper,False,
catflux,00494_00,sleeve,True,0.45383524894714355
catflux,00494_00,shoulder,False,
catflux,00494_00,logo,True,0.5589763522148132
catflux,02336_00,collar,False,
catflux,02336_00,lapel,False,
catflux,02336_00,cuff,False,
catflux,02336_00,button hole,False,
catflux,02336_00,button,False,
catflux,02336_00,pocket,False,
catflux,02336_00,zipper,False,
catflux,02336_00,sleeve,False,
catflux,02336_00,shoulder,True,0.4609273672103882
catflux,02336_00,logo,False,
catflux,10731_00,collar,True,0.21300233900547028
catflux,10731_00,lapel,False,
catflux,10731_00,cuff,False,
catflux,10731_00,button hole,False,
catflux,10731_00,button,False,
catflux,10731_00,pocket,False,
catflux,10731_00,zipper,False,
catflux,10731_00,sleeve,True,0.2318701595067978
catflux,10731_00,shoulder,True,0.20740312337875366
catflux,10731_00,logo,False,
catflux,07212_00,collar,False,
catflux,07212_00,lapel,False,
catflux,07212_00,cuff,True,0.15909330546855927
catflux,07212_00,button hole,False,
catflux,07212_00,button,True,0.3418823778629303
catflux,07212_00,pocket,False,
catflux,07212_00,zipper,False,
catflux,07212_00,sleeve,True,0.3182653486728668
catflux,07212_00,shoulder,True,0.41849273443222046
catflux,07212_00,logo,False,
catflux,05544_00,collar,True,0.3423457741737366
catflux,05544_00,lapel,False,
catflux,05544_00,cuff,False,
catflux,05544_00,button hole,False,
catflux,05544_00,button,False,
catflux,05544_00,pocket,False,
catflux,05544_00,zipper,False,
catflux,05544_00,sleeve,False,
catflux,05544_00,shoulder,False,
catflux,05544_00,logo,False,
catflux,13988_00,collar,False,
catflux,13988_00,lapel,False,
catflux,13988_00,cuff,False,
catflux,13988_00,button hole,False,
catflux,13988_00,button,False,
catflux,13988_00,pocket,False,
catflux,13988_00,zipper,False,
catflux,13988_00,sleeve,True,0.29576459527015686
catflux,13988_00,shoulder,True,0.30304282903671265
catflux,13988_00,logo,False,
catflux,12661_00,collar,False,
catflux,12661_00,lapel,False,
catflux,12661_00,cuff,False,
catflux,12661_00,button hole,False,
catflux,12661_00,button,False,
catflux,12661_00,pocket,False,
catflux,12661_00,zipper,False,
catflux,12661_00,sleeve,True,0.34248998761177063
catflux,12661_00,shoulder,True,0.4277242124080658
catflux,12661_00,logo,False,
catflux,05329_00,collar,False,
catflux,05329_00,lapel,False,
catflux,05329_00,cuff,False,
catflux,05329_00,button hole,False,
catflux,05329_00,button,False,
catflux,05329_00,pocket,False,
catflux,05329_00,zipper,False,
catflux,05329_00,sleeve,True,0.32444578409194946
catflux,05329_00,shoulder,True,0.38164204359054565
catflux,05329_00,logo,False,
catflux,01877_00,collar,True,0.49257612228393555
catflux,01877_00,lapel,False,
catflux,01877_00,cuff,False,
catflux,01877_00,button hole,False,
catflux,01877_00,button,False,
catflux,01877_00,pocket,False,
catflux,01877_00,zipper,False,
catflux,01877_00,sleeve,True,0.2581793963909149
catflux,01877_00,shoulder,True,0.2837269902229309
catflux,01877_00,logo,False,
catflux,00272_00,collar,False,
catflux,00272_00,lapel,False,
catflux,00272_00,cuff,False,
catflux,00272_00,button hole,False,
catflux,00272_00,button,False,
catflux,00272_00,pocket,False,
catflux,00272_00,zipper,False,
catflux,00272_00,sleeve,False,
catflux,00272_00,shoulder,True,0.34799104928970337
catflux,00272_00,logo,False,
catflux,09940_00,collar,False,
catflux,09940_00,lapel,False,
catflux,09940_00,cuff,False,
catflux,09940_00,button hole,False,
catflux,09940_00,button,False,
catflux,09940_00,pocket,False,
catflux,09940_00,zipper,False,
catflux,09940_00,sleeve,False,
catflux,09940_00,shoulder,True,0.3873968720436096
catflux,09940_00,logo,False,
catflux,10657_00,collar,False,
catflux,10657_00,lapel,False,
catflux,10657_00,cuff,True,0.6497138738632202
catflux,10657_00,button hole,False,
catflux,10657_00,button,False,
catflux,10657_00,pocket,False,
catflux,10657_00,zipper,False,
catflux,10657_00,sleeve,True,0.6054081320762634
catflux,10657_00,shoulder,True,0.639957845211029
catflux,10657_00,logo,False,
catflux,05156_00,collar,True,0.3438427448272705
catflux,05156_00,lapel,False,
catflux,05156_00,cuff,True,0.3081876039505005
catflux,05156_00,button hole,False,
catflux,05156_00,button,False,
catflux,05156_00,pocket,False,
catflux,05156_00,zipper,False,
catflux,05156_00,sleeve,True,0.3540518879890442
catflux,05156_00,shoulder,True,0.31176257133483887
catflux,05156_00,logo,False,
catflux,07599_00,collar,True,0.5239071846008301
catflux,07599_00,lapel,False,
catflux,07599_00,cuff,False,
catflux,07599_00,button hole,False,
catflux,07599_00,button,False,
catflux,07599_00,pocket,False,
catflux,07599_00,zipper,False,
catflux,07599_00,sleeve,False,
catflux,07599_00,shoulder,True,0.4899490773677826
catflux,07599_00,logo,False,
catflux,04847_00,collar,True,0.4263574481010437
catflux,04847_00,lapel,False,
catflux,04847_00,cuff,False,
catflux,04847_00,button hole,False,
catflux,04847_00,button,False,
catflux,04847_00,pocket,False,
catflux,04847_00,zipper,False,
catflux,04847_00,sleeve,True,0.387809157371521
catflux,04847_00,shoulder,False,
catflux,04847_00,logo,True,0.46482330560684204
catflux,07707_00,collar,False,
catflux,07707_00,lapel,False,
catflux,07707_00,cuff,False,
catflux,07707_00,button hole,False,
catflux,07707_00,button,False,
catflux,07707_00,pocket,False,
catflux,07707_00,zipper,False,
catflux,07707_00,sleeve,False,
catflux,07707_00,shoulder,True,0.2575748860836029
catflux,07707_00,logo,False,
catflux,04944_00,collar,True,0.6191926002502441
catflux,04944_00,lapel,False,
catflux,04944_00,cuff,False,
catflux,04944_00,button hole,False,
catflux,04944_00,button,False,
catflux,04944_00,pocket,False,
catflux,04944_00,zipper,False,
catflux,04944_00,sleeve,True,0.4600788950920105
catflux,04944_00,shoulder,True,0.4770340919494629
catflux,04944_00,logo,False,
catflux,09067_00,collar,False,
catflux,09067_00,lapel,False,
catflux,09067_00,cuff,True,0.177064910531044
catflux,09067_00,button hole,False,
catflux,09067_00,button,True,0.4479908049106598
catflux,09067_00,pocket,False,
catflux,09067_00,zipper,False,
catflux,09067_00,sleeve,True,0.32091912627220154
catflux,09067_00,shoulder,True,0.45928463339805603
catflux,09067_00,logo,False,
catflux,11001_00,collar,False,
catflux,11001_00,lapel,False,
catflux,11001_00,cuff,False,
catflux,11001_00,button hole,False,
catflux,11001_00,button,False,
catflux,11001_00,pocket,False,
catflux,11001_00,zipper,False,
catflux,11001_00,sleeve,True,0.3426834046840668
catflux,11001_00,shoulder,True,0.4206572473049164
catflux,11001_00,logo,False,
catflux,10843_00,collar,False,
catflux,10843_00,lapel,False,
catflux,10843_00,cuff,False,
catflux,10843_00,button hole,False,
catflux,10843_00,button,False,
catflux,10843_00,pocket,False,
catflux,10843_00,zipper,False,
catflux,10843_00,sleeve,True,0.24597132205963135
catflux,10843_00,shoulder,True,0.28094515204429626
catflux,10843_00,logo,False,
catflux,13491_00,collar,False,
catflux,13491_00,lapel,False,
catflux,13491_00,cuff,False,
catflux,13491_00,button hole,False,
catflux,13491_00,button,False,
catflux,13491_00,pocket,False,
catflux,13491_00,zipper,False,
catflux,13491_00,sleeve,True,0.2854210436344147
catflux,13491_00,shoulder,True,0.466050386428833
catflux,13491_00,logo,True,0.6157816052436829
catflux,07965_00,collar,True,0.2132282704114914
catflux,07965_00,lapel,False,
catflux,07965_00,cuff,True,0.6963386535644531
catflux,07965_00,button hole,False,
catflux,07965_00,button,False,
catflux,07965_00,pocket,False,
catflux,07965_00,zipper,False,
catflux,07965_00,sleeve,True,0.24555085599422455
catflux,07965_00,shoulder,True,0.26755791902542114
catflux,07965_00,logo,False,
catflux,08314_00,collar,False,
catflux,08314_00,lapel,False,
catflux,08314_00,cuff,False,
catflux,08314_00,button hole,False,
catflux,08314_00,button,False,
catflux,08314_00,pocket,False,
catflux,08314_00,zipper,False,
catflux,08314_00,sleeve,True,0.20052453875541687
catflux,08314_00,shoulder,True,0.3644881546497345
catflux,08314_00,logo,False,
catflux,01801_00,collar,False,
catflux,01801_00,lapel,False,
catflux,01801_00,cuff,False,
catflux,01801_00,button hole,False,
catflux,01801_00,button,False,
catflux,01801_00,pocket,False,
catflux,01801_00,zipper,False,
catflux,01801_00,sleeve,False,
catflux,01801_00,shoulder,True,0.35975319147109985
catflux,01801_00,logo,False,
catflux,12749_00,collar,False,
catflux,12749_00,lapel,False,
catflux,12749_00,cuff,False,
catflux,12749_00,button hole,False,
catflux,12749_00,button,False,
catflux,12749_00,pocket,False,
catflux,12749_00,zipper,False,
catflux,12749_00,sleeve,True,0.20241981744766235
catflux,12749_00,shoulder,True,0.2689972519874573
catflux,12749_00,logo,False,
catflux,01994_00,collar,False,
catflux,01994_00,lapel,False,
catflux,01994_00,cuff,False,
catflux,01994_00,button hole,False,
catflux,01994_00,button,False,
catflux,01994_00,pocket,False,
catflux,01994_00,zipper,False,
catflux,01994_00,sleeve,True,0.23980680108070374
catflux,01994_00,shoulder,True,0.27200227975845337
catflux,01994_00,logo,False,
catflux,04680_00,collar,False,
catflux,04680_00,lapel,False,
catflux,04680_00,cuff,False,
catflux,04680_00,button hole,False,
catflux,04680_00,button,True,0.3222310543060303
catflux,04680_00,pocket,False,
catflux,04680_00,zipper,False,
catflux,04680_00,sleeve,False,
catflux,04680_00,shoulder,True,0.2855466902256012
catflux,04680_00,logo,False,
catflux,05910_00,collar,False,
catflux,05910_00,lapel,False,
catflux,05910_00,cuff,False,
catflux,05910_00,button hole,False,
catflux,05910_00,button,False,
catflux,05910_00,pocket,False,
catflux,05910_00,zipper,False,
catflux,05910_00,sleeve,False,
catflux,05910_00,shoulder,True,0.3316618800163269
catflux,05910_00,logo,False,
catflux,03013_00,collar,True,0.3302491307258606
catflux,03013_00,lapel,False,
catflux,03013_00,cuff,False,
catflux,03013_00,button hole,False,
catflux,03013_00,button,False,
catflux,03013_00,pocket,False,
catflux,03013_00,zipper,False,
catflux,03013_00,sleeve,True,0.2857569754123688
catflux,03013_00,shoulder,True,0.2739497125148773
catflux,03013_00,logo,False,
catflux,05961_00,collar,False,
catflux,05961_00,lapel,False,
catflux,05961_00,cuff,False,
catflux,05961_00,button hole,False,
catflux,05961_00,button,False,
catflux,05961_00,pocket,False,
catflux,05961_00,zipper,False,
catflux,05961_00,sleeve,True,0.284473717212677
catflux,05961_00,shoulder,True,0.3391290009021759
catflux,05961_00,logo,False,
catflux,11709_00,collar,True,0.5998007655143738
catflux,11709_00,lapel,False,
catflux,11709_00,cuff,False,
catflux,11709_00,button hole,False,
catflux,11709_00,button,False,
catflux,11709_00,pocket,False,
catflux,11709_00,zipper,False,
catflux,11709_00,sleeve,True,0.5382105708122253
catflux,11709_00,shoulder,True,0.5335809588432312
catflux,11709_00,logo,False,
catflux,14651_00,collar,True,0.4817546010017395
catflux,14651_00,lapel,False,
catflux,14651_00,cuff,True,0.30717775225639343
catflux,14651_00,button hole,False,
catflux,14651_00,button,False,
catflux,14651_00,pocket,False,
catflux,14651_00,zipper,False,
catflux,14651_00,sleeve,True,0.34151217341423035
catflux,14651_00,shoulder,True,0.4112095832824707
catflux,14651_00,logo,False,
catflux,04699_00,collar,False,
catflux,04699_00,lapel,False,
catflux,04699_00,cuff,False,
catflux,04699_00,button hole,False,
catflux,04699_00,button,False,
catflux,04699_00,pocket,False,
catflux,04699_00,zipper,False,
catflux,04699_00,sleeve,True,0.4932186007499695
catflux,04699_00,shoulder,True,0.34587135910987854
catflux,04699_00,logo,False,
catflux,08650_00,collar,False,
catflux,08650_00,lapel,False,
catflux,08650_00,cuff,False,
catflux,08650_00,button hole,False,
catflux,08650_00,button,False,
catflux,08650_00,pocket,False,
catflux,08650_00,zipper,False,
catflux,08650_00,sleeve,False,
catflux,08650_00,shoulder,True,0.3628733456134796
catflux,08650_00,logo,False,
catflux,04893_00,collar,False,
catflux,04893_00,lapel,False,
catflux,04893_00,cuff,False,
catflux,04893_00,button hole,False,
catflux,04893_00,button,False,
catflux,04893_00,pocket,False,
catflux,04893_00,zipper,False,
catflux,04893_00,sleeve,True,0.2749728560447693
catflux,04893_00,shoulder,True,0.3712195158004761
catflux,04893_00,logo,False,
catflux,12541_00,collar,False,
catflux,12541_00,lapel,False,
catflux,12541_00,cuff,False,
catflux,12541_00,button hole,False,
catflux,12541_00,button,False,
catflux,12541_00,pocket,False,
catflux,12541_00,zipper,False,
catflux,12541_00,sleeve,False,
catflux,12541_00,shoulder,True,0.18360312283039093
catflux,12541_00,logo,False,
catflux,04652_00,collar,False,
catflux,04652_00,lapel,False,
catflux,04652_00,cuff,False,
catflux,04652_00,button hole,False,
catflux,04652_00,button,False,
catflux,04652_00,pocket,False,
catflux,04652_00,zipper,False,
catflux,04652_00,sleeve,True,0.4633543789386749
catflux,04652_00,shoulder,True,0.6664124727249146
catflux,04652_00,logo,False,
catflux,07884_00,collar,True,0.28718888759613037
catflux,07884_00,lapel,False,
catflux,07884_00,cuff,False,
catflux,07884_00,button hole,False,
catflux,07884_00,button,False,
catflux,07884_00,pocket,False,
catflux,07884_00,zipper,False,
catflux,07884_00,sleeve,True,0.19941526651382446
catflux,07884_00,shoulder,True,0.2073480784893036
catflux,07884_00,logo,True,0.24762053787708282
catflux,07966_00,collar,False,
catflux,07966_00,lapel,False,
catflux,07966_00,cuff,False,
catflux,07966_00,button hole,False,
catflux,07966_00,button,False,
catflux,07966_00,pocket,False,
catflux,07966_00,zipper,False,
catflux,07966_00,sleeve,True,0.33894044160842896
catflux,07966_00,shoulder,True,0.30788180232048035
catflux,07966_00,logo,False,
catflux,14173_00,collar,False,
catflux,14173_00,lapel,False,
catflux,14173_00,cuff,True,0.41823673248291016
catflux,14173_00,button hole,False,
catflux,14173_00,button,False,
catflux,14173_00,pocket,False,
catflux,14173_00,zipper,False,
catflux,14173_00,sleeve,True,0.5647543668746948
catflux,14173_00,shoulder,True,0.3708399534225464
catflux,14173_00,logo,False,
catflux,11913_00,collar,False,
catflux,11913_00,lapel,False,
catflux,11913_00,cuff,False,
catflux,11913_00,button hole,False,
catflux,11913_00,button,False,
catflux,11913_00,pocket,False,
catflux,11913_00,zipper,False,
catflux,11913_00,sleeve,False,
catflux,11913_00,shoulder,True,0.29426270723342896
catflux,11913_00,logo,False,
catflux,01090_00,collar,True,0.5338017344474792
catflux,01090_00,lapel,False,
catflux,01090_00,cuff,True,0.21182547509670258
catflux,01090_00,button hole,False,
catflux,01090_00,button,False,
catflux,01090_00,pocket,False,
catflux,01090_00,zipper,False,
catflux,01090_00,sleeve,True,0.436636358499527
catflux,01090_00,shoulder,True,0.49235883355140686
catflux,01090_00,logo,False,
catflux,02871_00,collar,True,0.347768098115921
catflux,02871_00,lapel,False,
catflux,02871_00,cuff,False,
catflux,02871_00,button hole,False,
catflux,02871_00,button,False,
catflux,02871_00,pocket,False,
catflux,02871_00,zipper,False,
catflux,02871_00,sleeve,True,0.3709752857685089
catflux,02871_00,shoulder,True,0.3478256165981293
catflux,02871_00,logo,True,0.3738824725151062
catflux,07573_00,collar,False,
catflux,07573_00,lapel,False,
catflux,07573_00,cuff,False,
catflux,07573_00,button hole,False,
catflux,07573_00,button,False,
catflux,07573_00,pocket,False,
catflux,07573_00,zipper,False,
catflux,07573_00,sleeve,True,0.3062596619129181
catflux,07573_00,shoulder,True,0.4166659414768219
catflux,07573_00,logo,False,
catflux,06939_00,collar,True,0.34893378615379333
catflux,06939_00,lapel,False,
catflux,06939_00,cuff,False,
catflux,06939_00,button hole,False,
catflux,06939_00,button,False,
catflux,06939_00,pocket,False,
catflux,06939_00,zipper,False,
catflux,06939_00,sleeve,True,0.23270167410373688
catflux,06939_00,shoulder,True,0.24602647125720978
catflux,06939_00,logo,True,0.295691579580307
catflux,08316_00,collar,True,0.36568987369537354
catflux,08316_00,lapel,False,
catflux,08316_00,cuff,False,
catflux,08316_00,button hole,False,
catflux,08316_00,button,True,0.3607094883918762
catflux,08316_00,pocket,False,
catflux,08316_00,zipper,False,
catflux,08316_00,sleeve,True,0.22191539406776428
catflux,08316_00,shoulder,True,0.4082360863685608
catflux,08316_00,logo,False,
catflux,02327_00,collar,True,0.6698420643806458
catflux,02327_00,lapel,False,
catflux,02327_00,cuff,False,
catflux,02327_00,button hole,False,
catflux,02327_00,button,False,
catflux,02327_00,pocket,False,
catflux,02327_00,zipper,False,
catflux,02327_00,sleeve,False,
catflux,02327_00,shoulder,True,0.5986362099647522
catflux,02327_00,logo,False,
catflux,08149_00,collar,False,
catflux,08149_00,lapel,False,
catflux,08149_00,cuff,True,0.39180922508239746
catflux,08149_00,button hole,False,
catflux,08149_00,button,False,
catflux,08149_00,pocket,False,
catflux,08149_00,zipper,False,
catflux,08149_00,sleeve,True,0.3877982497215271
catflux,08149_00,shoulder,True,0.3132390081882477
catflux,08149_00,logo,False,
catflux,11985_00,collar,False,
catflux,11985_00,lapel,False,
catflux,11985_00,cuff,False,
catflux,11985_00,button hole,False,
catflux,11985_00,button,False,
catflux,11985_00,pocket,False,
catflux,11985_00,zipper,False,
catflux,11985_00,sleeve,True,0.715495765209198
catflux,11985_00,shoulder,True,0.817001223564148
catflux,11985_00,logo,False,
catflux,09912_00,collar,False,
catflux,09912_00,lapel,False,
catflux,09912_00,cuff,False,
catflux,09912_00,button hole,False,
catflux,09912_00,button,False,
catflux,09912_00,pocket,False,
catflux,09912_00,zipper,False,
catflux,09912_00,sleeve,True,0.4570220410823822
catflux,09912_00,shoulder,True,0.4180859327316284
catflux,09912_00,logo,False,
catflux,01827_00,collar,True,0.2866349220275879
catflux,01827_00,lapel,False,
catflux,01827_00,cuff,False,
catflux,01827_00,button hole,False,
catflux,01827_00,button,False,
catflux,01827_00,pocket,True,0.17662060260772705
catflux,01827_00,zipper,False,
catflux,01827_00,sleeve,True,0.2522084414958954
catflux,01827_00,shoulder,True,0.2795807123184204
catflux,01827_00,logo,False,
catflux,14009_00,collar,True,0.43751269578933716
catflux,14009_00,lapel,False,
catflux,14009_00,cuff,False,
catflux,14009_00,button hole,False,
catflux,14009_00,button,False,
catflux,14009_00,pocket,False,
catflux,14009_00,zipper,False,
catflux,14009_00,sleeve,False,
catflux,14009_00,shoulder,True,0.4422104060649872
catflux,14009_00,logo,False,
catflux,10352_00,collar,True,0.4766152501106262
catflux,10352_00,lapel,False,
catflux,10352_00,cuff,False,
catflux,10352_00,button hole,False,
catflux,10352_00,button,False,
catflux,10352_00,pocket,False,
catflux,10352_00,zipper,False,
catflux,10352_00,sleeve,True,0.39931219816207886
catflux,10352_00,shoulder,True,0.4574261009693146
catflux,10352_00,logo,False,
catflux,10680_00,collar,False,
catflux,10680_00,lapel,False,
catflux,10680_00,cuff,True,0.4578631818294525
catflux,10680_00,button hole,False,
catflux,10680_00,button,False,
catflux,10680_00,pocket,False,
catflux,10680_00,zipper,False,
catflux,10680_00,sleeve,True,0.4740464985370636
catflux,10680_00,shoulder,True,0.39594289660453796
catflux,10680_00,logo,False,
catflux,09949_00,collar,False,
catflux,09949_00,lapel,False,
catflux,09949_00,cuff,False,
catflux,09949_00,button hole,False,
catflux,09949_00,button,False,
catflux,09949_00,pocket,False,
catflux,09949_00,zipper,False,
catflux,09949_00,sleeve,True,0.3845665454864502
catflux,09949_00,shoulder,True,0.6581881642341614
catflux,09949_00,logo,False,
catflux,09412_00,collar,False,
catflux,09412_00,lapel,False,
catflux,09412_00,cuff,False,
catflux,09412_00,button hole,False,
catflux,09412_00,button,False,
catflux,09412_00,pocket,False,
catflux,09412_00,zipper,False,
catflux,09412_00,sleeve,True,0.23975390195846558
catflux,09412_00,shoulder,True,0.3210070729255676
catflux,09412_00,logo,False,
catflux,14189_00,collar,False,
catflux,14189_00,lapel,False,
catflux,14189_00,cuff,False,
catflux,14189_00,button hole,False,
catflux,14189_00,button,False,
catflux,14189_00,pocket,False,
catflux,14189_00,zipper,False,
catflux,14189_00,sleeve,True,0.21343526244163513
catflux,14189_00,shoulder,True,0.21320216357707977
catflux,14189_00,logo,False,
catflux,04562_00,collar,True,0.7883623242378235
catflux,04562_00,lapel,False,
catflux,04562_00,cuff,False,
catflux,04562_00,button hole,False,
catflux,04562_00,button,False,
catflux,04562_00,pocket,False,
catflux,04562_00,zipper,False,
catflux,04562_00,sleeve,True,0.4295031726360321
catflux,04562_00,shoulder,True,0.6020031571388245
catflux,04562_00,logo,False,
catflux,07825_00,collar,True,0.4491823613643646
catflux,07825_00,lapel,False,
catflux,07825_00,cuff,True,0.3960416615009308
catflux,07825_00,button hole,False,
catflux,07825_00,button,False,
catflux,07825_00,pocket,False,
catflux,07825_00,zipper,False,
catflux,07825_00,sleeve,True,0.5337281227111816
catflux,07825_00,shoulder,True,0.4450036287307739
catflux,07825_00,logo,False,
catflux,12362_00,collar,False,
catflux,12362_00,lapel,False,
catflux,12362_00,cuff,False,
catflux,12362_00,button hole,False,
catflux,12362_00,button,False,
catflux,12362_00,pocket,False,
catflux,12362_00,zipper,False,
catflux,12362_00,sleeve,True,0.1989976316690445
catflux,12362_00,shoulder,True,0.17375336587429047
catflux,12362_00,logo,True,0.2231089174747467
catflux,11206_00,collar,False,
catflux,11206_00,lapel,False,
catflux,11206_00,cuff,False,
catflux,11206_00,button hole,False,
catflux,11206_00,button,False,
catflux,11206_00,pocket,False,
catflux,11206_00,zipper,False,
catflux,11206_00,sleeve,True,0.5489943027496338
catflux,11206_00,shoulder,True,0.581538736820221
catflux,11206_00,logo,False,
catflux,06978_00,collar,False,
catflux,06978_00,lapel,False,
catflux,06978_00,cuff,False,
catflux,06978_00,button hole,False,
catflux,06978_00,button,False,
catflux,06978_00,pocket,False,
catflux,06978_00,zipper,False,
catflux,06978_00,sleeve,True,0.30948978662490845
catflux,06978_00,shoulder,True,0.34615036845207214
catflux,06978_00,logo,False,
catflux,02743_00,collar,True,0.4324479401111603
catflux,02743_00,lapel,False,
catflux,02743_00,cuff,True,0.23669221997261047
catflux,02743_00,button hole,False,
catflux,02743_00,button,False,
catflux,02743_00,pocket,False,
catflux,02743_00,zipper,False,
catflux,02743_00,sleeve,True,0.31573686003685
catflux,02743_00,shoulder,True,0.30228352546691895
catflux,02743_00,logo,True,0.29149386286735535
catflux,10265_00,collar,False,
catflux,10265_00,lapel,False,
catflux,10265_00,cuff,False,
catflux,10265_00,button hole,False,
catflux,10265_00,button,False,
catflux,10265_00,pocket,False,
catflux,10265_00,zipper,False,
catflux,10265_00,sleeve,False,
catflux,10265_00,shoulder,True,0.49071043729782104
catflux,10265_00,logo,False,
catflux,09215_00,collar,True,0.1983165293931961
catflux,09215_00,lapel,False,
catflux,09215_00,cuff,False,
catflux,09215_00,button hole,False,
catflux,09215_00,button,False,
catflux,09215_00,pocket,False,
catflux,09215_00,zipper,False,
catflux,09215_00,sleeve,True,0.26975151896476746
catflux,09215_00,shoulder,True,0.2982529401779175
catflux,09215_00,logo,False,
catflux,07396_00,collar,False,
catflux,07396_00,lapel,False,
catflux,07396_00,cuff,False,
catflux,07396_00,button hole,False,
catflux,07396_00,button,False,
catflux,07396_00,pocket,False,
catflux,07396_00,zipper,False,
catflux,07396_00,sleeve,True,0.4019518494606018
catflux,07396_00,shoulder,True,0.44381681084632874
catflux,07396_00,logo,False,
catflux,06192_00,collar,True,0.4037345349788666
catflux,06192_00,lapel,False,
catflux,06192_00,cuff,True,0.21972617506980896
catflux,06192_00,button hole,False,
catflux,06192_00,button,False,
catflux,06192_00,pocket,False,
catflux,06192_00,zipper,False,
catflux,06192_00,sleeve,True,0.4339933395385742
catflux,06192_00,shoulder,True,0.4306820333003998
catflux,06192_00,logo,False,
catflux,11892_00,collar,False,
catflux,11892_00,lapel,False,
catflux,11892_00,cuff,False,
catflux,11892_00,button hole,False,
catflux,11892_00,button,False,
catflux,11892_00,pocket,False,
catflux,11892_00,zipper,False,
catflux,11892_00,sleeve,False,
catflux,11892_00,shoulder,True,0.3733516037464142
catflux,11892_00,logo,False,
catflux,11994_00,collar,True,0.4868652820587158
catflux,11994_00,lapel,False,
catflux,11994_00,cuff,False,
catflux,11994_00,button hole,False,
catflux,11994_00,button,True,0.5165876150131226
catflux,11994_00,pocket,False,
catflux,11994_00,zipper,False,
catflux,11994_00,sleeve,True,0.5265592932701111
catflux,11994_00,shoulder,True,0.5230297446250916
catflux,11994_00,logo,False,
catflux,03950_00,collar,False,
catflux,03950_00,lapel,False,
catflux,03950_00,cuff,False,
catflux,03950_00,button hole,False,
catflux,03950_00,button,False,
catflux,03950_00,pocket,False,
catflux,03950_00,zipper,False,
catflux,03950_00,sleeve,True,0.5527529716491699
catflux,03950_00,shoulder,True,0.3727845549583435
catflux,03950_00,logo,False,
catflux,01832_00,collar,True,0.15405917167663574
catflux,01832_00,lapel,False,
catflux,01832_00,cuff,False,
catflux,01832_00,button hole,False,
catflux,01832_00,button,False,
catflux,01832_00,pocket,False,
catflux,01832_00,zipper,False,
catflux,01832_00,sleeve,True,0.18132692575454712
catflux,01832_00,shoulder,True,0.22445087134838104
catflux,01832_00,logo,False,
catflux,11054_00,collar,True,0.45627832412719727
catflux,11054_00,lapel,False,
catflux,11054_00,cuff,True,0.5507408976554871
catflux,11054_00,button hole,False,
catflux,11054_00,button,False,
catflux,11054_00,pocket,False,
catflux,11054_00,zipper,False,
catflux,11054_00,sleeve,True,0.5790943503379822
catflux,11054_00,shoulder,True,0.3884648382663727
catflux,11054_00,logo,False,
catflux,02457_00,collar,False,
catflux,02457_00,lapel,False,
catflux,02457_00,cuff,False,
catflux,02457_00,button hole,False,
catflux,02457_00,button,False,
catflux,02457_00,pocket,False,
catflux,02457_00,zipper,False,
catflux,02457_00,sleeve,True,0.4705244302749634
catflux,02457_00,shoulder,True,0.42672935128211975
catflux,02457_00,logo,False,
catflux,14181_00,collar,True,0.2124568670988083
catflux,14181_00,lapel,False,
catflux,14181_00,cuff,True,0.1831969916820526
catflux,14181_00,button hole,False,
catflux,14181_00,button,False,
catflux,14181_00,pocket,False,
catflux,14181_00,zipper,False,
catflux,14181_00,sleeve,True,0.1942729502916336
catflux,14181_00,shoulder,True,0.1981074959039688
catflux,14181_00,logo,True,0.2611413598060608
catflux,08102_00,collar,True,0.5088071823120117
catflux,08102_00,lapel,False,
catflux,08102_00,cuff,False,
catflux,08102_00,button hole,False,
catflux,08102_00,button,False,
catflux,08102_00,pocket,False,
catflux,08102_00,zipper,False,
catflux,08102_00,sleeve,True,0.6310146450996399
catflux,08102_00,shoulder,False,
catflux,08102_00,logo,False,
catflux,01046_00,collar,False,
catflux,01046_00,lapel,False,
catflux,01046_00,cuff,True,0.4243345558643341
catflux,01046_00,button hole,False,
catflux,01046_00,button,True,0.524594247341156
catflux,01046_00,pocket,False,
catflux,01046_00,zipper,False,
catflux,01046_00,sleeve,True,0.4236487150192261
catflux,01046_00,shoulder,False,
catflux,01046_00,logo,False,
catflux,07847_00,collar,False,
catflux,07847_00,lapel,False,
catflux,07847_00,cuff,False,
catflux,07847_00,button hole,False,
catflux,07847_00,button,False,
catflux,07847_00,pocket,False,
catflux,07847_00,zipper,False,
catflux,07847_00,sleeve,True,0.5594968199729919
catflux,07847_00,shoulder,True,0.5930299162864685
catflux,07847_00,logo,False,
catflux,01503_00,collar,False,
catflux,01503_00,lapel,False,
catflux,01503_00,cuff,False,
catflux,01503_00,button hole,False,
catflux,01503_00,button,False,
catflux,01503_00,pocket,False,
catflux,01503_00,zipper,False,
catflux,01503_00,sleeve,True,0.2411898970603943
catflux,01503_00,shoulder,True,0.2282954603433609
catflux,01503_00,logo,False,
catflux,02400_00,collar,False,
catflux,02400_00,lapel,False,
catflux,02400_00,cuff,False,
catflux,02400_00,button hole,False,
catflux,02400_00,button,False,
catflux,02400_00,pocket,False,
catflux,02400_00,zipper,False,
catflux,02400_00,sleeve,True,0.41438111662864685
catflux,02400_00,shoulder,True,0.5307897329330444
catflux,02400_00,logo,False,
catflux,09487_00,collar,True,0.46025729179382324
catflux,09487_00,lapel,False,
catflux,09487_00,cuff,True,0.4907420575618744
catflux,09487_00,button hole,False,
catflux,09487_00,button,False,
catflux,09487_00,pocket,False,
catflux,09487_00,zipper,False,
catflux,09487_00,sleeve,True,0.6616086959838867
catflux,09487_00,shoulder,True,0.5867449045181274
catflux,09487_00,logo,False,
catflux,08232_00,collar,True,0.28587526082992554
catflux,08232_00,lapel,False,
catflux,08232_00,cuff,False,
catflux,08232_00,button hole,False,
catflux,08232_00,button,True,0.42781543731689453
catflux,08232_00,pocket,False,
catflux,08232_00,zipper,False,
catflux,08232_00,sleeve,True,0.3407838046550751
catflux,08232_00,shoulder,True,0.3712855279445648
catflux,08232_00,logo,False,
catflux,13589_00,collar,False,
catflux,13589_00,lapel,False,
catflux,13589_00,cuff,False,
catflux,13589_00,button hole,False,
catflux,13589_00,button,False,
catflux,13589_00,pocket,False,
catflux,13589_00,zipper,False,
catflux,13589_00,sleeve,True,0.37457576394081116
catflux,13589_00,shoulder,True,0.4592743515968323
catflux,13589_00,logo,False,
catflux,00013_00,collar,True,0.3382558524608612
catflux,00013_00,lapel,False,
catflux,00013_00,cuff,True,0.3514627516269684
catflux,00013_00,button hole,False,
catflux,00013_00,button,False,
catflux,00013_00,pocket,False,
catflux,00013_00,zipper,False,
catflux,00013_00,sleeve,True,0.3816785216331482
catflux,00013_00,shoulder,True,0.3171611726284027
catflux,00013_00,logo,True,0.4257090389728546
catflux,14471_00,collar,False,
catflux,14471_00,lapel,False,
catflux,14471_00,cuff,True,0.28732287883758545
catflux,14471_00,button hole,False,
catflux,14471_00,button,False,
catflux,14471_00,pocket,False,
catflux,14471_00,zipper,False,
catflux,14471_00,sleeve,True,0.33763808012008667
catflux,14471_00,shoulder,True,0.447068452835083
catflux,14471_00,logo,False,
catflux,00698_00,collar,False,
catflux,00698_00,lapel,False,
catflux,00698_00,cuff,False,
catflux,00698_00,button hole,False,
catflux,00698_00,button,False,
catflux,00698_00,pocket,False,
catflux,00698_00,zipper,False,
catflux,00698_00,sleeve,True,0.3099215626716614
catflux,00698_00,shoulder,True,0.2129761278629303
catflux,00698_00,logo,False,
catflux,11438_00,collar,False,
catflux,11438_00,lapel,False,
catflux,11438_00,cuff,False,
catflux,11438_00,button hole,False,
catflux,11438_00,button,False,
catflux,11438_00,pocket,False,
catflux,11438_00,zipper,False,
catflux,11438_00,sleeve,True,0.3199891746044159
catflux,11438_00,shoulder,True,0.3686823844909668
catflux,11438_00,logo,False,
catflux,10495_00,collar,False,
catflux,10495_00,lapel,False,
catflux,10495_00,cuff,False,
catflux,10495_00,button hole,False,
catflux,10495_00,button,False,
catflux,10495_00,pocket,False,
catflux,10495_00,zipper,False,
catflux,10495_00,sleeve,False,
catflux,10495_00,shoulder,True,0.45600131154060364
catflux,10495_00,logo,False,
catflux,13140_00,collar,False,
catflux,13140_00,lapel,False,
catflux,13140_00,cuff,True,0.36307594180107117
catflux,13140_00,button hole,False,
catflux,13140_00,button,False,
catflux,13140_00,pocket,False,
catflux,13140_00,zipper,False,
catflux,13140_00,sleeve,True,0.3827975392341614
catflux,13140_00,shoulder,True,0.48187175393104553
catflux,13140_00,logo,False,
catflux,11799_00,collar,True,0.31109195947647095
catflux,11799_00,lapel,False,
catflux,11799_00,cuff,False,
catflux,11799_00,button hole,False,
catflux,11799_00,button,False,
catflux,11799_00,pocket,False,
catflux,11799_00,zipper,False,
catflux,11799_00,sleeve,True,0.40426018834114075
catflux,11799_00,shoulder,True,0.32760336995124817
catflux,11799_00,logo,False,
catflux,01767_00,collar,False,
catflux,01767_00,lapel,False,
catflux,01767_00,cuff,False,
catflux,01767_00,button hole,False,
catflux,01767_00,button,True,0.31258702278137207
catflux,01767_00,pocket,False,
catflux,01767_00,zipper,False,
catflux,01767_00,sleeve,True,0.274545282125473
catflux,01767_00,shoulder,True,0.2549631893634796
catflux,01767_00,logo,False,
catflux,11556_00,collar,False,
catflux,11556_00,lapel,False,
catflux,11556_00,cuff,True,0.4162134528160095
catflux,11556_00,button hole,False,
catflux,11556_00,button,False,
catflux,11556_00,pocket,False,
catflux,11556_00,zipper,False,
catflux,11556_00,sleeve,True,0.4957394599914551
catflux,11556_00,shoulder,True,0.45340028405189514
catflux,11556_00,logo,False,
catflux,14059_00,collar,False,
catflux,14059_00,lapel,False,
catflux,14059_00,cuff,False,
catflux,14059_00,button hole,False,
catflux,14059_00,button,False,
catflux,14059_00,pocket,False,
catflux,14059_00,zipper,False,
catflux,14059_00,sleeve,False,
catflux,14059_00,shoulder,True,0.40835389494895935
catflux,14059_00,logo,False,
catflux,13967_00,collar,False,
catflux,13967_00,lapel,False,
catflux,13967_00,cuff,False,
catflux,13967_00,button hole,False,
catflux,13967_00,button,False,
catflux,13967_00,pocket,False,
catflux,13967_00,zipper,False,
catflux,13967_00,sleeve,True,0.3099702000617981
catflux,13967_00,shoulder,True,0.29576748609542847
catflux,13967_00,logo,False,
catflux,00827_00,collar,False,
catflux,00827_00,lapel,False,
catflux,00827_00,cuff,False,
catflux,00827_00,button hole,False,
catflux,00827_00,button,False,
catflux,00827_00,pocket,False,
catflux,00827_00,zipper,False,
catflux,00827_00,sleeve,False,
catflux,00827_00,shoulder,True,0.3216646909713745
catflux,00827_00,logo,False,
catflux,03935_00,collar,True,0.2730953097343445
catflux,03935_00,lapel,False,
catflux,03935_00,cuff,True,0.3726641535758972
catflux,03935_00,button hole,False,
catflux,03935_00,button,False,
catflux,03935_00,pocket,False,
catflux,03935_00,zipper,False,
catflux,03935_00,sleeve,True,0.3109721839427948
catflux,03935_00,shoulder,True,0.2859237492084503
catflux,03935_00,logo,False,
catflux,10428_00,collar,False,
catflux,10428_00,lapel,False,
catflux,10428_00,cuff,False,
catflux,10428_00,button hole,False,
catflux,10428_00,button,False,
catflux,10428_00,pocket,False,
catflux,10428_00,zipper,False,
catflux,10428_00,sleeve,True,0.43604665994644165
catflux,10428_00,shoulder,True,0.3895725607872009
catflux,10428_00,logo,False,
catflux,13172_00,collar,True,0.37193620204925537
catflux,13172_00,lapel,False,
catflux,13172_00,cuff,False,
catflux,13172_00,button hole,False,
catflux,13172_00,button,False,
catflux,13172_00,pocket,False,
catflux,13172_00,zipper,False,
catflux,13172_00,sleeve,True,0.16229479014873505
catflux,13172_00,shoulder,True,0.31099724769592285
catflux,13172_00,logo,True,0.17737361788749695
catflux,12419_00,collar,False,
catflux,12419_00,lapel,False,
catflux,12419_00,cuff,False,
catflux,12419_00,button hole,False,
catflux,12419_00,button,False,
catflux,12419_00,pocket,False,
catflux,12419_00,zipper,False,
catflux,12419_00,sleeve,False,
catflux,12419_00,shoulder,True,0.21016111969947815
catflux,12419_00,logo,False,
catflux,11993_00,collar,True,0.38970693945884705
catflux,11993_00,lapel,False,
catflux,11993_00,cuff,True,0.3359850347042084
catflux,11993_00,button hole,False,
catflux,11993_00,button,False,
catflux,11993_00,pocket,False,
catflux,11993_00,zipper,False,
catflux,11993_00,sleeve,True,0.3414323329925537
catflux,11993_00,shoulder,True,0.3257058262825012
catflux,11993_00,logo,False,
catflux,11766_00,collar,True,0.22884836792945862
catflux,11766_00,lapel,False,
catflux,11766_00,cuff,False,
catflux,11766_00,button hole,False,
catflux,11766_00,button,False,
catflux,11766_00,pocket,False,
catflux,11766_00,zipper,False,
catflux,11766_00,sleeve,True,0.18431930243968964
catflux,11766_00,shoulder,True,0.21422342956066132
catflux,11766_00,logo,False,
catflux,02372_00,collar,False,
catflux,02372_00,lapel,False,
catflux,02372_00,cuff,False,
catflux,02372_00,button hole,False,
catflux,02372_00,button,False,
catflux,02372_00,pocket,False,
catflux,02372_00,zipper,False,
catflux,02372_00,sleeve,False,
catflux,02372_00,shoulder,True,0.32903656363487244
catflux,02372_00,logo,False,
catflux,09751_00,collar,True,0.3205738067626953
catflux,09751_00,lapel,False,
catflux,09751_00,cuff,False,
catflux,09751_00,button hole,False,
catflux,09751_00,button,False,
catflux,09751_00,pocket,True,0.46001043915748596
catflux,09751_00,zipper,False,
catflux,09751_00,sleeve,False,
catflux,09751_00,shoulder,True,0.26802295446395874
catflux,09751_00,logo,False,
catflux,08158_00,collar,True,0.22543242573738098
catflux,08158_00,lapel,False,
catflux,08158_00,cuff,True,0.4717318117618561
catflux,08158_00,button hole,False,
catflux,08158_00,button,False,
catflux,08158_00,pocket,False,
catflux,08158_00,zipper,False,
catflux,08158_00,sleeve,True,0.37764009833335876
catflux,08158_00,shoulder,True,0.2008940577507019
catflux,08158_00,logo,False,
catflux,06730_00,collar,True,0.2122427225112915
catflux,06730_00,lapel,False,
catflux,06730_00,cuff,True,0.24845005571842194
catflux,06730_00,button hole,False,
catflux,06730_00,button,False,
catflux,06730_00,pocket,False,
catflux,06730_00,zipper,False,
catflux,06730_00,sleeve,True,0.23747435212135315
catflux,06730_00,shoulder,True,0.28751808404922485
catflux,06730_00,logo,False,
catflux,06753_00,collar,False,
catflux,06753_00,lapel,False,
catflux,06753_00,cuff,False,
catflux,06753_00,button hole,False,
catflux,06753_00,button,False,
catflux,06753_00,pocket,False,
catflux,06753_00,zipper,False,
catflux,06753_00,sleeve,True,0.24369241297245026
catflux,06753_00,shoulder,True,0.22789858281612396
catflux,06753_00,logo,False,
catflux,01386_00,collar,True,0.4143732190132141
catflux,01386_00,lapel,False,
catflux,01386_00,cuff,False,
catflux,01386_00,button hole,False,
catflux,01386_00,button,False,
catflux,01386_00,pocket,False,
catflux,01386_00,zipper,False,
catflux,01386_00,sleeve,True,0.35104992985725403
catflux,01386_00,shoulder,True,0.45004358887672424
catflux,01386_00,logo,False,
catflux,13126_00,collar,False,
catflux,13126_00,lapel,False,
catflux,13126_00,cuff,False,
catflux,13126_00,button hole,False,
catflux,13126_00,button,False,
catflux,13126_00,pocket,False,
catflux,13126_00,zipper,False,
catflux,13126_00,sleeve,True,0.27878060936927795
catflux,13126_00,shoulder,True,0.18383897840976715
catflux,13126_00,logo,False,
catflux,02810_00,collar,False,
catflux,02810_00,lapel,False,
catflux,02810_00,cuff,False,
catflux,02810_00,button hole,False,
catflux,02810_00,button,False,
catflux,02810_00,pocket,True,0.3853934705257416
catflux,02810_00,zipper,False,
catflux,02810_00,sleeve,True,0.3110363781452179
catflux,02810_00,shoulder,True,0.39344069361686707
catflux,02810_00,logo,False,
catflux,03191_00,collar,False,
catflux,03191_00,lapel,False,
catflux,03191_00,cuff,False,
catflux,03191_00,button hole,False,
catflux,03191_00,button,False,
catflux,03191_00,pocket,False,
catflux,03191_00,zipper,False,
catflux,03191_00,sleeve,True,0.2883315980434418
catflux,03191_00,shoulder,True,0.23942722380161285
catflux,03191_00,logo,False,
catflux,11372_00,collar,False,
catflux,11372_00,lapel,False,
catflux,11372_00,cuff,False,
catflux,11372_00,button hole,False,
catflux,11372_00,button,False,
catflux,11372_00,pocket,False,
catflux,11372_00,zipper,False,
catflux,11372_00,sleeve,True,0.14372451603412628
catflux,11372_00,shoulder,True,0.266297847032547
catflux,11372_00,logo,False,
catflux,07694_00,collar,True,0.32167336344718933
catflux,07694_00,lapel,False,
catflux,07694_00,cuff,False,
catflux,07694_00,button hole,False,
catflux,07694_00,button,False,
catflux,07694_00,pocket,False,
catflux,07694_00,zipper,False,
catflux,07694_00,sleeve,True,0.260846883058548
catflux,07694_00,shoulder,True,0.26878026127815247
catflux,07694_00,logo,True,0.3676132559776306
catflux,01900_00,collar,False,
catflux,01900_00,lapel,False,
catflux,01900_00,cuff,True,0.36094698309898376
catflux,01900_00,button hole,False,
catflux,01900_00,button,False,
catflux,01900_00,pocket,False,
catflux,01900_00,zipper,False,
catflux,01900_00,sleeve,True,0.44684112071990967
catflux,01900_00,shoulder,True,0.5017252564430237
catflux,01900_00,logo,False,
catflux,02253_00,collar,False,
catflux,02253_00,lapel,False,
catflux,02253_00,cuff,True,0.35408884286880493
catflux,02253_00,button hole,False,
catflux,02253_00,button,False,
catflux,02253_00,pocket,False,
catflux,02253_00,zipper,False,
catflux,02253_00,sleeve,True,0.6262349486351013
catflux,02253_00,shoulder,True,0.568872332572937
catflux,02253_00,logo,False,
catflux,04430_00,collar,True,0.20503392815589905
catflux,04430_00,lapel,False,
catflux,04430_00,cuff,False,
catflux,04430_00,button hole,False,
catflux,04430_00,button,False,
catflux,04430_00,pocket,False,
catflux,04430_00,zipper,False,
catflux,04430_00,sleeve,True,0.3193204402923584
catflux,04430_00,shoulder,True,0.24695901572704315
catflux,04430_00,logo,False,
catflux,03991_00,collar,True,0.5605744123458862
catflux,03991_00,lapel,False,
catflux,03991_00,cuff,False,
catflux,03991_00,button hole,False,
catflux,03991_00,button,False,
catflux,03991_00,pocket,False,
catflux,03991_00,zipper,False,
catflux,03991_00,sleeve,False,
catflux,03991_00,shoulder,True,0.5321695804595947
catflux,03991_00,logo,False,
catflux,03608_00,collar,True,0.4029560387134552
catflux,03608_00,lapel,False,
catflux,03608_00,cuff,True,0.37839895486831665
catflux,03608_00,button hole,False,
catflux,03608_00,button,False,
catflux,03608_00,pocket,False,
catflux,03608_00,zipper,False,
catflux,03608_00,sleeve,True,0.48219797015190125
catflux,03608_00,shoulder,True,0.4092657268047333
catflux,03608_00,logo,False,
catflux,12651_00,collar,False,
catflux,12651_00,lapel,False,
catflux,12651_00,cuff,True,0.7656351327896118
catflux,12651_00,button hole,False,
catflux,12651_00,button,False,
catflux,12651_00,pocket,False,
catflux,12651_00,zipper,False,
catflux,12651_00,sleeve,True,0.6371229290962219
catflux,12651_00,shoulder,True,0.6500702500343323
catflux,12651_00,logo,False,
catflux,11600_00,collar,True,0.16936972737312317
catflux,11600_00,lapel,False,
catflux,11600_00,cuff,False,
catflux,11600_00,button hole,False,
catflux,11600_00,button,False,
catflux,11600_00,pocket,False,
catflux,11600_00,zipper,False,
catflux,11600_00,sleeve,False,
catflux,11600_00,shoulder,True,0.17711524665355682
catflux,11600_00,logo,False,
catflux,01917_00,collar,True,0.33511099219322205
catflux,01917_00,lapel,False,
catflux,01917_00,cuff,False,
catflux,01917_00,button hole,False,
catflux,01917_00,button,False,
catflux,01917_00,pocket,False,
catflux,01917_00,zipper,False,
catflux,01917_00,sleeve,True,0.2943812906742096
catflux,01917_00,shoulder,True,0.3388567864894867
catflux,01917_00,logo,False,
catflux,01026_00,collar,True,0.42472490668296814
catflux,01026_00,lapel,False,
catflux,01026_00,cuff,True,0.44340670108795166
catflux,01026_00,button hole,False,
catflux,01026_00,button,False,
catflux,01026_00,pocket,False,
catflux,01026_00,zipper,False,
catflux,01026_00,sleeve,True,0.4481847286224365
catflux,01026_00,shoulder,True,0.46948713064193726
catflux,01026_00,logo,False,
catflux,09845_00,collar,False,
catflux,09845_00,lapel,False,
catflux,09845_00,cuff,False,
catflux,09845_00,button hole,False,
catflux,09845_00,button,False,
catflux,09845_00,pocket,False,
catflux,09845_00,zipper,False,
catflux,09845_00,sleeve,False,
catflux,09845_00,shoulder,True,0.3568224012851715
catflux,09845_00,logo,False,
catflux,13517_00,collar,True,0.582808256149292
catflux,13517_00,lapel,False,
catflux,13517_00,cuff,False,
catflux,13517_00,button hole,False,
catflux,13517_00,button,False,
catflux,13517_00,pocket,False,
catflux,13517_00,zipper,False,
catflux,13517_00,sleeve,False,
catflux,13517_00,shoulder,True,0.5696479678153992
catflux,13517_00,logo,False,
catflux,02388_00,collar,True,0.3687500059604645
catflux,02388_00,lapel,False,
catflux,02388_00,cuff,False,
catflux,02388_00,button hole,False,
catflux,02388_00,button,False,
catflux,02388_00,pocket,False,
catflux,02388_00,zipper,False,
catflux,02388_00,sleeve,True,0.4445846676826477
catflux,02388_00,shoulder,True,0.37451171875
catflux,02388_00,logo,False,
catflux,12365_00,collar,False,
catflux,12365_00,lapel,False,
catflux,12365_00,cuff,False,
catflux,12365_00,button hole,False,
catflux,12365_00,button,False,
catflux,12365_00,pocket,False,
catflux,12365_00,zipper,False,
catflux,12365_00,sleeve,False,
catflux,12365_00,shoulder,True,0.26336315274238586
catflux,12365_00,logo,False,
catflux,12572_00,collar,False,
catflux,12572_00,lapel,False,
catflux,12572_00,cuff,False,
catflux,12572_00,button hole,False,
catflux,12572_00,button,False,
catflux,12572_00,pocket,False,
catflux,12572_00,zipper,False,
catflux,12572_00,sleeve,True,0.657788872718811
catflux,12572_00,shoulder,True,0.6284374594688416
catflux,12572_00,logo,False,
catvton,02180_00,collar,True,0.32257360219955444
catvton,02180_00,lapel,False,
catvton,02180_00,cuff,False,
catvton,02180_00,button hole,False,
catvton,02180_00,button,False,
catvton,02180_00,pocket,False,
catvton,02180_00,zipper,False,
catvton,02180_00,sleeve,True,0.4460560083389282
catvton,02180_00,shoulder,True,0.3423652648925781
catvton,02180_00,logo,True,0.39276009798049927
catvton,07150_00,collar,True,0.30698269605636597
catvton,07150_00,lapel,False,
catvton,07150_00,cuff,False,
catvton,07150_00,button hole,False,
catvton,07150_00,button,False,
catvton,07150_00,pocket,False,
catvton,07150_00,zipper,False,
catvton,07150_00,sleeve,True,0.2716924846172333
catvton,07150_00,shoulder,True,0.24990206956863403
catvton,07150_00,logo,False,
catvton,00401_00,collar,True,0.5342361927032471
catvton,00401_00,lapel,False,
catvton,00401_00,cuff,True,0.44500675797462463
catvton,00401_00,button hole,False,
catvton,00401_00,button,False,
catvton,00401_00,pocket,False,
catvton,00401_00,zipper,False,
catvton,00401_00,sleeve,True,0.42910027503967285
catvton,00401_00,shoulder,False,
catvton,00401_00,logo,False,
catvton,00494_00,collar,False,
catvton,00494_00,lapel,False,
catvton,00494_00,cuff,True,0.31728753447532654
catvton,00494_00,button hole,False,
catvton,00494_00,button,False,
catvton,00494_00,pocket,False,
catvton,00494_00,zipper,False,
catvton,00494_00,sleeve,True,0.5882689952850342
catvton,00494_00,shoulder,False,
catvton,00494_00,logo,True,0.6392477750778198
catvton,02336_00,collar,False,
catvton,02336_00,lapel,False,
catvton,02336_00,cuff,False,
catvton,02336_00,button hole,False,
catvton,02336_00,button,False,
catvton,02336_00,pocket,False,
catvton,02336_00,zipper,False,
catvton,02336_00,sleeve,False,
catvton,02336_00,shoulder,True,0.5806240439414978
catvton,02336_00,logo,False,
catvton,10731_00,collar,True,0.3740226924419403
catvton,10731_00,lapel,False,
catvton,10731_00,cuff,False,
catvton,10731_00,button hole,False,
catvton,10731_00,button,False,
catvton,10731_00,pocket,False,
catvton,10731_00,zipper,False,
catvton,10731_00,sleeve,True,0.49634870886802673
catvton,10731_00,shoulder,True,0.37422436475753784
catvton,10731_00,logo,False,
catvton,07212_00,collar,False,
catvton,07212_00,lapel,False,
catvton,07212_00,cuff,True,0.2570177912712097
catvton,07212_00,button hole,False,
catvton,07212_00,button,True,0.6661756038665771
catvton,07212_00,pocket,False,
catvton,07212_00,zipper,False,
catvton,07212_00,sleeve,True,0.5491060614585876
catvton,07212_00,shoulder,True,0.4098118841648102
catvton,07212_00,logo,False,
catvton,05544_00,collar,True,0.46383196115493774
catvton,05544_00,lapel,False,
catvton,05544_00,cuff,False,
catvton,05544_00,button hole,False,
catvton,05544_00,button,False,
catvton,05544_00,pocket,False,
catvton,05544_00,zipper,False,
catvton,05544_00,sleeve,False,
catvton,05544_00,shoulder,False,
catvton,05544_00,logo,False,
catvton,13988_00,collar,False,
catvton,13988_00,lapel,False,
catvton,13988_00,cuff,False,
catvton,13988_00,button hole,False,
catvton,13988_00,button,False,
catvton,13988_00,pocket,False,
catvton,13988_00,zipper,False,
catvton,13988_00,sleeve,True,0.45541197061538696
catvton,13988_00,shoulder,True,0.4887630343437195
catvton,13988_00,logo,False,
catvton,12661_00,collar,False,
catvton,12661_00,lapel,False,
catvton,12661_00,cuff,False,
catvton,12661_00,button hole,False,
catvton,12661_00,button,False,
catvton,12661_00,pocket,False,
catvton,12661_00,zipper,False,
catvton,12661_00,sleeve,True,0.4711688458919525
catvton,12661_00,shoulder,True,0.7246682047843933
catvton,12661_00,logo,False,
catvton,05329_00,collar,False,
catvton,05329_00,lapel,False,
catvton,05329_00,cuff,False,
catvton,05329_00,button hole,False,
catvton,05329_00,button,False,
catvton,05329_00,pocket,False,
catvton,05329_00,zipper,False,
catvton,05329_00,sleeve,True,0.5171934962272644
catvton,05329_00,shoulder,True,0.5365761518478394
catvton,05329_00,logo,False,
catvton,01877_00,collar,True,0.5827049016952515
catvton,01877_00,lapel,False,
catvton,01877_00,cuff,False,
catvton,01877_00,button hole,False,
catvton,01877_00,button,False,
catvton,01877_00,pocket,False,
catvton,01877_00,zipper,False,
catvton,01877_00,sleeve,True,0.4335356652736664
catvton,01877_00,shoulder,True,0.45214352011680603
catvton,01877_00,logo,False,
catvton,00272_00,collar,False,
catvton,00272_00,lapel,False,
catvton,00272_00,cuff,False,
catvton,00272_00,button hole,False,
catvton,00272_00,button,False,
catvton,00272_00,pocket,False,
catvton,00272_00,zipper,False,
catvton,00272_00,sleeve,False,
catvton,00272_00,shoulder,True,0.5107696652412415
catvton,00272_00,logo,False,
catvton,09940_00,collar,False,
catvton,09940_00,lapel,False,
catvton,09940_00,cuff,False,
catvton,09940_00,button hole,False,
catvton,09940_00,button,False,
catvton,09940_00,pocket,False,
catvton,09940_00,zipper,False,
catvton,09940_00,sleeve,False,
catvton,09940_00,shoulder,True,0.4033171236515045
catvton,09940_00,logo,False,
catvton,10657_00,collar,False,
catvton,10657_00,lapel,False,
catvton,10657_00,cuff,True,0.7875446677207947
catvton,10657_00,button hole,False,
catvton,10657_00,button,False,
catvton,10657_00,pocket,False,
catvton,10657_00,zipper,False,
catvton,10657_00,sleeve,True,0.7278846502304077
catvton,10657_00,shoulder,True,0.7337865829467773
catvton,10657_00,logo,False,
catvton,05156_00,collar,True,0.4061478078365326
catvton,05156_00,lapel,False,
catvton,05156_00,cuff,True,0.22820086777210236
catvton,05156_00,button hole,False,
catvton,05156_00,button,False,
catvton,05156_00,pocket,False,
catvton,05156_00,zipper,False,
catvton,05156_00,sleeve,True,0.23016685247421265
catvton,05156_00,shoulder,True,0.30424848198890686
catvton,05156_00,logo,False,
catvton,07599_00,collar,True,0.8349347114562988
catvton,07599_00,lapel,False,
catvton,07599_00,cuff,False,
catvton,07599_00,button hole,False,
catvton,07599_00,button,False,
catvton,07599_00,pocket,False,
catvton,07599_00,zipper,False,
catvton,07599_00,sleeve,False,
catvton,07599_00,shoulder,True,0.6910221576690674
catvton,07599_00,logo,False,
catvton,04847_00,collar,True,0.5327901244163513
catvton,04847_00,lapel,False,
catvton,04847_00,cuff,False,
catvton,04847_00,button hole,False,
catvton,04847_00,button,False,
catvton,04847_00,pocket,False,
catvton,04847_00,zipper,False,
catvton,04847_00,sleeve,True,0.3992166817188263
catvton,04847_00,shoulder,False,
catvton,04847_00,logo,True,0.5937642455101013
catvton,07707_00,collar,False,
catvton,07707_00,lapel,False,
catvton,07707_00,cuff,False,
catvton,07707_00,button hole,False,
catvton,07707_00,button,False,
catvton,07707_00,pocket,False,
catvton,07707_00,zipper,False,
catvton,07707_00,sleeve,False,
catvton,07707_00,shoulder,True,0.20982378721237183
catvton,07707_00,logo,False,
catvton,04944_00,collar,True,0.36379674077033997
catvton,04944_00,lapel,False,
catvton,04944_00,cuff,False,
catvton,04944_00,button hole,False,
catvton,04944_00,button,False,
catvton,04944_00,pocket,False,
catvton,04944_00,zipper,False,
catvton,04944_00,sleeve,True,0.334767609834671
catvton,04944_00,shoulder,True,0.4082081913948059
catvton,04944_00,logo,False,
catvton,09067_00,collar,False,
catvton,09067_00,lapel,False,
catvton,09067_00,cuff,True,0.18949034810066223
catvton,09067_00,button hole,False,
catvton,09067_00,button,True,0.43211397528648376
catvton,09067_00,pocket,False,
catvton,09067_00,zipper,False,
catvton,09067_00,sleeve,True,0.30427616834640503
catvton,09067_00,shoulder,True,0.45203688740730286
catvton,09067_00,logo,False,
catvton,11001_00,collar,False,
catvton,11001_00,lapel,False,
catvton,11001_00,cuff,False,
catvton,11001_00,button hole,False,
catvton,11001_00,button,False,
catvton,11001_00,pocket,False,
catvton,11001_00,zipper,False,
catvton,11001_00,sleeve,True,0.5165279507637024
catvton,11001_00,shoulder,True,0.4082474112510681
catvton,11001_00,logo,False,
catvton,10843_00,collar,False,
catvton,10843_00,lapel,False,
catvton,10843_00,cuff,False,
catvton,10843_00,button hole,False,
catvton,10843_00,button,False,
catvton,10843_00,pocket,False,
catvton,10843_00,zipper,False,
catvton,10843_00,sleeve,True,0.6014431715011597
catvton,10843_00,shoulder,True,0.6074900031089783
catvton,10843_00,logo,False,
catvton,13491_00,collar,False,
catvton,13491_00,lapel,False,
catvton,13491_00,cuff,False,
catvton,13491_00,button hole,False,
catvton,13491_00,button,False,
catvton,13491_00,pocket,False,
catvton,13491_00,zipper,False,
catvton,13491_00,sleeve,True,0.3354667127132416
catvton,13491_00,shoulder,True,0.4905000925064087
catvton,13491_00,logo,True,0.578659176826477
catvton,07965_00,collar,True,0.2783356010913849
catvton,07965_00,lapel,False,
catvton,07965_00,cuff,True,0.420625776052475
catvton,07965_00,button hole,False,
catvton,07965_00,button,False,
catvton,07965_00,pocket,False,
catvton,07965_00,zipper,False,
catvton,07965_00,sleeve,True,0.3445310890674591
catvton,07965_00,shoulder,True,0.3206172287464142
catvton,07965_00,logo,False,
catvton,08314_00,collar,False,
catvton,08314_00,lapel,False,
catvton,08314_00,cuff,False,
catvton,08314_00,button hole,False,
catvton,08314_00,button,False,
catvton,08314_00,pocket,False,
catvton,08314_00,zipper,False,
catvton,08314_00,sleeve,True,0.296785831451416
catvton,08314_00,shoulder,True,0.5111715793609619
catvton,08314_00,logo,False,
catvton,01801_00,collar,False,
catvton,01801_00,lapel,False,
catvton,01801_00,cuff,False,
catvton,01801_00,button hole,False,
catvton,01801_00,button,False,
catvton,01801_00,pocket,False,
catvton,01801_00,zipper,False,
catvton,01801_00,sleeve,False,
catvton,01801_00,shoulder,True,0.36629754304885864
catvton,01801_00,logo,False,
catvton,12749_00,collar,False,
catvton,12749_00,lapel,False,
catvton,12749_00,cuff,False,
catvton,12749_00,button hole,False,
catvton,12749_00,button,False,
catvton,12749_00,pocket,False,
catvton,12749_00,zipper,False,
catvton,12749_00,sleeve,True,0.6735532879829407
catvton,12749_00,shoulder,True,0.46719565987586975
catvton,12749_00,logo,False,
catvton,01994_00,collar,False,
catvton,01994_00,lapel,False,
catvton,01994_00,cuff,False,
catvton,01994_00,button hole,False,
catvton,01994_00,button,False,
catvton,01994_00,pocket,False,
catvton,01994_00,zipper,False,
catvton,01994_00,sleeve,True,0.38217565417289734
catvton,01994_00,shoulder,True,0.4462529122829437
catvton,01994_00,logo,False,
catvton,04680_00,collar,False,
catvton,04680_00,lapel,False,
catvton,04680_00,cuff,False,
catvton,04680_00,button hole,False,
catvton,04680_00,button,True,0.3884178698062897
catvton,04680_00,pocket,False,
catvton,04680_00,zipper,False,
catvton,04680_00,sleeve,False,
catvton,04680_00,shoulder,True,0.5098749995231628
catvton,04680_00,logo,False,
catvton,05910_00,collar,False,
catvton,05910_00,lapel,False,
catvton,05910_00,cuff,False,
catvton,05910_00,button hole,False,
catvton,05910_00,button,False,
catvton,05910_00,pocket,False,
catvton,05910_00,zipper,False,
catvton,05910_00,sleeve,False,
catvton,05910_00,shoulder,True,0.595975399017334
catvton,05910_00,logo,False,
catvton,03013_00,collar,True,0.21304605901241302
catvton,03013_00,lapel,False,
catvton,03013_00,cuff,False,
catvton,03013_00,button hole,False,
catvton,03013_00,button,False,
catvton,03013_00,pocket,False,
catvton,03013_00,zipper,False,
catvton,03013_00,sleeve,True,0.22532615065574646
catvton,03013_00,shoulder,True,0.24912436306476593
catvton,03013_00,logo,False,
catvton,05961_00,collar,False,
catvton,05961_00,lapel,False,
catvton,05961_00,cuff,False,
catvton,05961_00,button hole,False,
catvton,05961_00,button,False,
catvton,05961_00,pocket,False,
catvton,05961_00,zipper,False,
catvton,05961_00,sleeve,True,0.36587199568748474
catvton,05961_00,shoulder,True,0.3652871549129486
catvton,05961_00,logo,False,
catvton,11709_00,collar,True,0.6540498733520508
catvton,11709_00,lapel,False,
catvton,11709_00,cuff,False,
catvton,11709_00,button hole,False,
catvton,11709_00,button,False,
catvton,11709_00,pocket,False,
catvton,11709_00,zipper,False,
catvton,11709_00,sleeve,True,0.5965010523796082
catvton,11709_00,shoulder,True,0.6604929566383362
catvton,11709_00,logo,False,
catvton,14651_00,collar,True,0.639933705329895
catvton,14651_00,lapel,False,
catvton,14651_00,cuff,True,0.5049987435340881
catvton,14651_00,button hole,False,
catvton,14651_00,button,False,
catvton,14651_00,pocket,False,
catvton,14651_00,zipper,False,
catvton,14651_00,sleeve,True,0.5176023244857788
catvton,14651_00,shoulder,True,0.587725043296814
catvton,14651_00,logo,False,
catvton,04699_00,collar,False,
catvton,04699_00,lapel,False,
catvton,04699_00,cuff,False,
catvton,04699_00,button hole,False,
catvton,04699_00,button,False,
catvton,04699_00,pocket,False,
catvton,04699_00,zipper,False,
catvton,04699_00,sleeve,True,0.6349725723266602
catvton,04699_00,shoulder,True,0.4867614507675171
catvton,04699_00,logo,False,
catvton,08650_00,collar,False,
catvton,08650_00,lapel,False,
catvton,08650_00,cuff,False,
catvton,08650_00,button hole,False,
catvton,08650_00,button,False,
catvton,08650_00,pocket,False,
catvton,08650_00,zipper,False,
catvton,08650_00,sleeve,False,
catvton,08650_00,shoulder,True,0.3740628659725189
catvton,08650_00,logo,False,
catvton,04893_00,collar,False,
catvton,04893_00,lapel,False,
catvton,04893_00,cuff,False,
catvton,04893_00,button hole,False,
catvton,04893_00,button,False,
catvton,04893_00,pocket,False,
catvton,04893_00,zipper,False,
catvton,04893_00,sleeve,True,0.34651339054107666
catvton,04893_00,shoulder,True,0.38010117411613464
catvton,04893_00,logo,False,
catvton,12541_00,collar,False,
catvton,12541_00,lapel,False,
catvton,12541_00,cuff,False,
catvton,12541_00,button hole,False,
catvton,12541_00,button,False,
catvton,12541_00,pocket,False,
catvton,12541_00,zipper,False,
catvton,12541_00,sleeve,False,
catvton,12541_00,shoulder,True,0.32087597250938416
catvton,12541_00,logo,False,
catvton,04652_00,collar,False,
catvton,04652_00,lapel,False,
catvton,04652_00,cuff,False,
catvton,04652_00,button hole,False,
catvton,04652_00,button,False,
catvton,04652_00,pocket,False,
catvton,04652_00,zipper,False,
catvton,04652_00,sleeve,True,0.5411539673805237
catvton,04652_00,shoulder,True,0.4102959930896759
catvton,04652_00,logo,False,
catvton,07884_00,collar,True,0.2750759422779083
catvton,07884_00,lapel,False,
catvton,07884_00,cuff,False,
catvton,07884_00,button hole,False,
catvton,07884_00,button,False,
catvton,07884_00,pocket,False,
catvton,07884_00,zipper,False,
catvton,07884_00,sleeve,True,0.197105273604393
catvton,07884_00,shoulder,True,0.1870538294315338
catvton,07884_00,logo,True,0.33423832058906555
catvton,07966_00,collar,False,
catvton,07966_00,lapel,False,
catvton,07966_00,cuff,False,
catvton,07966_00,button hole,False,
catvton,07966_00,button,False,
catvton,07966_00,pocket,False,
catvton,07966_00,zipper,False,
catvton,07966_00,sleeve,True,0.3098635673522949
catvton,07966_00,shoulder,True,0.2605815529823303
catvton,07966_00,logo,False,
catvton,14173_00,collar,False,
catvton,14173_00,lapel,False,
catvton,14173_00,cuff,True,0.5741695761680603
catvton,14173_00,button hole,False,
catvton,14173_00,button,False,
catvton,14173_00,pocket,False,
catvton,14173_00,zipper,False,
catvton,14173_00,sleeve,True,0.7422038316726685
catvton,14173_00,shoulder,True,0.4928244948387146
catvton,14173_00,logo,False,
catvton,11913_00,collar,False,
catvton,11913_00,lapel,False,
catvton,11913_00,cuff,False,
catvton,11913_00,button hole,False,
catvton,11913_00,button,False,
catvton,11913_00,pocket,False,
catvton,11913_00,zipper,False,
catvton,11913_00,sleeve,False,
catvton,11913_00,shoulder,True,0.3478420674800873
catvton,11913_00,logo,False,
catvton,01090_00,collar,True,0.5754736661911011
catvton,01090_00,lapel,False,
catvton,01090_00,cuff,True,0.2380564957857132
catvton,01090_00,button hole,False,
catvton,01090_00,button,False,
catvton,01090_00,pocket,False,
catvton,01090_00,zipper,False,
catvton,01090_00,sleeve,True,0.531682014465332
catvton,01090_00,shoulder,True,0.5725370645523071
catvton,01090_00,logo,False,
catvton,02871_00,collar,True,0.3142419755458832
catvton,02871_00,lapel,False,
catvton,02871_00,cuff,False,
catvton,02871_00,button hole,False,
catvton,02871_00,button,False,
catvton,02871_00,pocket,False,
catvton,02871_00,zipper,False,
catvton,02871_00,sleeve,True,0.3374907374382019
catvton,02871_00,shoulder,True,0.2912488281726837
catvton,02871_00,logo,True,0.3775249421596527
catvton,07573_00,collar,False,
catvton,07573_00,lapel,False,
catvton,07573_00,cuff,False,
catvton,07573_00,button hole,False,
catvton,07573_00,button,False,
catvton,07573_00,pocket,False,
catvton,07573_00,zipper,False,
catvton,07573_00,sleeve,True,0.41128310561180115
catvton,07573_00,shoulder,True,0.4100579619407654
catvton,07573_00,logo,False,
catvton,06939_00,collar,True,0.4358375072479248
catvton,06939_00,lapel,False,
catvton,06939_00,cuff,False,
catvton,06939_00,button hole,False,
catvton,06939_00,button,False,
catvton,06939_00,pocket,False,
catvton,06939_00,zipper,False,
catvton,06939_00,sleeve,True,0.40195104479789734
catvton,06939_00,shoulder,True,0.386040061712265
catvton,06939_00,logo,True,0.407375693321228
catvton,08316_00,collar,True,0.399156779050827
catvton,08316_00,lapel,False,
catvton,08316_00,cuff,False,
catvton,08316_00,button hole,False,
catvton,08316_00,button,True,0.3184511363506317
catvton,08316_00,pocket,False,
catvton,08316_00,zipper,False,
catvton,08316_00,sleeve,True,0.24302901327610016
catvton,08316_00,shoulder,True,0.32964932918548584
catvton,08316_00,logo,False,
catvton,02327_00,collar,True,0.7654048800468445
catvton,02327_00,lapel,False,
catvton,02327_00,cuff,False,
catvton,02327_00,button hole,False,
catvton,02327_00,button,False,
catvton,02327_00,pocket,False,
catvton,02327_00,zipper,False,
catvton,02327_00,sleeve,False,
catvton,02327_00,shoulder,True,0.6548710465431213
catvton,02327_00,logo,False,
catvton,08149_00,collar,False,
catvton,08149_00,lapel,False,
catvton,08149_00,cuff,True,0.5645744204521179
catvton,08149_00,button hole,False,
catvton,08149_00,button,False,
catvton,08149_00,pocket,False,
catvton,08149_00,zipper,False,
catvton,08149_00,sleeve,True,0.5883330702781677
catvton,08149_00,shoulder,True,0.5260619521141052
catvton,08149_00,logo,False,
catvton,11985_00,collar,False,
catvton,11985_00,lapel,False,
catvton,11985_00,cuff,False,
catvton,11985_00,button hole,False,
catvton,11985_00,button,False,
catvton,11985_00,pocket,False,
catvton,11985_00,zipper,False,
catvton,11985_00,sleeve,True,0.7508492469787598
catvton,11985_00,shoulder,True,0.9425563216209412
catvton,11985_00,logo,False,
catvton,09912_00,collar,False,
catvton,09912_00,lapel,False,
catvton,09912_00,cuff,False,
catvton,09912_00,button hole,False,
catvton,09912_00,button,False,
catvton,09912_00,pocket,False,
catvton,09912_00,zipper,False,
catvton,09912_00,sleeve,True,0.35965627431869507
catvton,09912_00,shoulder,True,0.39300236105918884
catvton,09912_00,logo,False,
catvton,01827_00,collar,True,0.3492741286754608
catvton,01827_00,lapel,False,
catvton,01827_00,cuff,False,
catvton,01827_00,button hole,False,
catvton,01827_00,button,False,
catvton,01827_00,pocket,True,0.3141946494579315
catvton,01827_00,zipper,False,
catvton,01827_00,sleeve,True,0.20419423282146454
catvton,01827_00,shoulder,True,0.22636695206165314
catvton,01827_00,logo,False,
catvton,14009_00,collar,True,0.9625358581542969
catvton,14009_00,lapel,False,
catvton,14009_00,cuff,False,
catvton,14009_00,button hole,False,
catvton,14009_00,button,False,
catvton,14009_00,pocket,False,
catvton,14009_00,zipper,False,
catvton,14009_00,sleeve,False,
catvton,14009_00,shoulder,True,1.0025124549865723
catvton,14009_00,logo,False,
catvton,10352_00,collar,True,0.6054609417915344
catvton,10352_00,lapel,False,
catvton,10352_00,cuff,False,
catvton,10352_00,button hole,False,
catvton,10352_00,button,False,
catvton,10352_00,pocket,False,
catvton,10352_00,zipper,False,
catvton,10352_00,sleeve,True,0.48277783393859863
catvton,10352_00,shoulder,True,0.5770131945610046
catvton,10352_00,logo,False,
catvton,10680_00,collar,False,
catvton,10680_00,lapel,False,
catvton,10680_00,cuff,True,0.5761753916740417
catvton,10680_00,button hole,False,
catvton,10680_00,button,False,
catvton,10680_00,pocket,False,
catvton,10680_00,zipper,False,
catvton,10680_00,sleeve,True,0.6065122485160828
catvton,10680_00,shoulder,True,0.5210061073303223
catvton,10680_00,logo,False,
catvton,09949_00,collar,False,
catvton,09949_00,lapel,False,
catvton,09949_00,cuff,False,
catvton,09949_00,button hole,False,
catvton,09949_00,button,False,
catvton,09949_00,pocket,False,
catvton,09949_00,zipper,False,
catvton,09949_00,sleeve,True,0.5839303135871887
catvton,09949_00,shoulder,True,0.5955440998077393
catvton,09949_00,logo,False,
catvton,09412_00,collar,False,
catvton,09412_00,lapel,False,
catvton,09412_00,cuff,False,
catvton,09412_00,button hole,False,
catvton,09412_00,button,False,
catvton,09412_00,pocket,False,
catvton,09412_00,zipper,False,
catvton,09412_00,sleeve,True,0.34747937321662903
catvton,09412_00,shoulder,True,0.6308341026306152
catvton,09412_00,logo,False,
catvton,14189_00,collar,False,
catvton,14189_00,lapel,False,
catvton,14189_00,cuff,False,
catvton,14189_00,button hole,False,
catvton,14189_00,button,False,
catvton,14189_00,pocket,False,
catvton,14189_00,zipper,False,
catvton,14189_00,sleeve,True,0.23742708563804626
catvton,14189_00,shoulder,True,0.2409934252500534
catvton,14189_00,logo,False,
catvton,04562_00,collar,True,0.7685235738754272
catvton,04562_00,lapel,False,
catvton,04562_00,cuff,False,
catvton,04562_00,button hole,False,
catvton,04562_00,button,False,
catvton,04562_00,pocket,False,
catvton,04562_00,zipper,False,
catvton,04562_00,sleeve,True,0.41620326042175293
catvton,04562_00,shoulder,True,0.5453901886940002
catvton,04562_00,logo,False,
catvton,07825_00,collar,True,0.38248759508132935
catvton,07825_00,lapel,False,
catvton,07825_00,cuff,True,0.3246045708656311
catvton,07825_00,button hole,False,
catvton,07825_00,button,False,
catvton,07825_00,pocket,False,
catvton,07825_00,zipper,False,
catvton,07825_00,sleeve,True,0.4322468936443329
catvton,07825_00,shoulder,True,0.44794681668281555
catvton,07825_00,logo,False,
catvton,12362_00,collar,False,
catvton,12362_00,lapel,False,
catvton,12362_00,cuff,False,
catvton,12362_00,button hole,False,
catvton,12362_00,button,False,
catvton,12362_00,pocket,False,
catvton,12362_00,zipper,False,
catvton,12362_00,sleeve,True,0.260794460773468
catvton,12362_00,shoulder,True,0.25058162212371826
catvton,12362_00,logo,True,0.3106479346752167
catvton,11206_00,collar,False,
catvton,11206_00,lapel,False,
catvton,11206_00,cuff,False,
catvton,11206_00,button hole,False,
catvton,11206_00,button,False,
catvton,11206_00,pocket,False,
catvton,11206_00,zipper,False,
catvton,11206_00,sleeve,True,0.5362851619720459
catvton,11206_00,shoulder,True,0.44836971163749695
catvton,11206_00,logo,False,
catvton,06978_00,collar,False,
catvton,06978_00,lapel,False,
catvton,06978_00,cuff,False,
catvton,06978_00,button hole,False,
catvton,06978_00,button,False,
catvton,06978_00,pocket,False,
catvton,06978_00,zipper,False,
catvton,06978_00,sleeve,True,0.36238205432891846
catvton,06978_00,shoulder,True,0.39054250717163086
catvton,06978_00,logo,False,
catvton,02743_00,collar,True,0.3988608419895172
catvton,02743_00,lapel,False,
catvton,02743_00,cuff,True,0.2540287971496582
catvton,02743_00,button hole,False,
catvton,02743_00,button,False,
catvton,02743_00,pocket,False,
catvton,02743_00,zipper,False,
catvton,02743_00,sleeve,True,0.3401503562927246
catvton,02743_00,shoulder,True,0.3522341847419739
catvton,02743_00,logo,True,0.3790041506290436
catvton,10265_00,collar,False,
catvton,10265_00,lapel,False,
catvton,10265_00,cuff,False,
catvton,10265_00,button hole,False,
catvton,10265_00,button,False,
catvton,10265_00,pocket,False,
catvton,10265_00,zipper,False,
catvton,10265_00,sleeve,False,
catvton,10265_00,shoulder,True,0.6763157844543457
catvton,10265_00,logo,False,
catvton,09215_00,collar,True,0.3078095018863678
catvton,09215_00,lapel,False,
catvton,09215_00,cuff,False,
catvton,09215_00,button hole,False,
catvton,09215_00,button,False,
catvton,09215_00,pocket,False,
catvton,09215_00,zipper,False,
catvton,09215_00,sleeve,True,0.3928167223930359
catvton,09215_00,shoulder,True,0.35463231801986694
catvton,09215_00,logo,False,
catvton,07396_00,collar,False,
catvton,07396_00,lapel,False,
catvton,07396_00,cuff,False,
catvton,07396_00,button hole,False,
catvton,07396_00,button,False,
catvton,07396_00,pocket,False,
catvton,07396_00,zipper,False,
catvton,07396_00,sleeve,True,0.6094062924385071
catvton,07396_00,shoulder,True,0.6725290417671204
catvton,07396_00,logo,False,
catvton,06192_00,collar,True,0.46627798676490784
catvton,06192_00,lapel,False,
catvton,06192_00,cuff,True,0.2568678557872772
catvton,06192_00,button hole,False,
catvton,06192_00,button,False,
catvton,06192_00,pocket,False,
catvton,06192_00,zipper,False,
catvton,06192_00,sleeve,True,0.38811755180358887
catvton,06192_00,shoulder,True,0.49818187952041626
catvton,06192_00,logo,False,
catvton,11892_00,collar,False,
catvton,11892_00,lapel,False,
catvton,11892_00,cuff,False,
catvton,11892_00,button hole,False,
catvton,11892_00,button,False,
catvton,11892_00,pocket,False,
catvton,11892_00,zipper,False,
catvton,11892_00,sleeve,False,
catvton,11892_00,shoulder,True,0.523767352104187
catvton,11892_00,logo,False,
catvton,11994_00,collar,True,0.5854958295822144
catvton,11994_00,lapel,False,
catvton,11994_00,cuff,False,
catvton,11994_00,button hole,False,
catvton,11994_00,button,True,0.657827615737915
catvton,11994_00,pocket,False,
catvton,11994_00,zipper,False,
catvton,11994_00,sleeve,True,0.5028075575828552
catvton,11994_00,shoulder,True,0.55207359790802
catvton,11994_00,logo,False,
catvton,03950_00,collar,False,
catvton,03950_00,lapel,False,
catvton,03950_00,cuff,False,
catvton,03950_00,button hole,False,
catvton,03950_00,button,False,
catvton,03950_00,pocket,False,
catvton,03950_00,zipper,False,
catvton,03950_00,sleeve,True,0.39700257778167725
catvton,03950_00,shoulder,True,0.35753947496414185
catvton,03950_00,logo,False,
catvton,01832_00,collar,True,0.18737319111824036
catvton,01832_00,lapel,False,
catvton,01832_00,cuff,False,
catvton,01832_00,button hole,False,
catvton,01832_00,button,False,
catvton,01832_00,pocket,False,
catvton,01832_00,zipper,False,
catvton,01832_00,sleeve,True,0.22497345507144928
catvton,01832_00,shoulder,True,0.2730705142021179
catvton,01832_00,logo,False,
catvton,11054_00,collar,True,0.7440970540046692
catvton,11054_00,lapel,False,
catvton,11054_00,cuff,True,0.9185863137245178
catvton,11054_00,button hole,False,
catvton,11054_00,button,False,
catvton,11054_00,pocket,False,
catvton,11054_00,zipper,False,
catvton,11054_00,sleeve,True,0.9152423739433289
catvton,11054_00,shoulder,True,0.6222996115684509
catvton,11054_00,logo,False,
catvton,02457_00,collar,False,
catvton,02457_00,lapel,False,
catvton,02457_00,cuff,False,
catvton,02457_00,button hole,False,
catvton,02457_00,button,False,
catvton,02457_00,pocket,False,
catvton,02457_00,zipper,False,
catvton,02457_00,sleeve,True,0.4638180136680603
catvton,02457_00,shoulder,True,0.4507335126399994
catvton,02457_00,logo,False,
catvton,14181_00,collar,True,0.29804250597953796
catvton,14181_00,lapel,False,
catvton,14181_00,cuff,True,0.2753423750400543
catvton,14181_00,button hole,False,
catvton,14181_00,button,False,
catvton,14181_00,pocket,False,
catvton,14181_00,zipper,False,
catvton,14181_00,sleeve,True,0.24339556694030762
catvton,14181_00,shoulder,True,0.2883836627006531
catvton,14181_00,logo,True,0.2845108211040497
catvton,08102_00,collar,True,0.6136205792427063
catvton,08102_00,lapel,False,
catvton,08102_00,cuff,False,
catvton,08102_00,button hole,False,
catvton,08102_00,button,False,
catvton,08102_00,pocket,False,
catvton,08102_00,zipper,False,
catvton,08102_00,sleeve,True,0.5432493686676025
catvton,08102_00,shoulder,False,
catvton,08102_00,logo,False,
catvton,01046_00,collar,False,
catvton,01046_00,lapel,False,
catvton,01046_00,cuff,True,0.5165166258811951
catvton,01046_00,button hole,False,
catvton,01046_00,button,True,0.49326589703559875
catvton,01046_00,pocket,False,
catvton,01046_00,zipper,False,
catvton,01046_00,sleeve,True,0.39121130108833313
catvton,01046_00,shoulder,False,
catvton,01046_00,logo,False,
catvton,07847_00,collar,False,
catvton,07847_00,lapel,False,
catvton,07847_00,cuff,False,
catvton,07847_00,button hole,False,
catvton,07847_00,button,False,
catvton,07847_00,pocket,False,
catvton,07847_00,zipper,False,
catvton,07847_00,sleeve,True,0.5686215758323669
catvton,07847_00,shoulder,True,0.5403974652290344
catvton,07847_00,logo,False,
catvton,01503_00,collar,False,
catvton,01503_00,lapel,False,
catvton,01503_00,cuff,False,
catvton,01503_00,button hole,False,
catvton,01503_00,button,False,
catvton,01503_00,pocket,False,
catvton,01503_00,zipper,False,
catvton,01503_00,sleeve,True,0.3801826238632202
catvton,01503_00,shoulder,True,0.49859800934791565
catvton,01503_00,logo,False,
catvton,02400_00,collar,False,
catvton,02400_00,lapel,False,
catvton,02400_00,cuff,False,
catvton,02400_00,button hole,False,
catvton,02400_00,button,False,
catvton,02400_00,pocket,False,
catvton,02400_00,zipper,False,
catvton,02400_00,sleeve,True,0.5938818454742432
catvton,02400_00,shoulder,True,0.6969746351242065
catvton,02400_00,logo,False,
catvton,09487_00,collar,True,0.5896697640419006
catvton,09487_00,lapel,False,
catvton,09487_00,cuff,True,0.6456361413002014
catvton,09487_00,button hole,False,
catvton,09487_00,button,False,
catvton,09487_00,pocket,False,
catvton,09487_00,zipper,False,
catvton,09487_00,sleeve,True,0.7751593589782715
catvton,09487_00,shoulder,True,0.6642168164253235
catvton,09487_00,logo,False,
catvton,08232_00,collar,True,0.35530373454093933
catvton,08232_00,lapel,False,
catvton,08232_00,cuff,False,
catvton,08232_00,button hole,False,
catvton,08232_00,button,True,0.349692165851593
catvton,08232_00,pocket,False,
catvton,08232_00,zipper,False,
catvton,08232_00,sleeve,True,0.5742090940475464
catvton,08232_00,shoulder,True,0.3485220670700073
catvton,08232_00,logo,False,
catvton,13589_00,collar,False,
catvton,13589_00,lapel,False,
catvton,13589_00,cuff,False,
catvton,13589_00,button hole,False,
catvton,13589_00,button,False,
catvton,13589_00,pocket,False,
catvton,13589_00,zipper,False,
catvton,13589_00,sleeve,True,0.4145776629447937
catvton,13589_00,shoulder,True,0.465226948261261
catvton,13589_00,logo,False,
catvton,00013_00,collar,True,0.3370872139930725
catvton,00013_00,lapel,False,
catvton,00013_00,cuff,True,0.29821813106536865
catvton,00013_00,button hole,False,
catvton,00013_00,button,False,
catvton,00013_00,pocket,False,
catvton,00013_00,zipper,False,
catvton,00013_00,sleeve,True,0.30016347765922546
catvton,00013_00,shoulder,True,0.29675060510635376
catvton,00013_00,logo,True,0.3791169822216034
catvton,14471_00,collar,False,
catvton,14471_00,lapel,False,
catvton,14471_00,cuff,True,0.35143575072288513
catvton,14471_00,button hole,False,
catvton,14471_00,button,False,
catvton,14471_00,pocket,False,
catvton,14471_00,zipper,False,
catvton,14471_00,sleeve,True,0.3631349503993988
catvton,14471_00,shoulder,True,0.45476046204566956
catvton,14471_00,logo,False,
catvton,00698_00,collar,False,
catvton,00698_00,lapel,False,
catvton,00698_00,cuff,False,
catvton,00698_00,button hole,False,
catvton,00698_00,button,False,
catvton,00698_00,pocket,False,
catvton,00698_00,zipper,False,
catvton,00698_00,sleeve,True,0.2691066861152649
catvton,00698_00,shoulder,True,0.2950538396835327
catvton,00698_00,logo,False,
catvton,11438_00,collar,False,
catvton,11438_00,lapel,False,
catvton,11438_00,cuff,False,
catvton,11438_00,button hole,False,
catvton,11438_00,button,False,
catvton,11438_00,pocket,False,
catvton,11438_00,zipper,False,
catvton,11438_00,sleeve,True,0.22810645401477814
catvton,11438_00,shoulder,True,0.3301685154438019
catvton,11438_00,logo,False,
catvton,10495_00,collar,False,
catvton,10495_00,lapel,False,
catvton,10495_00,cuff,False,
catvton,10495_00,button hole,False,
catvton,10495_00,button,False,
catvton,10495_00,pocket,False,
catvton,10495_00,zipper,False,
catvton,10495_00,sleeve,False,
catvton,10495_00,shoulder,True,0.45265713334083557
catvton,10495_00,logo,False,
catvton,13140_00,collar,False,
catvton,13140_00,lapel,False,
catvton,13140_00,cuff,True,0.4322449266910553
catvton,13140_00,button hole,False,
catvton,13140_00,button,False,
catvton,13140_00,pocket,False,
catvton,13140_00,zipper,False,
catvton,13140_00,sleeve,True,0.4172004461288452
catvton,13140_00,shoulder,True,0.45763319730758667
catvton,13140_00,logo,False,
catvton,11799_00,collar,True,0.4204777479171753
catvton,11799_00,lapel,False,
catvton,11799_00,cuff,False,
catvton,11799_00,button hole,False,
catvton,11799_00,button,False,
catvton,11799_00,pocket,False,
catvton,11799_00,zipper,False,
catvton,11799_00,sleeve,True,0.5861116647720337
catvton,11799_00,shoulder,True,0.4586155414581299
catvton,11799_00,logo,False,
catvton,01767_00,collar,False,
catvton,01767_00,lapel,False,
catvton,01767_00,cuff,False,
catvton,01767_00,button hole,False,
catvton,01767_00,button,True,0.4578262269496918
catvton,01767_00,pocket,False,
catvton,01767_00,zipper,False,
catvton,01767_00,sleeve,True,0.46950027346611023
catvton,01767_00,shoulder,True,0.4192546308040619
catvton,01767_00,logo,False,
catvton,11556_00,collar,False,
catvton,11556_00,lapel,False,
catvton,11556_00,cuff,True,0.6057850122451782
catvton,11556_00,button hole,False,
catvton,11556_00,button,False,
catvton,11556_00,pocket,False,
catvton,11556_00,zipper,False,
catvton,11556_00,sleeve,True,0.7249640822410583
catvton,11556_00,shoulder,True,0.620373010635376
catvton,11556_00,logo,False,
catvton,14059_00,collar,False,
catvton,14059_00,lapel,False,
catvton,14059_00,cuff,False,
catvton,14059_00,button hole,False,
catvton,14059_00,button,False,
catvton,14059_00,pocket,False,
catvton,14059_00,zipper,False,
catvton,14059_00,sleeve,False,
catvton,14059_00,shoulder,True,0.742274820804596
catvton,14059_00,logo,False,
catvton,13967_00,collar,False,
catvton,13967_00,lapel,False,
catvton,13967_00,cuff,False,
catvton,13967_00,button hole,False,
catvton,13967_00,button,False,
catvton,13967_00,pocket,False,
catvton,13967_00,zipper,False,
catvton,13967_00,sleeve,True,0.477679044008255
catvton,13967_00,shoulder,True,0.5344842672348022
catvton,13967_00,logo,False,
catvton,00827_00,collar,False,
catvton,00827_00,lapel,False,
catvton,00827_00,cuff,False,
catvton,00827_00,button hole,False,
catvton,00827_00,button,False,
catvton,00827_00,pocket,False,
catvton,00827_00,zipper,False,
catvton,00827_00,sleeve,False,
catvton,00827_00,shoulder,True,0.48703432083129883
catvton,00827_00,logo,False,
catvton,03935_00,collar,True,0.586976945400238
catvton,03935_00,lapel,False,
catvton,03935_00,cuff,True,0.6276308298110962
catvton,03935_00,button hole,False,
catvton,03935_00,button,False,
catvton,03935_00,pocket,False,
catvton,03935_00,zipper,False,
catvton,03935_00,sleeve,True,0.5848037600517273
catvton,03935_00,shoulder,True,0.48861801624298096
catvton,03935_00,logo,False,
catvton,10428_00,collar,False,
catvton,10428_00,lapel,False,
catvton,10428_00,cuff,False,
catvton,10428_00,button hole,False,
catvton,10428_00,button,False,
catvton,10428_00,pocket,False,
catvton,10428_00,zipper,False,
catvton,10428_00,sleeve,True,0.48126792907714844
catvton,10428_00,shoulder,True,0.3759153187274933
catvton,10428_00,logo,False,
catvton,13172_00,collar,True,0.299930602312088
catvton,13172_00,lapel,False,
catvton,13172_00,cuff,False,
catvton,13172_00,button hole,False,
catvton,13172_00,button,False,
catvton,13172_00,pocket,False,
catvton,13172_00,zipper,False,
catvton,13172_00,sleeve,True,0.16254840791225433
catvton,13172_00,shoulder,True,0.31318414211273193
catvton,13172_00,logo,True,0.21200630068778992
catvton,12419_00,collar,False,
catvton,12419_00,lapel,False,
catvton,12419_00,cuff,False,
catvton,12419_00,button hole,False,
catvton,12419_00,button,False,
catvton,12419_00,pocket,False,
catvton,12419_00,zipper,False,
catvton,12419_00,sleeve,False,
catvton,12419_00,shoulder,True,0.26694539189338684
catvton,12419_00,logo,False,
catvton,11993_00,collar,True,0.4817848205566406
catvton,11993_00,lapel,False,
catvton,11993_00,cuff,True,0.4116351902484894
catvton,11993_00,button hole,False,
catvton,11993_00,button,False,
catvton,11993_00,pocket,False,
catvton,11993_00,zipper,False,
catvton,11993_00,sleeve,True,0.47614914178848267
catvton,11993_00,shoulder,True,0.47491198778152466
catvton,11993_00,logo,False,
catvton,11766_00,collar,True,0.2506564259529114
catvton,11766_00,lapel,False,
catvton,11766_00,cuff,False,
catvton,11766_00,button hole,False,
catvton,11766_00,button,False,
catvton,11766_00,pocket,False,
catvton,11766_00,zipper,False,
catvton,11766_00,sleeve,True,0.21844857931137085
catvton,11766_00,shoulder,True,0.2072574943304062
catvton,11766_00,logo,False,
catvton,02372_00,collar,False,
catvton,02372_00,lapel,False,
catvton,02372_00,cuff,False,
catvton,02372_00,button hole,False,
catvton,02372_00,button,False,
catvton,02372_00,pocket,False,
catvton,02372_00,zipper,False,
catvton,02372_00,sleeve,False,
catvton,02372_00,shoulder,True,0.3978261649608612
catvton,02372_00,logo,False,
catvton,09751_00,collar,True,0.47338101267814636
catvton,09751_00,lapel,False,
catvton,09751_00,cuff,False,
catvton,09751_00,button hole,False,
catvton,09751_00,button,False,
catvton,09751_00,pocket,True,0.37179434299468994
catvton,09751_00,zipper,False,
catvton,09751_00,sleeve,False,
catvton,09751_00,shoulder,True,0.4570942521095276
catvton,09751_00,logo,False,
catvton,08158_00,collar,True,0.3638453483581543
catvton,08158_00,lapel,False,
catvton,08158_00,cuff,True,0.2766988277435303
catvton,08158_00,button hole,False,
catvton,08158_00,button,False,
catvton,08158_00,pocket,False,
catvton,08158_00,zipper,False,
catvton,08158_00,sleeve,True,0.32153916358947754
catvton,08158_00,shoulder,True,0.3466881811618805
catvton,08158_00,logo,False,
catvton,06730_00,collar,True,0.2612740397453308
catvton,06730_00,lapel,False,
catvton,06730_00,cuff,True,0.3106648027896881
catvton,06730_00,button hole,False,
catvton,06730_00,button,False,
catvton,06730_00,pocket,False,
catvton,06730_00,zipper,False,
catvton,06730_00,sleeve,True,0.3066853880882263
catvton,06730_00,shoulder,True,0.2782362699508667
catvton,06730_00,logo,False,
catvton,06753_00,collar,False,
catvton,06753_00,lapel,False,
catvton,06753_00,cuff,False,
catvton,06753_00,button hole,False,
catvton,06753_00,button,False,
catvton,06753_00,pocket,False,
catvton,06753_00,zipper,False,
catvton,06753_00,sleeve,True,0.34172236919403076
catvton,06753_00,shoulder,True,0.37447232007980347
catvton,06753_00,logo,False,
catvton,01386_00,collar,True,0.33606961369514465
catvton,01386_00,lapel,False,
catvton,01386_00,cuff,False,
catvton,01386_00,button hole,False,
catvton,01386_00,button,False,
catvton,01386_00,pocket,False,
catvton,01386_00,zipper,False,
catvton,01386_00,sleeve,True,0.3272450268268585
catvton,01386_00,shoulder,True,0.3552498519420624
catvton,01386_00,logo,False,
catvton,13126_00,collar,False,
catvton,13126_00,lapel,False,
catvton,13126_00,cuff,False,
catvton,13126_00,button hole,False,
catvton,13126_00,button,False,
catvton,13126_00,pocket,False,
catvton,13126_00,zipper,False,
catvton,13126_00,sleeve,True,0.44381943345069885
catvton,13126_00,shoulder,True,0.3047610819339752
catvton,13126_00,logo,False,
catvton,02810_00,collar,False,
catvton,02810_00,lapel,False,
catvton,02810_00,cuff,False,
catvton,02810_00,button hole,False,
catvton,02810_00,button,False,
catvton,02810_00,pocket,True,0.4104906916618347
catvton,02810_00,zipper,False,
catvton,02810_00,sleeve,True,0.29873767495155334
catvton,02810_00,shoulder,True,0.4737227261066437
catvton,02810_00,logo,False,
catvton,03191_00,collar,False,
catvton,03191_00,lapel,False,
catvton,03191_00,cuff,False,
catvton,03191_00,button hole,False,
catvton,03191_00,button,False,
catvton,03191_00,pocket,False,
catvton,03191_00,zipper,False,
catvton,03191_00,sleeve,True,0.32210665941238403
catvton,03191_00,shoulder,True,0.30471712350845337
catvton,03191_00,logo,False,
catvton,11372_00,collar,False,
catvton,11372_00,lapel,False,
catvton,11372_00,cuff,False,
catvton,11372_00,button hole,False,
catvton,11372_00,button,False,
catvton,11372_00,pocket,False,
catvton,11372_00,zipper,False,
catvton,11372_00,sleeve,True,0.3262801170349121
catvton,11372_00,shoulder,True,0.4180523157119751
catvton,11372_00,logo,False,
catvton,07694_00,collar,True,0.28403377532958984
catvton,07694_00,lapel,False,
catvton,07694_00,cuff,False,
catvton,07694_00,button hole,False,
catvton,07694_00,button,False,
catvton,07694_00,pocket,False,
catvton,07694_00,zipper,False,
catvton,07694_00,sleeve,True,0.23317939043045044
catvton,07694_00,shoulder,True,0.2608538866043091
catvton,07694_00,logo,True,0.29664111137390137
catvton,01900_00,collar,False,
catvton,01900_00,lapel,False,
catvton,01900_00,cuff,True,0.3011344075202942
catvton,01900_00,button hole,False,
catvton,01900_00,button,False,
catvton,01900_00,pocket,False,
catvton,01900_00,zipper,False,
catvton,01900_00,sleeve,True,0.41294774413108826
catvton,01900_00,shoulder,True,0.32645565271377563
catvton,01900_00,logo,False,
catvton,02253_00,collar,False,
catvton,02253_00,lapel,False,
catvton,02253_00,cuff,True,0.5546671748161316
catvton,02253_00,button hole,False,
catvton,02253_00,button,False,
catvton,02253_00,pocket,False,
catvton,02253_00,zipper,False,
catvton,02253_00,sleeve,True,0.45523977279663086
catvton,02253_00,shoulder,True,0.40014082193374634
catvton,02253_00,logo,False,
catvton,04430_00,collar,True,0.36860010027885437
catvton,04430_00,lapel,False,
catvton,04430_00,cuff,False,
catvton,04430_00,button hole,False,
catvton,04430_00,button,False,
catvton,04430_00,pocket,False,
catvton,04430_00,zipper,False,
catvton,04430_00,sleeve,True,0.47070327401161194
catvton,04430_00,shoulder,True,0.34213021397590637
catvton,04430_00,logo,False,
catvton,03991_00,collar,True,0.5008367300033569
catvton,03991_00,lapel,False,
catvton,03991_00,cuff,False,
catvton,03991_00,button hole,False,
catvton,03991_00,button,False,
catvton,03991_00,pocket,False,
catvton,03991_00,zipper,False,
catvton,03991_00,sleeve,False,
catvton,03991_00,shoulder,True,0.4471518397331238
catvton,03991_00,logo,False,
catvton,03608_00,collar,True,0.47669902443885803
catvton,03608_00,lapel,False,
catvton,03608_00,cuff,True,0.47326943278312683
catvton,03608_00,button hole,False,
catvton,03608_00,button,False,
catvton,03608_00,pocket,False,
catvton,03608_00,zipper,False,
catvton,03608_00,sleeve,True,0.5971044301986694
catvton,03608_00,shoulder,True,0.5007700324058533
catvton,03608_00,logo,False,
catvton,12651_00,collar,False,
catvton,12651_00,lapel,False,
catvton,12651_00,cuff,True,0.7758715152740479
catvton,12651_00,button hole,False,
catvton,12651_00,button,False,
catvton,12651_00,pocket,False,
catvton,12651_00,zipper,False,
catvton,12651_00,sleeve,True,0.7279919981956482
catvton,12651_00,shoulder,True,0.7548690438270569
catvton,12651_00,logo,False,
catvton,11600_00,collar,True,0.276572048664093
catvton,11600_00,lapel,False,
catvton,11600_00,cuff,False,
catvton,11600_00,button hole,False,
catvton,11600_00,button,False,
catvton,11600_00,pocket,False,
catvton,11600_00,zipper,False,
catvton,11600_00,sleeve,False,
catvton,11600_00,shoulder,True,0.32469040155410767
catvton,11600_00,logo,False,
catvton,01917_00,collar,True,0.33287885785102844
catvton,01917_00,lapel,False,
catvton,01917_00,cuff,False,
catvton,01917_00,button hole,False,
catvton,01917_00,button,False,
catvton,01917_00,pocket,False,
catvton,01917_00,zipper,False,
catvton,01917_00,sleeve,True,0.3004894554615021
catvton,01917_00,shoulder,True,0.3430498540401459
catvton,01917_00,logo,False,
catvton,01026_00,collar,True,0.5794270634651184
catvton,01026_00,lapel,False,
catvton,01026_00,cuff,True,0.47391700744628906
catvton,01026_00,button hole,False,
catvton,01026_00,button,False,
catvton,01026_00,pocket,False,
catvton,01026_00,zipper,False,
catvton,01026_00,sleeve,True,0.5155460834503174
catvton,01026_00,shoulder,True,0.5533810257911682
catvton,01026_00,logo,False,
catvton,09845_00,collar,False,
catvton,09845_00,lapel,False,
catvton,09845_00,cuff,False,
catvton,09845_00,button hole,False,
catvton,09845_00,button,False,
catvton,09845_00,pocket,False,
catvton,09845_00,zipper,False,
catvton,09845_00,sleeve,False,
catvton,09845_00,shoulder,True,0.3585018813610077
catvton,09845_00,logo,False,
catvton,13517_00,collar,True,0.556361973285675
catvton,13517_00,lapel,False,
catvton,13517_00,cuff,False,
catvton,13517_00,button hole,False,
catvton,13517_00,button,False,
catvton,13517_00,pocket,False,
catvton,13517_00,zipper,False,
catvton,13517_00,sleeve,False,
catvton,13517_00,shoulder,True,0.49967917799949646
catvton,13517_00,logo,False,
catvton,02388_00,collar,True,0.396969199180603
catvton,02388_00,lapel,False,
catvton,02388_00,cuff,False,
catvton,02388_00,button hole,False,
catvton,02388_00,button,False,
catvton,02388_00,pocket,False,
catvton,02388_00,zipper,False,
catvton,02388_00,sleeve,True,0.49968230724334717
catvton,02388_00,shoulder,True,0.4728950262069702
catvton,02388_00,logo,False,
catvton,12365_00,collar,False,
catvton,12365_00,lapel,False,
catvton,12365_00,cuff,False,
catvton,12365_00,button hole,False,
catvton,12365_00,button,False,
catvton,12365_00,pocket,False,
catvton,12365_00,zipper,False,
catvton,12365_00,sleeve,False,
catvton,12365_00,shoulder,True,0.2885943651199341
catvton,12365_00,logo,False,
catvton,12572_00,collar,False,
catvton,12572_00,lapel,False,
catvton,12572_00,cuff,False,
catvton,12572_00,button hole,False,
catvton,12572_00,button,False,
catvton,12572_00,pocket,False,
catvton,12572_00,zipper,False,
catvton,12572_00,sleeve,True,0.5613787770271301
catvton,12572_00,shoulder,True,0.6858867406845093
catvton,12572_00,logo,False,
idm,02180_00,collar,True,0.46483659744262695
idm,02180_00,lapel,False,
idm,02180_00,cuff,False,
idm,02180_00,button hole,False,
idm,02180_00,button,False,
idm,02180_00,pocket,False,
idm,02180_00,zipper,False,
idm,02180_00,sleeve,True,0.4316674768924713
idm,02180_00,shoulder,True,0.39068350195884705
idm,02180_00,logo,True,0.47858384251594543
idm,07150_00,collar,True,0.3130797743797302
idm,07150_00,lapel,False,
idm,07150_00,cuff,False,
idm,07150_00,button hole,False,
idm,07150_00,button,False,
idm,07150_00,pocket,False,
idm,07150_00,zipper,False,
idm,07150_00,sleeve,True,0.28360697627067566
idm,07150_00,shoulder,True,0.2340199053287506
idm,07150_00,logo,False,
idm,00401_00,collar,True,0.5224050283432007
idm,00401_00,lapel,False,
idm,00401_00,cuff,True,0.2930043339729309
idm,00401_00,button hole,False,
idm,00401_00,button,False,
idm,00401_00,pocket,False,
idm,00401_00,zipper,False,
idm,00401_00,sleeve,True,0.3135428726673126
idm,00401_00,shoulder,False,
idm,00401_00,logo,False,
idm,00494_00,collar,False,
idm,00494_00,lapel,False,
idm,00494_00,cuff,True,0.22268104553222656
idm,00494_00,button hole,False,
idm,00494_00,button,False,
idm,00494_00,pocket,False,
idm,00494_00,zipper,False,
idm,00494_00,sleeve,True,0.4749819338321686
idm,00494_00,shoulder,False,
idm,00494_00,logo,True,0.4379264712333679
idm,02336_00,collar,False,
idm,02336_00,lapel,False,
idm,02336_00,cuff,False,
idm,02336_00,button hole,False,
idm,02336_00,button,False,
idm,02336_00,pocket,False,
idm,02336_00,zipper,False,
idm,02336_00,sleeve,False,
idm,02336_00,shoulder,True,0.453772634267807
idm,02336_00,logo,False,
idm,10731_00,collar,True,0.3015521764755249
idm,10731_00,lapel,False,
idm,10731_00,cuff,False,
idm,10731_00,button hole,False,
idm,10731_00,button,False,
idm,10731_00,pocket,False,
idm,10731_00,zipper,False,
idm,10731_00,sleeve,True,0.3268622159957886
idm,10731_00,shoulder,True,0.3204070031642914
idm,10731_00,logo,False,
idm,07212_00,collar,False,
idm,07212_00,lapel,False,
idm,07212_00,cuff,True,0.1443031281232834
idm,07212_00,button hole,False,
idm,07212_00,button,True,0.40653476119041443
idm,07212_00,pocket,False,
idm,07212_00,zipper,False,
idm,07212_00,sleeve,True,0.3950296640396118
idm,07212_00,shoulder,True,0.40874695777893066
idm,07212_00,logo,False,
idm,05544_00,collar,True,0.3553978502750397
idm,05544_00,lapel,False,
idm,05544_00,cuff,False,
idm,05544_00,button hole,False,
idm,05544_00,button,False,
idm,05544_00,pocket,False,
idm,05544_00,zipper,False,
idm,05544_00,sleeve,False,
idm,05544_00,shoulder,False,
idm,05544_00,logo,False,
idm,13988_00,collar,False,
idm,13988_00,lapel,False,
idm,13988_00,cuff,False,
idm,13988_00,button hole,False,
idm,13988_00,button,False,
idm,13988_00,pocket,False,
idm,13988_00,zipper,False,
idm,13988_00,sleeve,True,0.46317189931869507
idm,13988_00,shoulder,True,0.5511628985404968
idm,13988_00,logo,False,
idm,12661_00,collar,False,
idm,12661_00,lapel,False,
idm,12661_00,cuff,False,
idm,12661_00,button hole,False,
idm,12661_00,button,False,
idm,12661_00,pocket,False,
idm,12661_00,zipper,False,
idm,12661_00,sleeve,True,0.33973926305770874
idm,12661_00,shoulder,True,0.26687315106391907
idm,12661_00,logo,False,
idm,05329_00,collar,False,
idm,05329_00,lapel,False,
idm,05329_00,cuff,False,
idm,05329_00,button hole,False,
idm,05329_00,button,False,
idm,05329_00,pocket,False,
idm,05329_00,zipper,False,
idm,05329_00,sleeve,True,0.3960544466972351
idm,05329_00,shoulder,True,0.41239723563194275
idm,05329_00,logo,False,
idm,01877_00,collar,True,0.6318638324737549
idm,01877_00,lapel,False,
idm,01877_00,cuff,False,
idm,01877_00,button hole,False,
idm,01877_00,button,False,
idm,01877_00,pocket,False,
idm,01877_00,zipper,False,
idm,01877_00,sleeve,True,0.40908142924308777
idm,01877_00,shoulder,True,0.4365684688091278
idm,01877_00,logo,False,
idm,00272_00,collar,False,
idm,00272_00,lapel,False,
idm,00272_00,cuff,False,
idm,00272_00,button hole,False,
idm,00272_00,button,False,
idm,00272_00,pocket,False,
idm,00272_00,zipper,False,
idm,00272_00,sleeve,False,
idm,00272_00,shoulder,True,0.43234822154045105
idm,00272_00,logo,False,
idm,09940_00,collar,False,
idm,09940_00,lapel,False,
idm,09940_00,cuff,False,
idm,09940_00,button hole,False,
idm,09940_00,button,False,
idm,09940_00,pocket,False,
idm,09940_00,zipper,False,
idm,09940_00,sleeve,False,
idm,09940_00,shoulder,True,0.3649892508983612
idm,09940_00,logo,False,
idm,10657_00,collar,False,
idm,10657_00,lapel,False,
idm,10657_00,cuff,True,0.6015217304229736
idm,10657_00,button hole,False,
idm,10657_00,button,False,
idm,10657_00,pocket,False,
idm,10657_00,zipper,False,
idm,10657_00,sleeve,True,0.48968634009361267
idm,10657_00,shoulder,True,0.5115463733673096
idm,10657_00,logo,False,
idm,05156_00,collar,True,0.3384833335876465
idm,05156_00,lapel,False,
idm,05156_00,cuff,True,0.2814376950263977
idm,05156_00,button hole,False,
idm,05156_00,button,False,
idm,05156_00,pocket,False,
idm,05156_00,zipper,False,
idm,05156_00,sleeve,True,0.3103601336479187
idm,05156_00,shoulder,True,0.2969413995742798
idm,05156_00,logo,False,
idm,07599_00,collar,True,0.9836603999137878
idm,07599_00,lapel,False,
idm,07599_00,cuff,False,
idm,07599_00,button hole,False,
idm,07599_00,button,False,
idm,07599_00,pocket,False,
idm,07599_00,zipper,False,
idm,07599_00,sleeve,False,
idm,07599_00,shoulder,True,0.847261905670166
idm,07599_00,logo,False,
idm,04847_00,collar,True,0.740656852722168
idm,04847_00,lapel,False,
idm,04847_00,cuff,False,
idm,04847_00,button hole,False,
idm,04847_00,button,False,
idm,04847_00,pocket,False,
idm,04847_00,zipper,False,
idm,04847_00,sleeve,True,0.5615102052688599
idm,04847_00,shoulder,False,
idm,04847_00,logo,True,0.7101970314979553
idm,07707_00,collar,False,
idm,07707_00,lapel,False,
idm,07707_00,cuff,False,
idm,07707_00,button hole,False,
idm,07707_00,button,False,
idm,07707_00,pocket,False,
idm,07707_00,zipper,False,
idm,07707_00,sleeve,False,
idm,07707_00,shoulder,True,0.26905590295791626
idm,07707_00,logo,False,
idm,04944_00,collar,True,0.5396468043327332
idm,04944_00,lapel,False,
idm,04944_00,cuff,False,
idm,04944_00,button hole,False,
idm,04944_00,button,False,
idm,04944_00,pocket,False,
idm,04944_00,zipper,False,
idm,04944_00,sleeve,True,0.2767741084098816
idm,04944_00,shoulder,True,0.6273482441902161
idm,04944_00,logo,False,
idm,09067_00,collar,False,
idm,09067_00,lapel,False,
idm,09067_00,cuff,True,0.1174706295132637
idm,09067_00,button hole,False,
idm,09067_00,button,True,0.24240979552268982
idm,09067_00,pocket,False,
idm,09067_00,zipper,False,
idm,09067_00,sleeve,True,0.1676936149597168
idm,09067_00,shoulder,True,0.23063944280147552
idm,09067_00,logo,False,
idm,11001_00,collar,False,
idm,11001_00,lapel,False,
idm,11001_00,cuff,False,
idm,11001_00,button hole,False,
idm,11001_00,button,False,
idm,11001_00,pocket,False,
idm,11001_00,zipper,False,
idm,11001_00,sleeve,True,0.41678938269615173
idm,11001_00,shoulder,True,0.3373248279094696
idm,11001_00,logo,False,
idm,10843_00,collar,False,
idm,10843_00,lapel,False,
idm,10843_00,cuff,False,
idm,10843_00,button hole,False,
idm,10843_00,button,False,
idm,10843_00,pocket,False,
idm,10843_00,zipper,False,
idm,10843_00,sleeve,True,0.31858426332473755
idm,10843_00,shoulder,True,0.3323881924152374
idm,10843_00,logo,False,
idm,13491_00,collar,False,
idm,13491_00,lapel,False,
idm,13491_00,cuff,False,
idm,13491_00,button hole,False,
idm,13491_00,button,False,
idm,13491_00,pocket,False,
idm,13491_00,zipper,False,
idm,13491_00,sleeve,True,0.21202242374420166
idm,13491_00,shoulder,True,0.2954375147819519
idm,13491_00,logo,True,0.47102075815200806
idm,07965_00,collar,True,0.15170760452747345
idm,07965_00,lapel,False,
idm,07965_00,cuff,True,0.42740342020988464
idm,07965_00,button hole,False,
idm,07965_00,button,False,
idm,07965_00,pocket,False,
idm,07965_00,zipper,False,
idm,07965_00,sleeve,True,0.22428740561008453
idm,07965_00,shoulder,True,0.1819859892129898
idm,07965_00,logo,False,
idm,08314_00,collar,False,
idm,08314_00,lapel,False,
idm,08314_00,cuff,False,
idm,08314_00,button hole,False,
idm,08314_00,button,False,
idm,08314_00,pocket,False,
idm,08314_00,zipper,False,
idm,08314_00,sleeve,True,0.19076958298683167
idm,08314_00,shoulder,True,0.430049329996109
idm,08314_00,logo,False,
idm,01801_00,collar,False,
idm,01801_00,lapel,False,
idm,01801_00,cuff,False,
idm,01801_00,button hole,False,
idm,01801_00,button,False,
idm,01801_00,pocket,False,
idm,01801_00,zipper,False,
idm,01801_00,sleeve,False,
idm,01801_00,shoulder,True,0.32226017117500305
idm,01801_00,logo,False,
idm,12749_00,collar,False,
idm,12749_00,lapel,False,
idm,12749_00,cuff,False,
idm,12749_00,button hole,False,
idm,12749_00,button,False,
idm,12749_00,pocket,False,
idm,12749_00,zipper,False,
idm,12749_00,sleeve,True,0.33249205350875854
idm,12749_00,shoulder,True,0.2646399140357971
idm,12749_00,logo,False,
idm,01994_00,collar,False,
idm,01994_00,lapel,False,
idm,01994_00,cuff,False,
idm,01994_00,button hole,False,
idm,01994_00,button,False,
idm,01994_00,pocket,False,
idm,01994_00,zipper,False,
idm,01994_00,sleeve,True,0.2704547941684723
idm,01994_00,shoulder,True,0.3304745554924011
idm,01994_00,logo,False,
idm,04680_00,collar,False,
idm,04680_00,lapel,False,
idm,04680_00,cuff,False,
idm,04680_00,button hole,False,
idm,04680_00,button,True,0.34055906534194946
idm,04680_00,pocket,False,
idm,04680_00,zipper,False,
idm,04680_00,sleeve,False,
idm,04680_00,shoulder,True,0.273925244808197
idm,04680_00,logo,False,
idm,05910_00,collar,False,
idm,05910_00,lapel,False,
idm,05910_00,cuff,False,
idm,05910_00,button hole,False,
idm,05910_00,button,False,
idm,05910_00,pocket,False,
idm,05910_00,zipper,False,
idm,05910_00,sleeve,False,
idm,05910_00,shoulder,True,0.5451074838638306
idm,05910_00,logo,False,
idm,03013_00,collar,True,0.29523107409477234
idm,03013_00,lapel,False,
idm,03013_00,cuff,False,
idm,03013_00,button hole,False,
idm,03013_00,button,False,
idm,03013_00,pocket,False,
idm,03013_00,zipper,False,
idm,03013_00,sleeve,True,0.34048622846603394
idm,03013_00,shoulder,True,0.24575136601924896
idm,03013_00,logo,False,
idm,05961_00,collar,False,
idm,05961_00,lapel,False,
idm,05961_00,cuff,False,
idm,05961_00,button hole,False,
idm,05961_00,button,False,
idm,05961_00,pocket,False,
idm,05961_00,zipper,False,
idm,05961_00,sleeve,True,0.4507247805595398
idm,05961_00,shoulder,True,0.41373488306999207
idm,05961_00,logo,False,
idm,11709_00,collar,True,0.8169594407081604
idm,11709_00,lapel,False,
idm,11709_00,cuff,False,
idm,11709_00,button hole,False,
idm,11709_00,button,False,
idm,11709_00,pocket,False,
idm,11709_00,zipper,False,
idm,11709_00,sleeve,True,0.5681004524230957
idm,11709_00,shoulder,True,0.7594277262687683
idm,11709_00,logo,False,
idm,14651_00,collar,True,0.6481879949569702
idm,14651_00,lapel,False,
idm,14651_00,cuff,True,0.47102853655815125
idm,14651_00,button hole,False,
idm,14651_00,button,False,
idm,14651_00,pocket,False,
idm,14651_00,zipper,False,
idm,14651_00,sleeve,True,0.5143779516220093
idm,14651_00,shoulder,True,0.5775971412658691
idm,14651_00,logo,False,
idm,04699_00,collar,False,
idm,04699_00,lapel,False,
idm,04699_00,cuff,False,
idm,04699_00,button hole,False,
idm,04699_00,button,False,
idm,04699_00,pocket,False,
idm,04699_00,zipper,False,
idm,04699_00,sleeve,True,0.48345327377319336
idm,04699_00,shoulder,True,0.36976271867752075
idm,04699_00,logo,False,
idm,08650_00,collar,False,
idm,08650_00,lapel,False,
idm,08650_00,cuff,False,
idm,08650_00,button hole,False,
idm,08650_00,button,False,
idm,08650_00,pocket,False,
idm,08650_00,zipper,False,
idm,08650_00,sleeve,False,
idm,08650_00,shoulder,True,0.4859117567539215
idm,08650_00,logo,False,
idm,04893_00,collar,False,
idm,04893_00,lapel,False,
idm,04893_00,cuff,False,
idm,04893_00,button hole,False,
idm,04893_00,button,False,
idm,04893_00,pocket,False,
idm,04893_00,zipper,False,
idm,04893_00,sleeve,True,0.47174692153930664
idm,04893_00,shoulder,True,0.4407185912132263
idm,04893_00,logo,False,
idm,12541_00,collar,False,
idm,12541_00,lapel,False,
idm,12541_00,cuff,False,
idm,12541_00,button hole,False,
idm,12541_00,button,False,
idm,12541_00,pocket,False,
idm,12541_00,zipper,False,
idm,12541_00,sleeve,False,
idm,12541_00,shoulder,True,0.42914342880249023
idm,12541_00,logo,False,
idm,04652_00,collar,False,
idm,04652_00,lapel,False,
idm,04652_00,cuff,False,
idm,04652_00,button hole,False,
idm,04652_00,button,False,
idm,04652_00,pocket,False,
idm,04652_00,zipper,False,
idm,04652_00,sleeve,True,0.4034598469734192
idm,04652_00,shoulder,True,0.6782456040382385
idm,04652_00,logo,False,
idm,07884_00,collar,True,0.5567455887794495
idm,07884_00,lapel,False,
idm,07884_00,cuff,False,
idm,07884_00,button hole,False,
idm,07884_00,button,False,
idm,07884_00,pocket,False,
idm,07884_00,zipper,False,
idm,07884_00,sleeve,True,0.3073674738407135
idm,07884_00,shoulder,True,0.411047101020813
idm,07884_00,logo,True,0.4429672360420227
idm,07966_00,collar,False,
idm,07966_00,lapel,False,
idm,07966_00,cuff,False,
idm,07966_00,button hole,False,
idm,07966_00,button,False,
idm,07966_00,pocket,False,
idm,07966_00,zipper,False,
idm,07966_00,sleeve,True,0.32920727133750916
idm,07966_00,shoulder,True,0.37497472763061523
idm,07966_00,logo,False,
idm,14173_00,collar,False,
idm,14173_00,lapel,False,
idm,14173_00,cuff,True,0.5243905782699585
idm,14173_00,button hole,False,
idm,14173_00,button,False,
idm,14173_00,pocket,False,
idm,14173_00,zipper,False,
idm,14173_00,sleeve,True,0.5634989142417908
idm,14173_00,shoulder,True,0.39916878938674927
idm,14173_00,logo,False,
idm,11913_00,collar,False,
idm,11913_00,lapel,False,
idm,11913_00,cuff,False,
idm,11913_00,button hole,False,
idm,11913_00,button,False,
idm,11913_00,pocket,False,
idm,11913_00,zipper,False,
idm,11913_00,sleeve,False,
idm,11913_00,shoulder,True,0.5369850397109985
idm,11913_00,logo,False,
idm,01090_00,collar,True,0.5825112462043762
idm,01090_00,lapel,False,
idm,01090_00,cuff,True,0.2791031301021576
idm,01090_00,button hole,False,
idm,01090_00,button,False,
idm,01090_00,pocket,False,
idm,01090_00,zipper,False,
idm,01090_00,sleeve,True,0.49290016293525696
idm,01090_00,shoulder,True,0.5771754384040833
idm,01090_00,logo,False,
idm,02871_00,collar,True,0.3445168137550354
idm,02871_00,lapel,False,
idm,02871_00,cuff,False,
idm,02871_00,button hole,False,
idm,02871_00,button,False,
idm,02871_00,pocket,False,
idm,02871_00,zipper,False,
idm,02871_00,sleeve,True,0.3000246286392212
idm,02871_00,shoulder,True,0.35863614082336426
idm,02871_00,logo,True,0.3205828368663788
idm,07573_00,collar,False,
idm,07573_00,lapel,False,
idm,07573_00,cuff,False,
idm,07573_00,button hole,False,
idm,07573_00,button,False,
idm,07573_00,pocket,False,
idm,07573_00,zipper,False,
idm,07573_00,sleeve,True,0.39850205183029175
idm,07573_00,shoulder,True,0.4188981056213379
idm,07573_00,logo,False,
idm,06939_00,collar,True,0.4068009853363037
idm,06939_00,lapel,False,
idm,06939_00,cuff,False,
idm,06939_00,button hole,False,
idm,06939_00,button,False,
idm,06939_00,pocket,False,
idm,06939_00,zipper,False,
idm,06939_00,sleeve,True,0.32268327474594116
idm,06939_00,shoulder,True,0.2841031849384308
idm,06939_00,logo,True,0.3420257568359375
idm,08316_00,collar,True,0.28712210059165955
idm,08316_00,lapel,False,
idm,08316_00,cuff,False,
idm,08316_00,button hole,False,
idm,08316_00,button,True,0.23427997529506683
idm,08316_00,pocket,False,
idm,08316_00,zipper,False,
idm,08316_00,sleeve,True,0.17785951495170593
idm,08316_00,shoulder,True,0.27278903126716614
idm,08316_00,logo,False,
idm,02327_00,collar,True,0.6253701448440552
idm,02327_00,lapel,False,
idm,02327_00,cuff,False,
idm,02327_00,button hole,False,
idm,02327_00,button,False,
idm,02327_00,pocket,False,
idm,02327_00,zipper,False,
idm,02327_00,sleeve,False,
idm,02327_00,shoulder,True,0.6342402100563049
idm,02327_00,logo,False,
idm,08149_00,collar,False,
idm,08149_00,lapel,False,
idm,08149_00,cuff,True,0.4133128821849823
idm,08149_00,button hole,False,
idm,08149_00,button,False,
idm,08149_00,pocket,False,
idm,08149_00,zipper,False,
idm,08149_00,sleeve,True,0.4643833041191101
idm,08149_00,shoulder,True,0.3628229796886444
idm,08149_00,logo,False,
idm,11985_00,collar,False,
idm,11985_00,lapel,False,
idm,11985_00,cuff,False,
idm,11985_00,button hole,False,
idm,11985_00,button,False,
idm,11985_00,pocket,False,
idm,11985_00,zipper,False,
idm,11985_00,sleeve,True,0.5264981985092163
idm,11985_00,shoulder,True,0.7499629855155945
idm,11985_00,logo,False,
idm,09912_00,collar,False,
idm,09912_00,lapel,False,
idm,09912_00,cuff,False,
idm,09912_00,button hole,False,
idm,09912_00,button,False,
idm,09912_00,pocket,False,
idm,09912_00,zipper,False,
idm,09912_00,sleeve,True,0.32473957538604736
idm,09912_00,shoulder,True,0.350327730178833
idm,09912_00,logo,False,
idm,01827_00,collar,True,0.2501646876335144
idm,01827_00,lapel,False,
idm,01827_00,cuff,False,
idm,01827_00,button hole,False,
idm,01827_00,button,False,
idm,01827_00,pocket,True,0.19555425643920898
idm,01827_00,zipper,False,
idm,01827_00,sleeve,True,0.16685034334659576
idm,01827_00,shoulder,True,0.18584835529327393
idm,01827_00,logo,False,
idm,14009_00,collar,True,0.6196777820587158
idm,14009_00,lapel,False,
idm,14009_00,cuff,False,
idm,14009_00,button hole,False,
idm,14009_00,button,False,
idm,14009_00,pocket,False,
idm,14009_00,zipper,False,
idm,14009_00,sleeve,False,
idm,14009_00,shoulder,True,0.5969436764717102
idm,14009_00,logo,False,
idm,10352_00,collar,True,0.523366391658783
idm,10352_00,lapel,False,
idm,10352_00,cuff,False,
idm,10352_00,button hole,False,
idm,10352_00,button,False,
idm,10352_00,pocket,False,
idm,10352_00,zipper,False,
idm,10352_00,sleeve,True,0.3683486878871918
idm,10352_00,shoulder,True,0.5102782845497131
idm,10352_00,logo,False,
idm,10680_00,collar,False,
idm,10680_00,lapel,False,
idm,10680_00,cuff,True,0.6245755553245544
idm,10680_00,button hole,False,
idm,10680_00,button,False,
idm,10680_00,pocket,False,
idm,10680_00,zipper,False,
idm,10680_00,sleeve,True,0.6692972183227539
idm,10680_00,shoulder,True,0.579988420009613
idm,10680_00,logo,False,
idm,09949_00,collar,False,
idm,09949_00,lapel,False,
idm,09949_00,cuff,False,
idm,09949_00,button hole,False,
idm,09949_00,button,False,
idm,09949_00,pocket,False,
idm,09949_00,zipper,False,
idm,09949_00,sleeve,True,0.5159292221069336
idm,09949_00,shoulder,True,0.33723756670951843
idm,09949_00,logo,False,
idm,09412_00,collar,False,
idm,09412_00,lapel,False,
idm,09412_00,cuff,False,
idm,09412_00,button hole,False,
idm,09412_00,button,False,
idm,09412_00,pocket,False,
idm,09412_00,zipper,False,
idm,09412_00,sleeve,True,0.21684429049491882
idm,09412_00,shoulder,True,0.31305190920829773
idm,09412_00,logo,False,
idm,14189_00,collar,False,
idm,14189_00,lapel,False,
idm,14189_00,cuff,False,
idm,14189_00,button hole,False,
idm,14189_00,button,False,
idm,14189_00,pocket,False,
idm,14189_00,zipper,False,
idm,14189_00,sleeve,True,0.23125627636909485
idm,14189_00,shoulder,True,0.21474860608577728
idm,14189_00,logo,False,
idm,04562_00,collar,True,0.5057170987129211
idm,04562_00,lapel,False,
idm,04562_00,cuff,False,
idm,04562_00,button hole,False,
idm,04562_00,button,False,
idm,04562_00,pocket,False,
idm,04562_00,zipper,False,
idm,04562_00,sleeve,True,0.3857334852218628
idm,04562_00,shoulder,True,0.43539294600486755
idm,04562_00,logo,False,
idm,07825_00,collar,True,0.25333863496780396
idm,07825_00,lapel,False,
idm,07825_00,cuff,True,0.2567027807235718
idm,07825_00,button hole,False,
idm,07825_00,button,False,
idm,07825_00,pocket,False,
idm,07825_00,zipper,False,
idm,07825_00,sleeve,True,0.31552550196647644
idm,07825_00,shoulder,True,0.2885264754295349
idm,07825_00,logo,False,
idm,12362_00,collar,False,
idm,12362_00,lapel,False,
idm,12362_00,cuff,False,
idm,12362_00,button hole,False,
idm,12362_00,button,False,
idm,12362_00,pocket,False,
idm,12362_00,zipper,False,
idm,12362_00,sleeve,True,0.26241204142570496
idm,12362_00,shoulder,True,0.24015259742736816
idm,12362_00,logo,True,0.26322588324546814
idm,11206_00,collar,False,
idm,11206_00,lapel,False,
idm,11206_00,cuff,False,
idm,11206_00,button hole,False,
idm,11206_00,button,False,
idm,11206_00,pocket,False,
idm,11206_00,zipper,False,
idm,11206_00,sleeve,True,0.2587375342845917
idm,11206_00,shoulder,True,0.2285510003566742
idm,11206_00,logo,False,
idm,06978_00,collar,False,
idm,06978_00,lapel,False,
idm,06978_00,cuff,False,
idm,06978_00,button hole,False,
idm,06978_00,button,False,
idm,06978_00,pocket,False,
idm,06978_00,zipper,False,
idm,06978_00,sleeve,True,0.23762549459934235
idm,06978_00,shoulder,True,0.26138558983802795
idm,06978_00,logo,False,
idm,02743_00,collar,True,0.403570294380188
idm,02743_00,lapel,False,
idm,02743_00,cuff,True,0.2602548599243164
idm,02743_00,button hole,False,
idm,02743_00,button,False,
idm,02743_00,pocket,False,
idm,02743_00,zipper,False,
idm,02743_00,sleeve,True,0.2738538980484009
idm,02743_00,shoulder,True,0.2678242623806
idm,02743_00,logo,True,0.2802068889141083
idm,10265_00,collar,False,
idm,10265_00,lapel,False,
idm,10265_00,cuff,False,
idm,10265_00,button hole,False,
idm,10265_00,button,False,
idm,10265_00,pocket,False,
idm,10265_00,zipper,False,
idm,10265_00,sleeve,False,
idm,10265_00,shoulder,True,0.47726085782051086
idm,10265_00,logo,False,
idm,09215_00,collar,True,0.1789216697216034
idm,09215_00,lapel,False,
idm,09215_00,cuff,False,
idm,09215_00,button hole,False,
idm,09215_00,button,False,
idm,09215_00,pocket,False,
idm,09215_00,zipper,False,
idm,09215_00,sleeve,True,0.15187588334083557
idm,09215_00,shoulder,True,0.17711594700813293
idm,09215_00,logo,False,
idm,07396_00,collar,False,
idm,07396_00,lapel,False,
idm,07396_00,cuff,False,
idm,07396_00,button hole,False,
idm,07396_00,button,False,
idm,07396_00,pocket,False,
idm,07396_00,zipper,False,
idm,07396_00,sleeve,True,0.41702115535736084
idm,07396_00,shoulder,True,0.45016250014305115
idm,07396_00,logo,False,
idm,06192_00,collar,True,0.3654778301715851
idm,06192_00,lapel,False,
idm,06192_00,cuff,True,0.2961438298225403
idm,06192_00,button hole,False,
idm,06192_00,button,False,
idm,06192_00,pocket,False,
idm,06192_00,zipper,False,
idm,06192_00,sleeve,True,0.3950943350791931
idm,06192_00,shoulder,True,0.40633222460746765
idm,06192_00,logo,False,
idm,11892_00,collar,False,
idm,11892_00,lapel,False,
idm,11892_00,cuff,False,
idm,11892_00,button hole,False,
idm,11892_00,button,False,
idm,11892_00,pocket,False,
idm,11892_00,zipper,False,
idm,11892_00,sleeve,False,
idm,11892_00,shoulder,True,0.4485422968864441
idm,11892_00,logo,False,
idm,11994_00,collar,True,0.42116087675094604
idm,11994_00,lapel,False,
idm,11994_00,cuff,False,
idm,11994_00,button hole,False,
idm,11994_00,button,True,0.4063628017902374
idm,11994_00,pocket,False,
idm,11994_00,zipper,False,
idm,11994_00,sleeve,True,0.43327832221984863
idm,11994_00,shoulder,True,0.42030754685401917
idm,11994_00,logo,False,
idm,03950_00,collar,False,
idm,03950_00,lapel,False,
idm,03950_00,cuff,False,
idm,03950_00,button hole,False,
idm,03950_00,button,False,
idm,03950_00,pocket,False,
idm,03950_00,zipper,False,
idm,03950_00,sleeve,True,0.5323061347007751
idm,03950_00,shoulder,True,0.452383428812027
idm,03950_00,logo,False,
idm,01832_00,collar,True,0.15967129170894623
idm,01832_00,lapel,False,
idm,01832_00,cuff,False,
idm,01832_00,button hole,False,
idm,01832_00,button,False,
idm,01832_00,pocket,False,
idm,01832_00,zipper,False,
idm,01832_00,sleeve,True,0.12482296675443649
idm,01832_00,shoulder,True,0.14255940914154053
idm,01832_00,logo,False,
idm,11054_00,collar,True,0.3337714672088623
idm,11054_00,lapel,False,
idm,11054_00,cuff,True,0.6204468607902527
idm,11054_00,button hole,False,
idm,11054_00,button,False,
idm,11054_00,pocket,False,
idm,11054_00,zipper,False,
idm,11054_00,sleeve,True,0.5330415964126587
idm,11054_00,shoulder,True,0.42454373836517334
idm,11054_00,logo,False,
idm,02457_00,collar,False,
idm,02457_00,lapel,False,
idm,02457_00,cuff,False,
idm,02457_00,button hole,False,
idm,02457_00,button,False,
idm,02457_00,pocket,False,
idm,02457_00,zipper,False,
idm,02457_00,sleeve,True,0.4606803059577942
idm,02457_00,shoulder,True,0.4019377529621124
idm,02457_00,logo,False,
idm,14181_00,collar,True,0.2906375825405121
idm,14181_00,lapel,False,
idm,14181_00,cuff,True,0.33184802532196045
idm,14181_00,button hole,False,
idm,14181_00,button,False,
idm,14181_00,pocket,False,
idm,14181_00,zipper,False,
idm,14181_00,sleeve,True,0.30830901861190796
idm,14181_00,shoulder,True,0.22065190970897675
idm,14181_00,logo,True,0.2774081230163574
idm,08102_00,collar,True,0.3121035695075989
idm,08102_00,lapel,False,
idm,08102_00,cuff,False,
idm,08102_00,button hole,False,
idm,08102_00,button,False,
idm,08102_00,pocket,False,
idm,08102_00,zipper,False,
idm,08102_00,sleeve,True,0.3527974784374237
idm,08102_00,shoulder,False,
idm,08102_00,logo,False,
idm,01046_00,collar,False,
idm,01046_00,lapel,False,
idm,01046_00,cuff,True,0.31899797916412354
idm,01046_00,button hole,False,
idm,01046_00,button,True,0.49151745438575745
idm,01046_00,pocket,False,
idm,01046_00,zipper,False,
idm,01046_00,sleeve,True,0.34858438372612
idm,01046_00,shoulder,False,
idm,01046_00,logo,False,
idm,07847_00,collar,False,
idm,07847_00,lapel,False,
idm,07847_00,cuff,False,
idm,07847_00,button hole,False,
idm,07847_00,button,False,
idm,07847_00,pocket,False,
idm,07847_00,zipper,False,
idm,07847_00,sleeve,True,0.39930975437164307
idm,07847_00,shoulder,True,0.27790123224258423
idm,07847_00,logo,False,
idm,01503_00,collar,False,
idm,01503_00,lapel,False,
idm,01503_00,cuff,False,
idm,01503_00,button hole,False,
idm,01503_00,button,False,
idm,01503_00,pocket,False,
idm,01503_00,zipper,False,
idm,01503_00,sleeve,True,0.39078086614608765
idm,01503_00,shoulder,True,0.38495177030563354
idm,01503_00,logo,False,
idm,02400_00,collar,False,
idm,02400_00,lapel,False,
idm,02400_00,cuff,False,
idm,02400_00,button hole,False,
idm,02400_00,button,False,
idm,02400_00,pocket,False,
idm,02400_00,zipper,False,
idm,02400_00,sleeve,True,0.6469765901565552
idm,02400_00,shoulder,True,0.7521237134933472
idm,02400_00,logo,False,
idm,09487_00,collar,True,0.34543943405151367
idm,09487_00,lapel,False,
idm,09487_00,cuff,True,0.3047906160354614
idm,09487_00,button hole,False,
idm,09487_00,button,False,
idm,09487_00,pocket,False,
idm,09487_00,zipper,False,
idm,09487_00,sleeve,True,0.3497113883495331
idm,09487_00,shoulder,True,0.3520069718360901
idm,09487_00,logo,False,
idm,08232_00,collar,True,0.28598448634147644
idm,08232_00,lapel,False,
idm,08232_00,cuff,False,
idm,08232_00,button hole,False,
idm,08232_00,button,True,0.3281456530094147
idm,08232_00,pocket,False,
idm,08232_00,zipper,False,
idm,08232_00,sleeve,True,0.40441858768463135
idm,08232_00,shoulder,True,0.3186573386192322
idm,08232_00,logo,False,
idm,13589_00,collar,False,
idm,13589_00,lapel,False,
idm,13589_00,cuff,False,
idm,13589_00,button hole,False,
idm,13589_00,button,False,
idm,13589_00,pocket,False,
idm,13589_00,zipper,False,
idm,13589_00,sleeve,True,0.4566573202610016
idm,13589_00,shoulder,True,0.5483534336090088
idm,13589_00,logo,False,
idm,00013_00,collar,True,0.29231205582618713
idm,00013_00,lapel,False,
idm,00013_00,cuff,True,0.24462823569774628
idm,00013_00,button hole,False,
idm,00013_00,button,False,
idm,00013_00,pocket,False,
idm,00013_00,zipper,False,
idm,00013_00,sleeve,True,0.2846100628376007
idm,00013_00,shoulder,True,0.24851395189762115
idm,00013_00,logo,True,0.32115888595581055
idm,14471_00,collar,False,
idm,14471_00,lapel,False,
idm,14471_00,cuff,True,0.3961015045642853
idm,14471_00,button hole,False,
idm,14471_00,button,False,
idm,14471_00,pocket,False,
idm,14471_00,zipper,False,
idm,14471_00,sleeve,True,0.3950318992137909
idm,14471_00,shoulder,True,0.5746446251869202
idm,14471_00,logo,False,
idm,00698_00,collar,False,
idm,00698_00,lapel,False,
idm,00698_00,cuff,False,
idm,00698_00,button hole,False,
idm,00698_00,button,False,
idm,00698_00,pocket,False,
idm,00698_00,zipper,False,
idm,00698_00,sleeve,True,0.24235983192920685
idm,00698_00,shoulder,True,0.19739891588687897
idm,00698_00,logo,False,
idm,11438_00,collar,False,
idm,11438_00,lapel,False,
idm,11438_00,cuff,False,
idm,11438_00,button hole,False,
idm,11438_00,button,False,
idm,11438_00,pocket,False,
idm,11438_00,zipper,False,
idm,11438_00,sleeve,True,0.3051176071166992
idm,11438_00,shoulder,True,0.3434002101421356
idm,11438_00,logo,False,
idm,10495_00,collar,False,
idm,10495_00,lapel,False,
idm,10495_00,cuff,False,
idm,10495_00,button hole,False,
idm,10495_00,button,False,
idm,10495_00,pocket,False,
idm,10495_00,zipper,False,
idm,10495_00,sleeve,False,
idm,10495_00,shoulder,True,0.5722542405128479
idm,10495_00,logo,False,
idm,13140_00,collar,False,
idm,13140_00,lapel,False,
idm,13140_00,cuff,True,0.4843580424785614
idm,13140_00,button hole,False,
idm,13140_00,button,False,
idm,13140_00,pocket,False,
idm,13140_00,zipper,False,
idm,13140_00,sleeve,True,0.47569072246551514
idm,13140_00,shoulder,True,0.6837472915649414
idm,13140_00,logo,False,
idm,11799_00,collar,True,0.45680510997772217
idm,11799_00,lapel,False,
idm,11799_00,cuff,False,
idm,11799_00,button hole,False,
idm,11799_00,button,False,
idm,11799_00,pocket,False,
idm,11799_00,zipper,False,
idm,11799_00,sleeve,True,0.572263777256012
idm,11799_00,shoulder,True,0.46495571732521057
idm,11799_00,logo,False,
idm,01767_00,collar,False,
idm,01767_00,lapel,False,
idm,01767_00,cuff,False,
idm,01767_00,button hole,False,
idm,01767_00,button,True,0.41973501443862915
idm,01767_00,pocket,False,
idm,01767_00,zipper,False,
idm,01767_00,sleeve,True,0.3322289288043976
idm,01767_00,shoulder,True,0.38533249497413635
idm,01767_00,logo,False,
idm,11556_00,collar,False,
idm,11556_00,lapel,False,
idm,11556_00,cuff,True,0.5182033777236938
idm,11556_00,button hole,False,
idm,11556_00,button,False,
idm,11556_00,pocket,False,
idm,11556_00,zipper,False,
idm,11556_00,sleeve,True,0.5134475827217102
idm,11556_00,shoulder,True,0.4988750219345093
idm,11556_00,logo,False,
idm,14059_00,collar,False,
idm,14059_00,lapel,False,
idm,14059_00,cuff,False,
idm,14059_00,button hole,False,
idm,14059_00,button,False,
idm,14059_00,pocket,False,
idm,14059_00,zipper,False,
idm,14059_00,sleeve,False,
idm,14059_00,shoulder,True,0.5758858919143677
idm,14059_00,logo,False,
idm,13967_00,collar,False,
idm,13967_00,lapel,False,
idm,13967_00,cuff,False,
idm,13967_00,button hole,False,
idm,13967_00,button,False,
idm,13967_00,pocket,False,
idm,13967_00,zipper,False,
idm,13967_00,sleeve,True,0.25258955359458923
idm,13967_00,shoulder,True,0.3383573889732361
idm,13967_00,logo,False,
idm,00827_00,collar,False,
idm,00827_00,lapel,False,
idm,00827_00,cuff,False,
idm,00827_00,button hole,False,
idm,00827_00,button,False,
idm,00827_00,pocket,False,
idm,00827_00,zipper,False,
idm,00827_00,sleeve,False,
idm,00827_00,shoulder,True,0.3393716812133789
idm,00827_00,logo,False,
idm,03935_00,collar,True,0.33290761709213257
idm,03935_00,lapel,False,
idm,03935_00,cuff,True,0.32808929681777954
idm,03935_00,button hole,False,
idm,03935_00,button,False,
idm,03935_00,pocket,False,
idm,03935_00,zipper,False,
idm,03935_00,sleeve,True,0.3103295564651489
idm,03935_00,shoulder,True,0.25253263115882874
idm,03935_00,logo,False,
idm,10428_00,collar,False,
idm,10428_00,lapel,False,
idm,10428_00,cuff,False,
idm,10428_00,button hole,False,
idm,10428_00,button,False,
idm,10428_00,pocket,False,
idm,10428_00,zipper,False,
idm,10428_00,sleeve,True,0.30151185393333435
idm,10428_00,shoulder,True,0.2516767680644989
idm,10428_00,logo,False,
idm,13172_00,collar,True,0.36270827054977417
idm,13172_00,lapel,False,
idm,13172_00,cuff,False,
idm,13172_00,button hole,False,
idm,13172_00,button,False,
idm,13172_00,pocket,False,
idm,13172_00,zipper,False,
idm,13172_00,sleeve,True,0.2122337967157364
idm,13172_00,shoulder,True,0.2915500998497009
idm,13172_00,logo,True,0.27233168482780457
idm,12419_00,collar,False,
idm,12419_00,lapel,False,
idm,12419_00,cuff,False,
idm,12419_00,button hole,False,
idm,12419_00,button,False,
idm,12419_00,pocket,False,
idm,12419_00,zipper,False,
idm,12419_00,sleeve,False,
idm,12419_00,shoulder,True,0.20273736119270325
idm,12419_00,logo,False,
idm,11993_00,collar,True,0.27028292417526245
idm,11993_00,lapel,False,
idm,11993_00,cuff,True,0.2813529968261719
idm,11993_00,button hole,False,
idm,11993_00,button,False,
idm,11993_00,pocket,False,
idm,11993_00,zipper,False,
idm,11993_00,sleeve,True,0.3138931095600128
idm,11993_00,shoulder,True,0.3290739059448242
idm,11993_00,logo,False,
idm,11766_00,collar,True,0.3548901081085205
idm,11766_00,lapel,False,
idm,11766_00,cuff,False,
idm,11766_00,button hole,False,
idm,11766_00,button,False,
idm,11766_00,pocket,False,
idm,11766_00,zipper,False,
idm,11766_00,sleeve,True,0.2246665507555008
idm,11766_00,shoulder,True,0.29504626989364624
idm,11766_00,logo,False,
idm,02372_00,collar,False,
idm,02372_00,lapel,False,
idm,02372_00,cuff,False,
idm,02372_00,button hole,False,
idm,02372_00,button,False,
idm,02372_00,pocket,False,
idm,02372_00,zipper,False,
idm,02372_00,sleeve,False,
idm,02372_00,shoulder,True,0.41874003410339355
idm,02372_00,logo,False,
idm,09751_00,collar,True,0.38193589448928833
idm,09751_00,lapel,False,
idm,09751_00,cuff,False,
idm,09751_00,button hole,False,
idm,09751_00,button,False,
idm,09751_00,pocket,True,0.5678255558013916
idm,09751_00,zipper,False,
idm,09751_00,sleeve,False,
idm,09751_00,shoulder,True,0.40521982312202454
idm,09751_00,logo,False,
idm,08158_00,collar,True,0.2372635304927826
idm,08158_00,lapel,False,
idm,08158_00,cuff,True,0.41601255536079407
idm,08158_00,button hole,False,
idm,08158_00,button,False,
idm,08158_00,pocket,False,
idm,08158_00,zipper,False,
idm,08158_00,sleeve,True,0.5235207676887512
idm,08158_00,shoulder,True,0.32681065797805786
idm,08158_00,logo,False,
idm,06730_00,collar,True,0.4075299799442291
idm,06730_00,lapel,False,
idm,06730_00,cuff,True,0.375993013381958
idm,06730_00,button hole,False,
idm,06730_00,button,False,
idm,06730_00,pocket,False,
idm,06730_00,zipper,False,
idm,06730_00,sleeve,True,0.46558061242103577
idm,06730_00,shoulder,True,0.41162925958633423
idm,06730_00,logo,False,
idm,06753_00,collar,False,
idm,06753_00,lapel,False,
idm,06753_00,cuff,False,
idm,06753_00,button hole,False,
idm,06753_00,button,False,
idm,06753_00,pocket,False,
idm,06753_00,zipper,False,
idm,06753_00,sleeve,True,0.3366698920726776
idm,06753_00,shoulder,True,0.2980867028236389
idm,06753_00,logo,False,
idm,01386_00,collar,True,0.36159491539001465
idm,01386_00,lapel,False,
idm,01386_00,cuff,False,
idm,01386_00,button hole,False,
idm,01386_00,button,False,
idm,01386_00,pocket,False,
idm,01386_00,zipper,False,
idm,01386_00,sleeve,True,0.30869239568710327
idm,01386_00,shoulder,True,0.40222543478012085
idm,01386_00,logo,False,
idm,13126_00,collar,False,
idm,13126_00,lapel,False,
idm,13126_00,cuff,False,
idm,13126_00,button hole,False,
idm,13126_00,button,False,
idm,13126_00,pocket,False,
idm,13126_00,zipper,False,
idm,13126_00,sleeve,True,0.16845200955867767
idm,13126_00,shoulder,True,0.1904176026582718
idm,13126_00,logo,False,
idm,02810_00,collar,False,
idm,02810_00,lapel,False,
idm,02810_00,cuff,False,
idm,02810_00,button hole,False,
idm,02810_00,button,False,
idm,02810_00,pocket,True,0.4129738509654999
idm,02810_00,zipper,False,
idm,02810_00,sleeve,True,0.26701855659484863
idm,02810_00,shoulder,True,0.31139075756073
idm,02810_00,logo,False,
idm,03191_00,collar,False,
idm,03191_00,lapel,False,
idm,03191_00,cuff,False,
idm,03191_00,button hole,False,
idm,03191_00,button,False,
idm,03191_00,pocket,False,
idm,03191_00,zipper,False,
idm,03191_00,sleeve,True,0.26718395948410034
idm,03191_00,shoulder,True,0.1747995764017105
idm,03191_00,logo,False,
idm,11372_00,collar,False,
idm,11372_00,lapel,False,
idm,11372_00,cuff,False,
idm,11372_00,button hole,False,
idm,11372_00,button,False,
idm,11372_00,pocket,False,
idm,11372_00,zipper,False,
idm,11372_00,sleeve,True,0.1899602860212326
idm,11372_00,shoulder,True,0.302437424659729
idm,11372_00,logo,False,
idm,07694_00,collar,True,0.41129207611083984
idm,07694_00,lapel,False,
idm,07694_00,cuff,False,
idm,07694_00,button hole,False,
idm,07694_00,button,False,
idm,07694_00,pocket,False,
idm,07694_00,zipper,False,
idm,07694_00,sleeve,True,0.3505898714065552
idm,07694_00,shoulder,True,0.3127693235874176
idm,07694_00,logo,True,0.43171820044517517
idm,01900_00,collar,False,
idm,01900_00,lapel,False,
idm,01900_00,cuff,True,0.3580620586872101
idm,01900_00,button hole,False,
idm,01900_00,button,False,
idm,01900_00,pocket,False,
idm,01900_00,zipper,False,
idm,01900_00,sleeve,True,0.4349374771118164
idm,01900_00,shoulder,True,0.3734200596809387
idm,01900_00,logo,False,
idm,02253_00,collar,False,
idm,02253_00,lapel,False,
idm,02253_00,cuff,True,0.6253591775894165
idm,02253_00,button hole,False,
idm,02253_00,button,False,
idm,02253_00,pocket,False,
idm,02253_00,zipper,False,
idm,02253_00,sleeve,True,0.5548149347305298
idm,02253_00,shoulder,True,0.45608291029930115
idm,02253_00,logo,False,
idm,04430_00,collar,True,0.2569634020328522
idm,04430_00,lapel,False,
idm,04430_00,cuff,False,
idm,04430_00,button hole,False,
idm,04430_00,button,False,
idm,04430_00,pocket,False,
idm,04430_00,zipper,False,
idm,04430_00,sleeve,True,0.2951788902282715
idm,04430_00,shoulder,True,0.22119557857513428
idm,04430_00,logo,False,
idm,03991_00,collar,True,0.4590996503829956
idm,03991_00,lapel,False,
idm,03991_00,cuff,False,
idm,03991_00,button hole,False,
idm,03991_00,button,False,
idm,03991_00,pocket,False,
idm,03991_00,zipper,False,
idm,03991_00,sleeve,False,
idm,03991_00,shoulder,True,0.45365193486213684
idm,03991_00,logo,False,
idm,03608_00,collar,True,0.29460805654525757
idm,03608_00,lapel,False,
idm,03608_00,cuff,True,0.37863340973854065
idm,03608_00,button hole,False,
idm,03608_00,button,False,
idm,03608_00,pocket,False,
idm,03608_00,zipper,False,
idm,03608_00,sleeve,True,0.41254135966300964
idm,03608_00,shoulder,True,0.3062862455844879
idm,03608_00,logo,False,
idm,12651_00,collar,False,
idm,12651_00,lapel,False,
idm,12651_00,cuff,True,0.4306108355522156
idm,12651_00,button hole,False,
idm,12651_00,button,False,
idm,12651_00,pocket,False,
idm,12651_00,zipper,False,
idm,12651_00,sleeve,True,0.49411001801490784
idm,12651_00,shoulder,True,0.5937575697898865
idm,12651_00,logo,False,
idm,11600_00,collar,True,0.20693077147006989
idm,11600_00,lapel,False,
idm,11600_00,cuff,False,
idm,11600_00,button hole,False,
idm,11600_00,button,False,
idm,11600_00,pocket,False,
idm,11600_00,zipper,False,
idm,11600_00,sleeve,False,
idm,11600_00,shoulder,True,0.18432043492794037
idm,11600_00,logo,False,
idm,01917_00,collar,True,0.2950391471385956
idm,01917_00,lapel,False,
idm,01917_00,cuff,False,
idm,01917_00,button hole,False,
idm,01917_00,button,False,
idm,01917_00,pocket,False,
idm,01917_00,zipper,False,
idm,01917_00,sleeve,True,0.2962303161621094
idm,01917_00,shoulder,True,0.3674711287021637
idm,01917_00,logo,False,
idm,01026_00,collar,True,0.5274415016174316
idm,01026_00,lapel,False,
idm,01026_00,cuff,True,0.4288119971752167
idm,01026_00,button hole,False,
idm,01026_00,button,False,
idm,01026_00,pocket,False,
idm,01026_00,zipper,False,
idm,01026_00,sleeve,True,0.44717761874198914
idm,01026_00,shoulder,True,0.5420814156532288
idm,01026_00,logo,False,
idm,09845_00,collar,False,
idm,09845_00,lapel,False,
idm,09845_00,cuff,False,
idm,09845_00,button hole,False,
idm,09845_00,button,False,
idm,09845_00,pocket,False,
idm,09845_00,zipper,False,
idm,09845_00,sleeve,False,
idm,09845_00,shoulder,True,0.5185338854789734
idm,09845_00,logo,False,
idm,13517_00,collar,True,0.5313767194747925
idm,13517_00,lapel,False,
idm,13517_00,cuff,False,
idm,13517_00,button hole,False,
idm,13517_00,button,False,
idm,13517_00,pocket,False,
idm,13517_00,zipper,False,
idm,13517_00,sleeve,False,
idm,13517_00,shoulder,True,0.6310291290283203
idm,13517_00,logo,False,
idm,02388_00,collar,True,0.4361407458782196
idm,02388_00,lapel,False,
idm,02388_00,cuff,False,
idm,02388_00,button hole,False,
idm,02388_00,button,False,
idm,02388_00,pocket,False,
idm,02388_00,zipper,False,
idm,02388_00,sleeve,True,0.5239934921264648
idm,02388_00,shoulder,True,0.44600558280944824
idm,02388_00,logo,False,
idm,12365_00,collar,False,
idm,12365_00,lapel,False,
idm,12365_00,cuff,False,
idm,12365_00,button hole,False,
idm,12365_00,button,False,
idm,12365_00,pocket,False,
idm,12365_00,zipper,False,
idm,12365_00,sleeve,False,
idm,12365_00,shoulder,True,0.2759961187839508
idm,12365_00,logo,False,
idm,12572_00,collar,False,
idm,12572_00,lapel,False,
idm,12572_00,cuff,False,
idm,12572_00,button hole,False,
idm,12572_00,button,False,
idm,12572_00,pocket,False,
idm,12572_00,zipper,False,
idm,12572_00,sleeve,True,0.4183671176433563
idm,12572_00,shoulder,True,0.6908929944038391
idm,12572_00,logo,False,
ootd,02180_00,collar,True,0.35564061999320984
ootd,02180_00,lapel,False,
ootd,02180_00,cuff,False,
ootd,02180_00,button hole,False,
ootd,02180_00,button,False,
ootd,02180_00,pocket,False,
ootd,02180_00,zipper,False,
ootd,02180_00,sleeve,True,0.30236220359802246
ootd,02180_00,shoulder,True,0.33282822370529175
ootd,02180_00,logo,True,0.3216679096221924
ootd,07150_00,collar,True,0.2672203481197357
ootd,07150_00,lapel,False,
ootd,07150_00,cuff,False,
ootd,07150_00,button hole,False,
ootd,07150_00,button,False,
ootd,07150_00,pocket,False,
ootd,07150_00,zipper,False,
ootd,07150_00,sleeve,True,0.26754435896873474
ootd,07150_00,shoulder,True,0.23830434679985046
ootd,07150_00,logo,False,
ootd,00401_00,collar,True,0.3632504940032959
ootd,00401_00,lapel,False,
ootd,00401_00,cuff,True,0.4112887382507324
ootd,00401_00,button hole,False,
ootd,00401_00,button,False,
ootd,00401_00,pocket,False,
ootd,00401_00,zipper,False,
ootd,00401_00,sleeve,True,0.42659375071525574
ootd,00401_00,shoulder,False,
ootd,00401_00,logo,False,
ootd,00494_00,collar,False,
ootd,00494_00,lapel,False,
ootd,00494_00,cuff,True,0.2923886477947235
ootd,00494_00,button hole,False,
ootd,00494_00,button,False,
ootd,00494_00,pocket,False,
ootd,00494_00,zipper,False,
ootd,00494_00,sleeve,True,0.39739301800727844
ootd,00494_00,shoulder,False,
ootd,00494_00,logo,True,0.4262257516384125
ootd,02336_00,collar,False,
ootd,02336_00,lapel,False,
ootd,02336_00,cuff,False,
ootd,02336_00,button hole,False,
ootd,02336_00,button,False,
ootd,02336_00,pocket,False,
ootd,02336_00,zipper,False,
ootd,02336_00,sleeve,False,
ootd,02336_00,shoulder,True,0.552156388759613
ootd,02336_00,logo,False,
ootd,10731_00,collar,True,0.22733427584171295
ootd,10731_00,lapel,False,
ootd,10731_00,cuff,False,
ootd,10731_00,button hole,False,
ootd,10731_00,button,False,
ootd,10731_00,pocket,False,
ootd,10731_00,zipper,False,
ootd,10731_00,sleeve,True,0.24630647897720337
ootd,10731_00,shoulder,True,0.2625281810760498
ootd,10731_00,logo,False,
ootd,07212_00,collar,False,
ootd,07212_00,lapel,False,
ootd,07212_00,cuff,True,0.3032214045524597
ootd,07212_00,button hole,False,
ootd,07212_00,button,True,0.6019865870475769
ootd,07212_00,pocket,False,
ootd,07212_00,zipper,False,
ootd,07212_00,sleeve,True,0.5129133462905884
ootd,07212_00,shoulder,True,0.6393230557441711
ootd,07212_00,logo,False,
ootd,05544_00,collar,True,0.38068702816963196
ootd,05544_00,lapel,False,
ootd,05544_00,cuff,False,
ootd,05544_00,button hole,False,
ootd,05544_00,button,False,
ootd,05544_00,pocket,False,
ootd,05544_00,zipper,False,
ootd,05544_00,sleeve,False,
ootd,05544_00,shoulder,False,
ootd,05544_00,logo,False,
ootd,13988_00,collar,False,
ootd,13988_00,lapel,False,
ootd,13988_00,cuff,False,
ootd,13988_00,button hole,False,
ootd,13988_00,button,False,
ootd,13988_00,pocket,False,
ootd,13988_00,zipper,False,
ootd,13988_00,sleeve,True,0.3019787073135376
ootd,13988_00,shoulder,True,0.40857213735580444
ootd,13988_00,logo,False,
ootd,12661_00,collar,False,
ootd,12661_00,lapel,False,
ootd,12661_00,cuff,False,
ootd,12661_00,button hole,False,
ootd,12661_00,button,False,
ootd,12661_00,pocket,False,
ootd,12661_00,zipper,False,
ootd,12661_00,sleeve,True,0.44594618678092957
ootd,12661_00,shoulder,True,0.6119389533996582
ootd,12661_00,logo,False,
ootd,05329_00,collar,False,
ootd,05329_00,lapel,False,
ootd,05329_00,cuff,False,
ootd,05329_00,button hole,False,
ootd,05329_00,button,False,
ootd,05329_00,pocket,False,
ootd,05329_00,zipper,False,
ootd,05329_00,sleeve,True,0.37599313259124756
ootd,05329_00,shoulder,True,0.4317741096019745
ootd,05329_00,logo,False,
ootd,01877_00,collar,True,0.5950981378555298
ootd,01877_00,lapel,False,
ootd,01877_00,cuff,False,
ootd,01877_00,button hole,False,
ootd,01877_00,button,False,
ootd,01877_00,pocket,False,
ootd,01877_00,zipper,False,
ootd,01877_00,sleeve,True,0.49226999282836914
ootd,01877_00,shoulder,True,0.4817112386226654
ootd,01877_00,logo,False,
ootd,00272_00,collar,False,
ootd,00272_00,lapel,False,
ootd,00272_00,cuff,False,
ootd,00272_00,button hole,False,
ootd,00272_00,button,False,
ootd,00272_00,pocket,False,
ootd,00272_00,zipper,False,
ootd,00272_00,sleeve,False,
ootd,00272_00,shoulder,True,0.2273341417312622
ootd,00272_00,logo,False,
ootd,09940_00,collar,False,
ootd,09940_00,lapel,False,
ootd,09940_00,cuff,False,
ootd,09940_00,button hole,False,
ootd,09940_00,button,False,
ootd,09940_00,pocket,False,
ootd,09940_00,zipper,False,
ootd,09940_00,sleeve,False,
ootd,09940_00,shoulder,True,0.4690398573875427
ootd,09940_00,logo,False,
ootd,10657_00,collar,False,
ootd,10657_00,lapel,False,
ootd,10657_00,cuff,True,0.384383887052536
ootd,10657_00,button hole,False,
ootd,10657_00,button,False,
ootd,10657_00,pocket,False,
ootd,10657_00,zipper,False,
ootd,10657_00,sleeve,True,0.3220788240432739
ootd,10657_00,shoulder,True,0.44870296120643616
ootd,10657_00,logo,False,
ootd,05156_00,collar,True,0.5661287903785706
ootd,05156_00,lapel,False,
ootd,05156_00,cuff,True,0.3390697240829468
ootd,05156_00,button hole,False,
ootd,05156_00,button,False,
ootd,05156_00,pocket,False,
ootd,05156_00,zipper,False,
ootd,05156_00,sleeve,True,0.36024296283721924
ootd,05156_00,shoulder,True,0.42196124792099
ootd,05156_00,logo,False,
ootd,07599_00,collar,True,0.6908348202705383
ootd,07599_00,lapel,False,
ootd,07599_00,cuff,False,
ootd,07599_00,button hole,False,
ootd,07599_00,button,False,
ootd,07599_00,pocket,False,
ootd,07599_00,zipper,False,
ootd,07599_00,sleeve,False,
ootd,07599_00,shoulder,True,0.6286287903785706
ootd,07599_00,logo,False,
ootd,04847_00,collar,True,0.8805404305458069
ootd,04847_00,lapel,False,
ootd,04847_00,cuff,False,
ootd,04847_00,button hole,False,
ootd,04847_00,button,False,
ootd,04847_00,pocket,False,
ootd,04847_00,zipper,False,
ootd,04847_00,sleeve,True,0.5956484079360962
ootd,04847_00,shoulder,False,
ootd,04847_00,logo,True,0.8736884593963623
ootd,07707_00,collar,False,
ootd,07707_00,lapel,False,
ootd,07707_00,cuff,False,
ootd,07707_00,button hole,False,
ootd,07707_00,button,False,
ootd,07707_00,pocket,False,
ootd,07707_00,zipper,False,
ootd,07707_00,sleeve,False,
ootd,07707_00,shoulder,True,0.2852470278739929
ootd,07707_00,logo,False,
ootd,04944_00,collar,True,0.8414344787597656
ootd,04944_00,lapel,False,
ootd,04944_00,cuff,False,
ootd,04944_00,button hole,False,
ootd,04944_00,button,False,
ootd,04944_00,pocket,False,
ootd,04944_00,zipper,False,
ootd,04944_00,sleeve,True,0.5874178409576416
ootd,04944_00,shoulder,True,0.8225909471511841
ootd,04944_00,logo,False,
ootd,09067_00,collar,False,
ootd,09067_00,lapel,False,
ootd,09067_00,cuff,True,0.1632688194513321
ootd,09067_00,button hole,False,
ootd,09067_00,button,True,0.367587685585022
ootd,09067_00,pocket,False,
ootd,09067_00,zipper,False,
ootd,09067_00,sleeve,True,0.2814170718193054
ootd,09067_00,shoulder,True,0.3692804276943207
ootd,09067_00,logo,False,
ootd,11001_00,collar,False,
ootd,11001_00,lapel,False,
ootd,11001_00,cuff,False,
ootd,11001_00,button hole,False,
ootd,11001_00,button,False,
ootd,11001_00,pocket,False,
ootd,11001_00,zipper,False,
ootd,11001_00,sleeve,True,0.3412945866584778
ootd,11001_00,shoulder,True,0.3873109221458435
ootd,11001_00,logo,False,
ootd,10843_00,collar,False,
ootd,10843_00,lapel,False,
ootd,10843_00,cuff,False,
ootd,10843_00,button hole,False,
ootd,10843_00,button,False,
ootd,10843_00,pocket,False,
ootd,10843_00,zipper,False,
ootd,10843_00,sleeve,True,0.5075311064720154
ootd,10843_00,shoulder,True,0.4633807837963104
ootd,10843_00,logo,False,
ootd,13491_00,collar,False,
ootd,13491_00,lapel,False,
ootd,13491_00,cuff,False,
ootd,13491_00,button hole,False,
ootd,13491_00,button,False,
ootd,13491_00,pocket,False,
ootd,13491_00,zipper,False,
ootd,13491_00,sleeve,True,0.2985965609550476
ootd,13491_00,shoulder,True,0.5661495923995972
ootd,13491_00,logo,True,0.6979526877403259
ootd,07965_00,collar,True,0.24185816943645477
ootd,07965_00,lapel,False,
ootd,07965_00,cuff,True,0.5355439782142639
ootd,07965_00,button hole,False,
ootd,07965_00,button,False,
ootd,07965_00,pocket,False,
ootd,07965_00,zipper,False,
ootd,07965_00,sleeve,True,0.2916886508464813
ootd,07965_00,shoulder,True,0.28986674547195435
ootd,07965_00,logo,False,
ootd,08314_00,collar,False,
ootd,08314_00,lapel,False,
ootd,08314_00,cuff,False,
ootd,08314_00,button hole,False,
ootd,08314_00,button,False,
ootd,08314_00,pocket,False,
ootd,08314_00,zipper,False,
ootd,08314_00,sleeve,True,0.24094824492931366
ootd,08314_00,shoulder,True,0.34573298692703247
ootd,08314_00,logo,False,
ootd,01801_00,collar,False,
ootd,01801_00,lapel,False,
ootd,01801_00,cuff,False,
ootd,01801_00,button hole,False,
ootd,01801_00,button,False,
ootd,01801_00,pocket,False,
ootd,01801_00,zipper,False,
ootd,01801_00,sleeve,False,
ootd,01801_00,shoulder,True,0.43925294280052185
ootd,01801_00,logo,False,
ootd,12749_00,collar,False,
ootd,12749_00,lapel,False,
ootd,12749_00,cuff,False,
ootd,12749_00,button hole,False,
ootd,12749_00,button,False,
ootd,12749_00,pocket,False,
ootd,12749_00,zipper,False,
ootd,12749_00,sleeve,True,0.3645176291465759
ootd,12749_00,shoulder,True,0.3542405068874359
ootd,12749_00,logo,False,
ootd,01994_00,collar,False,
ootd,01994_00,lapel,False,
ootd,01994_00,cuff,False,
ootd,01994_00,button hole,False,
ootd,01994_00,button,False,
ootd,01994_00,pocket,False,
ootd,01994_00,zipper,False,
ootd,01994_00,sleeve,True,0.3074965476989746
ootd,01994_00,shoulder,True,0.3185003697872162
ootd,01994_00,logo,False,
ootd,04680_00,collar,False,
ootd,04680_00,lapel,False,
ootd,04680_00,cuff,False,
ootd,04680_00,button hole,False,
ootd,04680_00,button,True,0.30912938714027405
ootd,04680_00,pocket,False,
ootd,04680_00,zipper,False,
ootd,04680_00,sleeve,False,
ootd,04680_00,shoulder,True,0.31410208344459534
ootd,04680_00,logo,False,
ootd,05910_00,collar,False,
ootd,05910_00,lapel,False,
ootd,05910_00,cuff,False,
ootd,05910_00,button hole,False,
ootd,05910_00,button,False,
ootd,05910_00,pocket,False,
ootd,05910_00,zipper,False,
ootd,05910_00,sleeve,False,
ootd,05910_00,shoulder,True,1.0820211172103882
ootd,05910_00,logo,False,
ootd,03013_00,collar,True,0.41547566652297974
ootd,03013_00,lapel,False,
ootd,03013_00,cuff,False,
ootd,03013_00,button hole,False,
ootd,03013_00,button,False,
ootd,03013_00,pocket,False,
ootd,03013_00,zipper,False,
ootd,03013_00,sleeve,True,0.45362427830696106
ootd,03013_00,shoulder,True,0.3892892301082611
ootd,03013_00,logo,False,
ootd,05961_00,collar,False,
ootd,05961_00,lapel,False,
ootd,05961_00,cuff,False,
ootd,05961_00,button hole,False,
ootd,05961_00,button,False,
ootd,05961_00,pocket,False,
ootd,05961_00,zipper,False,
ootd,05961_00,sleeve,True,0.4670516848564148
ootd,05961_00,shoulder,True,0.45245927572250366
ootd,05961_00,logo,False,
ootd,11709_00,collar,True,0.7056000828742981
ootd,11709_00,lapel,False,
ootd,11709_00,cuff,False,
ootd,11709_00,button hole,False,
ootd,11709_00,button,False,
ootd,11709_00,pocket,False,
ootd,11709_00,zipper,False,
ootd,11709_00,sleeve,True,0.760437548160553
ootd,11709_00,shoulder,True,0.7022175192832947
ootd,11709_00,logo,False,
ootd,14651_00,collar,True,0.718778669834137
ootd,14651_00,lapel,False,
ootd,14651_00,cuff,True,0.43028366565704346
ootd,14651_00,button hole,False,
ootd,14651_00,button,False,
ootd,14651_00,pocket,False,
ootd,14651_00,zipper,False,
ootd,14651_00,sleeve,True,0.4828522801399231
ootd,14651_00,shoulder,True,0.5385426878929138
ootd,14651_00,logo,False,
ootd,04699_00,collar,False,
ootd,04699_00,lapel,False,
ootd,04699_00,cuff,False,
ootd,04699_00,button hole,False,
ootd,04699_00,button,False,
ootd,04699_00,pocket,False,
ootd,04699_00,zipper,False,
ootd,04699_00,sleeve,True,0.47385796904563904
ootd,04699_00,shoulder,True,0.44141021370887756
ootd,04699_00,logo,False,
ootd,08650_00,collar,False,
ootd,08650_00,lapel,False,
ootd,08650_00,cuff,False,
ootd,08650_00,button hole,False,
ootd,08650_00,button,False,
ootd,08650_00,pocket,False,
ootd,08650_00,zipper,False,
ootd,08650_00,sleeve,False,
ootd,08650_00,shoulder,True,0.2959849238395691
ootd,08650_00,logo,False,
ootd,04893_00,collar,False,
ootd,04893_00,lapel,False,
ootd,04893_00,cuff,False,
ootd,04893_00,button hole,False,
ootd,04893_00,button,False,
ootd,04893_00,pocket,False,
ootd,04893_00,zipper,False,
ootd,04893_00,sleeve,True,0.30986231565475464
ootd,04893_00,shoulder,True,0.26414477825164795
ootd,04893_00,logo,False,
ootd,12541_00,collar,False,
ootd,12541_00,lapel,False,
ootd,12541_00,cuff,False,
ootd,12541_00,button hole,False,
ootd,12541_00,button,False,
ootd,12541_00,pocket,False,
ootd,12541_00,zipper,False,
ootd,12541_00,sleeve,False,
ootd,12541_00,shoulder,True,0.4340120851993561
ootd,12541_00,logo,False,
ootd,04652_00,collar,False,
ootd,04652_00,lapel,False,
ootd,04652_00,cuff,False,
ootd,04652_00,button hole,False,
ootd,04652_00,button,False,
ootd,04652_00,pocket,False,
ootd,04652_00,zipper,False,
ootd,04652_00,sleeve,True,0.5505395531654358
ootd,04652_00,shoulder,True,0.48838523030281067
ootd,04652_00,logo,False,
ootd,07884_00,collar,True,0.36701127886772156
ootd,07884_00,lapel,False,
ootd,07884_00,cuff,False,
ootd,07884_00,button hole,False,
ootd,07884_00,button,False,
ootd,07884_00,pocket,False,
ootd,07884_00,zipper,False,
ootd,07884_00,sleeve,True,0.28155389428138733
ootd,07884_00,shoulder,True,0.30531367659568787
ootd,07884_00,logo,True,0.3071839213371277
ootd,07966_00,collar,False,
ootd,07966_00,lapel,False,
ootd,07966_00,cuff,False,
ootd,07966_00,button hole,False,
ootd,07966_00,button,False,
ootd,07966_00,pocket,False,
ootd,07966_00,zipper,False,
ootd,07966_00,sleeve,True,0.3331333100795746
ootd,07966_00,shoulder,True,0.29896193742752075
ootd,07966_00,logo,False,
ootd,14173_00,collar,False,
ootd,14173_00,lapel,False,
ootd,14173_00,cuff,True,0.5060612559318542
ootd,14173_00,button hole,False,
ootd,14173_00,button,False,
ootd,14173_00,pocket,False,
ootd,14173_00,zipper,False,
ootd,14173_00,sleeve,True,0.6391822099685669
ootd,14173_00,shoulder,True,0.6252076625823975
ootd,14173_00,logo,False,
ootd,11913_00,collar,False,
ootd,11913_00,lapel,False,
ootd,11913_00,cuff,False,
ootd,11913_00,button hole,False,
ootd,11913_00,button,False,
ootd,11913_00,pocket,False,
ootd,11913_00,zipper,False,
ootd,11913_00,sleeve,False,
ootd,11913_00,shoulder,True,0.590785026550293
ootd,11913_00,logo,False,
ootd,01090_00,collar,True,0.6278433203697205
ootd,01090_00,lapel,False,
ootd,01090_00,cuff,True,0.45092883706092834
ootd,01090_00,button hole,False,
ootd,01090_00,button,False,
ootd,01090_00,pocket,False,
ootd,01090_00,zipper,False,
ootd,01090_00,sleeve,True,0.6687573790550232
ootd,01090_00,shoulder,True,0.6979044675827026
ootd,01090_00,logo,False,
ootd,02871_00,collar,True,0.33613672852516174
ootd,02871_00,lapel,False,
ootd,02871_00,cuff,False,
ootd,02871_00,button hole,False,
ootd,02871_00,button,False,
ootd,02871_00,pocket,False,
ootd,02871_00,zipper,False,
ootd,02871_00,sleeve,True,0.4330073893070221
ootd,02871_00,shoulder,True,0.3594948947429657
ootd,02871_00,logo,True,0.320389986038208
ootd,07573_00,collar,False,
ootd,07573_00,lapel,False,
ootd,07573_00,cuff,False,
ootd,07573_00,button hole,False,
ootd,07573_00,button,False,
ootd,07573_00,pocket,False,
ootd,07573_00,zipper,False,
ootd,07573_00,sleeve,True,0.29004523158073425
ootd,07573_00,shoulder,True,0.2997548282146454
ootd,07573_00,logo,False,
ootd,06939_00,collar,True,0.4729183316230774
ootd,06939_00,lapel,False,
ootd,06939_00,cuff,False,
ootd,06939_00,button hole,False,
ootd,06939_00,button,False,
ootd,06939_00,pocket,False,
ootd,06939_00,zipper,False,
ootd,06939_00,sleeve,True,0.2587692141532898
ootd,06939_00,shoulder,True,0.35181933641433716
ootd,06939_00,logo,True,0.35144856572151184
ootd,08316_00,collar,True,0.45297935605049133
ootd,08316_00,lapel,False,
ootd,08316_00,cuff,False,
ootd,08316_00,button hole,False,
ootd,08316_00,button,True,0.36527395248413086
ootd,08316_00,pocket,False,
ootd,08316_00,zipper,False,
ootd,08316_00,sleeve,True,0.3235793113708496
ootd,08316_00,shoulder,True,0.3759125769138336
ootd,08316_00,logo,False,
ootd,02327_00,collar,True,0.5414314270019531
ootd,02327_00,lapel,False,
ootd,02327_00,cuff,False,
ootd,02327_00,button hole,False,
ootd,02327_00,button,False,
ootd,02327_00,pocket,False,
ootd,02327_00,zipper,False,
ootd,02327_00,sleeve,False,
ootd,02327_00,shoulder,True,0.5479482412338257
ootd,02327_00,logo,False,
ootd,08149_00,collar,False,
ootd,08149_00,lapel,False,
ootd,08149_00,cuff,True,0.448220819234848
ootd,08149_00,button hole,False,
ootd,08149_00,button,False,
ootd,08149_00,pocket,False,
ootd,08149_00,zipper,False,
ootd,08149_00,sleeve,True,0.47333839535713196
ootd,08149_00,shoulder,True,0.4345666170120239
ootd,08149_00,logo,False,
ootd,11985_00,collar,False,
ootd,11985_00,lapel,False,
ootd,11985_00,cuff,False,
ootd,11985_00,button hole,False,
ootd,11985_00,button,False,
ootd,11985_00,pocket,False,
ootd,11985_00,zipper,False,
ootd,11985_00,sleeve,True,0.5260512232780457
ootd,11985_00,shoulder,True,0.5706071853637695
ootd,11985_00,logo,False,
ootd,09912_00,collar,False,
ootd,09912_00,lapel,False,
ootd,09912_00,cuff,False,
ootd,09912_00,button hole,False,
ootd,09912_00,button,False,
ootd,09912_00,pocket,False,
ootd,09912_00,zipper,False,
ootd,09912_00,sleeve,True,0.580919623374939
ootd,09912_00,shoulder,True,0.5240441560745239
ootd,09912_00,logo,False,
ootd,01827_00,collar,True,0.4108135998249054
ootd,01827_00,lapel,False,
ootd,01827_00,cuff,False,
ootd,01827_00,button hole,False,
ootd,01827_00,button,False,
ootd,01827_00,pocket,True,0.3341757655143738
ootd,01827_00,zipper,False,
ootd,01827_00,sleeve,True,0.34508147835731506
ootd,01827_00,shoulder,True,0.3158862292766571
ootd,01827_00,logo,False,
ootd,14009_00,collar,True,0.5812187194824219
ootd,14009_00,lapel,False,
ootd,14009_00,cuff,False,
ootd,14009_00,button hole,False,
ootd,14009_00,button,False,
ootd,14009_00,pocket,False,
ootd,14009_00,zipper,False,
ootd,14009_00,sleeve,False,
ootd,14009_00,shoulder,True,0.6174240708351135
ootd,14009_00,logo,False,
ootd,10352_00,collar,True,0.44382354617118835
ootd,10352_00,lapel,False,
ootd,10352_00,cuff,False,
ootd,10352_00,button hole,False,
ootd,10352_00,button,False,
ootd,10352_00,pocket,False,
ootd,10352_00,zipper,False,
ootd,10352_00,sleeve,True,0.3794149160385132
ootd,10352_00,shoulder,True,0.4421650767326355
ootd,10352_00,logo,False,
ootd,10680_00,collar,False,
ootd,10680_00,lapel,False,
ootd,10680_00,cuff,True,0.561943769454956
ootd,10680_00,button hole,False,
ootd,10680_00,button,False,
ootd,10680_00,pocket,False,
ootd,10680_00,zipper,False,
ootd,10680_00,sleeve,True,0.5104762315750122
ootd,10680_00,shoulder,True,0.4668760597705841
ootd,10680_00,logo,False,
ootd,09949_00,collar,False,
ootd,09949_00,lapel,False,
ootd,09949_00,cuff,False,
ootd,09949_00,button hole,False,
ootd,09949_00,button,False,
ootd,09949_00,pocket,False,
ootd,09949_00,zipper,False,
ootd,09949_00,sleeve,True,0.5427301526069641
ootd,09949_00,shoulder,True,0.5242941975593567
ootd,09949_00,logo,False,
ootd,09412_00,collar,False,
ootd,09412_00,lapel,False,
ootd,09412_00,cuff,False,
ootd,09412_00,button hole,False,
ootd,09412_00,button,False,
ootd,09412_00,pocket,False,
ootd,09412_00,zipper,False,
ootd,09412_00,sleeve,True,0.3564421236515045
ootd,09412_00,shoulder,True,0.547386109828949
ootd,09412_00,logo,False,
ootd,14189_00,collar,False,
ootd,14189_00,lapel,False,
ootd,14189_00,cuff,False,
ootd,14189_00,button hole,False,
ootd,14189_00,button,False,
ootd,14189_00,pocket,False,
ootd,14189_00,zipper,False,
ootd,14189_00,sleeve,True,0.2335871309041977
ootd,14189_00,shoulder,True,0.2781423032283783
ootd,14189_00,logo,False,
ootd,04562_00,collar,True,0.6935537457466125
ootd,04562_00,lapel,False,
ootd,04562_00,cuff,False,
ootd,04562_00,button hole,False,
ootd,04562_00,button,False,
ootd,04562_00,pocket,False,
ootd,04562_00,zipper,False,
ootd,04562_00,sleeve,True,0.44768020510673523
ootd,04562_00,shoulder,True,0.537432849407196
ootd,04562_00,logo,False,
ootd,07825_00,collar,True,0.5143332481384277
ootd,07825_00,lapel,False,
ootd,07825_00,cuff,True,0.30539390444755554
ootd,07825_00,button hole,False,
ootd,07825_00,button,False,
ootd,07825_00,pocket,False,
ootd,07825_00,zipper,False,
ootd,07825_00,sleeve,True,0.33842676877975464
ootd,07825_00,shoulder,True,0.42867159843444824
ootd,07825_00,logo,False,
ootd,12362_00,collar,False,
ootd,12362_00,lapel,False,
ootd,12362_00,cuff,False,
ootd,12362_00,button hole,False,
ootd,12362_00,button,False,
ootd,12362_00,pocket,False,
ootd,12362_00,zipper,False,
ootd,12362_00,sleeve,True,0.2853592038154602
ootd,12362_00,shoulder,True,0.29375532269477844
ootd,12362_00,logo,True,0.2176152914762497
ootd,11206_00,collar,False,
ootd,11206_00,lapel,False,
ootd,11206_00,cuff,False,
ootd,11206_00,button hole,False,
ootd,11206_00,button,False,
ootd,11206_00,pocket,False,
ootd,11206_00,zipper,False,
ootd,11206_00,sleeve,True,0.3444593846797943
ootd,11206_00,shoulder,True,0.37600550055503845
ootd,11206_00,logo,False,
ootd,06978_00,collar,False,
ootd,06978_00,lapel,False,
ootd,06978_00,cuff,False,
ootd,06978_00,button hole,False,
ootd,06978_00,button,False,
ootd,06978_00,pocket,False,
ootd,06978_00,zipper,False,
ootd,06978_00,sleeve,True,0.4368904232978821
ootd,06978_00,shoulder,True,0.3938590884208679
ootd,06978_00,logo,False,
ootd,02743_00,collar,True,0.3900282382965088
ootd,02743_00,lapel,False,
ootd,02743_00,cuff,True,0.32391494512557983
ootd,02743_00,button hole,False,
ootd,02743_00,button,False,
ootd,02743_00,pocket,False,
ootd,02743_00,zipper,False,
ootd,02743_00,sleeve,True,0.3815135061740875
ootd,02743_00,shoulder,True,0.3929040729999542
ootd,02743_00,logo,True,0.5012998580932617
ootd,10265_00,collar,False,
ootd,10265_00,lapel,False,
ootd,10265_00,cuff,False,
ootd,10265_00,button hole,False,
ootd,10265_00,button,False,
ootd,10265_00,pocket,False,
ootd,10265_00,zipper,False,
ootd,10265_00,sleeve,False,
ootd,10265_00,shoulder,True,0.5113086104393005
ootd,10265_00,logo,False,
ootd,09215_00,collar,True,0.2078654021024704
ootd,09215_00,lapel,False,
ootd,09215_00,cuff,False,
ootd,09215_00,button hole,False,
ootd,09215_00,button,False,
ootd,09215_00,pocket,False,
ootd,09215_00,zipper,False,
ootd,09215_00,sleeve,True,0.20321045815944672
ootd,09215_00,shoulder,True,0.2604846954345703
ootd,09215_00,logo,False,
ootd,07396_00,collar,False,
ootd,07396_00,lapel,False,
ootd,07396_00,cuff,False,
ootd,07396_00,button hole,False,
ootd,07396_00,button,False,
ootd,07396_00,pocket,False,
ootd,07396_00,zipper,False,
ootd,07396_00,sleeve,True,0.5821927785873413
ootd,07396_00,shoulder,True,0.565414309501648
ootd,07396_00,logo,False,
ootd,06192_00,collar,True,0.5405555367469788
ootd,06192_00,lapel,False,
ootd,06192_00,cuff,True,0.4436540901660919
ootd,06192_00,button hole,False,
ootd,06192_00,button,False,
ootd,06192_00,pocket,False,
ootd,06192_00,zipper,False,
ootd,06192_00,sleeve,True,0.4175834059715271
ootd,06192_00,shoulder,True,0.5599675178527832
ootd,06192_00,logo,False,
ootd,11892_00,collar,False,
ootd,11892_00,lapel,False,
ootd,11892_00,cuff,False,
ootd,11892_00,button hole,False,
ootd,11892_00,button,False,
ootd,11892_00,pocket,False,
ootd,11892_00,zipper,False,
ootd,11892_00,sleeve,False,
ootd,11892_00,shoulder,True,0.6155148148536682
ootd,11892_00,logo,False,
ootd,11994_00,collar,True,0.312232106924057
ootd,11994_00,lapel,False,
ootd,11994_00,cuff,False,
ootd,11994_00,button hole,False,
ootd,11994_00,button,True,0.42673230171203613
ootd,11994_00,pocket,False,
ootd,11994_00,zipper,False,
ootd,11994_00,sleeve,True,0.3873908519744873
ootd,11994_00,shoulder,True,0.3226981461048126
ootd,11994_00,logo,False,
ootd,03950_00,collar,False,
ootd,03950_00,lapel,False,
ootd,03950_00,cuff,False,
ootd,03950_00,button hole,False,
ootd,03950_00,button,False,
ootd,03950_00,pocket,False,
ootd,03950_00,zipper,False,
ootd,03950_00,sleeve,True,0.4497300386428833
ootd,03950_00,shoulder,True,0.36142656207084656
ootd,03950_00,logo,False,
ootd,01832_00,collar,True,0.19639095664024353
ootd,01832_00,lapel,False,
ootd,01832_00,cuff,False,
ootd,01832_00,button hole,False,
ootd,01832_00,button,False,
ootd,01832_00,pocket,False,
ootd,01832_00,zipper,False,
ootd,01832_00,sleeve,True,0.27557891607284546
ootd,01832_00,shoulder,True,0.30109113454818726
ootd,01832_00,logo,False,
ootd,11054_00,collar,True,0.4446587562561035
ootd,11054_00,lapel,False,
ootd,11054_00,cuff,True,0.8773676156997681
ootd,11054_00,button hole,False,
ootd,11054_00,button,False,
ootd,11054_00,pocket,False,
ootd,11054_00,zipper,False,
ootd,11054_00,sleeve,True,0.8715384006500244
ootd,11054_00,shoulder,True,0.5006859302520752
ootd,11054_00,logo,False,
ootd,02457_00,collar,False,
ootd,02457_00,lapel,False,
ootd,02457_00,cuff,False,
ootd,02457_00,button hole,False,
ootd,02457_00,button,False,
ootd,02457_00,pocket,False,
ootd,02457_00,zipper,False,
ootd,02457_00,sleeve,True,0.38932883739471436
ootd,02457_00,shoulder,True,0.4208734631538391
ootd,02457_00,logo,False,
ootd,14181_00,collar,True,0.4450415074825287
ootd,14181_00,lapel,False,
ootd,14181_00,cuff,True,0.23674573004245758
ootd,14181_00,button hole,False,
ootd,14181_00,button,False,
ootd,14181_00,pocket,False,
ootd,14181_00,zipper,False,
ootd,14181_00,sleeve,True,0.27207615971565247
ootd,14181_00,shoulder,True,0.30798453092575073
ootd,14181_00,logo,True,0.4317035377025604
ootd,08102_00,collar,True,0.5574808716773987
ootd,08102_00,lapel,False,
ootd,08102_00,cuff,False,
ootd,08102_00,button hole,False,
ootd,08102_00,button,False,
ootd,08102_00,pocket,False,
ootd,08102_00,zipper,False,
ootd,08102_00,sleeve,True,0.5644720196723938
ootd,08102_00,shoulder,False,
ootd,08102_00,logo,False,
ootd,01046_00,collar,False,
ootd,01046_00,lapel,False,
ootd,01046_00,cuff,True,0.4425024688243866
ootd,01046_00,button hole,False,
ootd,01046_00,button,True,0.49000316858291626
ootd,01046_00,pocket,False,
ootd,01046_00,zipper,False,
ootd,01046_00,sleeve,True,0.34850385785102844
ootd,01046_00,shoulder,False,
ootd,01046_00,logo,False,
ootd,07847_00,collar,False,
ootd,07847_00,lapel,False,
ootd,07847_00,cuff,False,
ootd,07847_00,button hole,False,
ootd,07847_00,button,False,
ootd,07847_00,pocket,False,
ootd,07847_00,zipper,False,
ootd,07847_00,sleeve,True,0.2753772735595703
ootd,07847_00,shoulder,True,0.3550606667995453
ootd,07847_00,logo,False,
ootd,01503_00,collar,False,
ootd,01503_00,lapel,False,
ootd,01503_00,cuff,False,
ootd,01503_00,button hole,False,
ootd,01503_00,button,False,
ootd,01503_00,pocket,False,
ootd,01503_00,zipper,False,
ootd,01503_00,sleeve,True,0.40609005093574524
ootd,01503_00,shoulder,True,0.47314631938934326
ootd,01503_00,logo,False,
ootd,02400_00,collar,False,
ootd,02400_00,lapel,False,
ootd,02400_00,cuff,False,
ootd,02400_00,button hole,False,
ootd,02400_00,button,False,
ootd,02400_00,pocket,False,
ootd,02400_00,zipper,False,
ootd,02400_00,sleeve,True,0.4270594120025635
ootd,02400_00,shoulder,True,0.527000904083252
ootd,02400_00,logo,False,
ootd,09487_00,collar,True,0.3968840539455414
ootd,09487_00,lapel,False,
ootd,09487_00,cuff,True,0.3711056709289551
ootd,09487_00,button hole,False,
ootd,09487_00,button,False,
ootd,09487_00,pocket,False,
ootd,09487_00,zipper,False,
ootd,09487_00,sleeve,True,0.3490728735923767
ootd,09487_00,shoulder,True,0.44427424669265747
ootd,09487_00,logo,False,
ootd,08232_00,collar,True,0.22292585670948029
ootd,08232_00,lapel,False,
ootd,08232_00,cuff,False,
ootd,08232_00,button hole,False,
ootd,08232_00,button,True,0.35160237550735474
ootd,08232_00,pocket,False,
ootd,08232_00,zipper,False,
ootd,08232_00,sleeve,True,0.6818506121635437
ootd,08232_00,shoulder,True,0.3066600263118744
ootd,08232_00,logo,False,
ootd,13589_00,collar,False,
ootd,13589_00,lapel,False,
ootd,13589_00,cuff,False,
ootd,13589_00,button hole,False,
ootd,13589_00,button,False,
ootd,13589_00,pocket,False,
ootd,13589_00,zipper,False,
ootd,13589_00,sleeve,True,0.5214420557022095
ootd,13589_00,shoulder,True,0.5540563464164734
ootd,13589_00,logo,False,
ootd,00013_00,collar,True,0.2832265794277191
ootd,00013_00,lapel,False,
ootd,00013_00,cuff,True,0.2787376940250397
ootd,00013_00,button hole,False,
ootd,00013_00,button,False,
ootd,00013_00,pocket,False,
ootd,00013_00,zipper,False,
ootd,00013_00,sleeve,True,0.2793538570404053
ootd,00013_00,shoulder,True,0.27018481492996216
ootd,00013_00,logo,True,0.31603771448135376
ootd,14471_00,collar,False,
ootd,14471_00,lapel,False,
ootd,14471_00,cuff,True,0.31785157322883606
ootd,14471_00,button hole,False,
ootd,14471_00,button,False,
ootd,14471_00,pocket,False,
ootd,14471_00,zipper,False,
ootd,14471_00,sleeve,True,0.403086394071579
ootd,14471_00,shoulder,True,0.6810441613197327
ootd,14471_00,logo,False,
ootd,00698_00,collar,False,
ootd,00698_00,lapel,False,
ootd,00698_00,cuff,False,
ootd,00698_00,button hole,False,
ootd,00698_00,button,False,
ootd,00698_00,pocket,False,
ootd,00698_00,zipper,False,
ootd,00698_00,sleeve,True,0.3448741137981415
ootd,00698_00,shoulder,True,0.29190608859062195
ootd,00698_00,logo,False,
ootd,11438_00,collar,False,
ootd,11438_00,lapel,False,
ootd,11438_00,cuff,False,
ootd,11438_00,button hole,False,
ootd,11438_00,button,False,
ootd,11438_00,pocket,False,
ootd,11438_00,zipper,False,
ootd,11438_00,sleeve,True,0.39891576766967773
ootd,11438_00,shoulder,True,0.5033617615699768
ootd,11438_00,logo,False,
ootd,10495_00,collar,False,
ootd,10495_00,lapel,False,
ootd,10495_00,cuff,False,
ootd,10495_00,button hole,False,
ootd,10495_00,button,False,
ootd,10495_00,pocket,False,
ootd,10495_00,zipper,False,
ootd,10495_00,sleeve,False,
ootd,10495_00,shoulder,True,0.3008803129196167
ootd,10495_00,logo,False,
ootd,13140_00,collar,False,
ootd,13140_00,lapel,False,
ootd,13140_00,cuff,True,0.4462776184082031
ootd,13140_00,button hole,False,
ootd,13140_00,button,False,
ootd,13140_00,pocket,False,
ootd,13140_00,zipper,False,
ootd,13140_00,sleeve,True,0.4298252463340759
ootd,13140_00,shoulder,True,0.4623793661594391
ootd,13140_00,logo,False,
ootd,11799_00,collar,True,0.47927939891815186
ootd,11799_00,lapel,False,
ootd,11799_00,cuff,False,
ootd,11799_00,button hole,False,
ootd,11799_00,button,False,
ootd,11799_00,pocket,False,
ootd,11799_00,zipper,False,
ootd,11799_00,sleeve,True,0.5462912321090698
ootd,11799_00,shoulder,True,0.5065096616744995
ootd,11799_00,logo,False,
ootd,01767_00,collar,False,
ootd,01767_00,lapel,False,
ootd,01767_00,cuff,False,
ootd,01767_00,button hole,False,
ootd,01767_00,button,True,0.31719666719436646
ootd,01767_00,pocket,False,
ootd,01767_00,zipper,False,
ootd,01767_00,sleeve,True,0.4080708622932434
ootd,01767_00,shoulder,True,0.25465670228004456
ootd,01767_00,logo,False,
ootd,11556_00,collar,False,
ootd,11556_00,lapel,False,
ootd,11556_00,cuff,True,0.4425605833530426
ootd,11556_00,button hole,False,
ootd,11556_00,button,False,
ootd,11556_00,pocket,False,
ootd,11556_00,zipper,False,
ootd,11556_00,sleeve,True,0.43966343998908997
ootd,11556_00,shoulder,True,0.4869126081466675
ootd,11556_00,logo,False,
ootd,14059_00,collar,False,
ootd,14059_00,lapel,False,
ootd,14059_00,cuff,False,
ootd,14059_00,button hole,False,
ootd,14059_00,button,False,
ootd,14059_00,pocket,False,
ootd,14059_00,zipper,False,
ootd,14059_00,sleeve,False,
ootd,14059_00,shoulder,True,0.4241122603416443
ootd,14059_00,logo,False,
ootd,13967_00,collar,False,
ootd,13967_00,lapel,False,
ootd,13967_00,cuff,False,
ootd,13967_00,button hole,False,
ootd,13967_00,button,False,
ootd,13967_00,pocket,False,
ootd,13967_00,zipper,False,
ootd,13967_00,sleeve,True,0.5414215326309204
ootd,13967_00,shoulder,True,0.4450480341911316
ootd,13967_00,logo,False,
ootd,00827_00,collar,False,
ootd,00827_00,lapel,False,
ootd,00827_00,cuff,False,
ootd,00827_00,button hole,False,
ootd,00827_00,button,False,
ootd,00827_00,pocket,False,
ootd,00827_00,zipper,False,
ootd,00827_00,sleeve,False,
ootd,00827_00,shoulder,True,0.43294310569763184
ootd,00827_00,logo,False,
ootd,03935_00,collar,True,0.3548423945903778
ootd,03935_00,lapel,False,
ootd,03935_00,cuff,True,0.527701199054718
ootd,03935_00,button hole,False,
ootd,03935_00,button,False,
ootd,03935_00,pocket,False,
ootd,03935_00,zipper,False,
ootd,03935_00,sleeve,True,0.4173867404460907
ootd,03935_00,shoulder,True,0.3052161633968353
ootd,03935_00,logo,False,
ootd,10428_00,collar,False,
ootd,10428_00,lapel,False,
ootd,10428_00,cuff,False,
ootd,10428_00,button hole,False,
ootd,10428_00,button,False,
ootd,10428_00,pocket,False,
ootd,10428_00,zipper,False,
ootd,10428_00,sleeve,True,0.4000717103481293
ootd,10428_00,shoulder,True,0.4123162031173706
ootd,10428_00,logo,False,
ootd,13172_00,collar,True,0.2303694486618042
ootd,13172_00,lapel,False,
ootd,13172_00,cuff,False,
ootd,13172_00,button hole,False,
ootd,13172_00,button,False,
ootd,13172_00,pocket,False,
ootd,13172_00,zipper,False,
ootd,13172_00,sleeve,True,0.19158321619033813
ootd,13172_00,shoulder,True,0.24461470544338226
ootd,13172_00,logo,True,0.20147770643234253
ootd,12419_00,collar,False,
ootd,12419_00,lapel,False,
ootd,12419_00,cuff,False,
ootd,12419_00,button hole,False,
ootd,12419_00,button,False,
ootd,12419_00,pocket,False,
ootd,12419_00,zipper,False,
ootd,12419_00,sleeve,False,
ootd,12419_00,shoulder,True,0.3771637976169586
ootd,12419_00,logo,False,
ootd,11993_00,collar,True,0.4363945424556732
ootd,11993_00,lapel,False,
ootd,11993_00,cuff,True,0.30000579357147217
ootd,11993_00,button hole,False,
ootd,11993_00,button,False,
ootd,11993_00,pocket,False,
ootd,11993_00,zipper,False,
ootd,11993_00,sleeve,True,0.32638025283813477
ootd,11993_00,shoulder,True,0.34864088892936707
ootd,11993_00,logo,False,
ootd,11766_00,collar,True,0.3013554811477661
ootd,11766_00,lapel,False,
ootd,11766_00,cuff,False,
ootd,11766_00,button hole,False,
ootd,11766_00,button,False,
ootd,11766_00,pocket,False,
ootd,11766_00,zipper,False,
ootd,11766_00,sleeve,True,0.3170377314090729
ootd,11766_00,shoulder,True,0.41312816739082336
ootd,11766_00,logo,False,
ootd,02372_00,collar,False,
ootd,02372_00,lapel,False,
ootd,02372_00,cuff,False,
ootd,02372_00,button hole,False,
ootd,02372_00,button,False,
ootd,02372_00,pocket,False,
ootd,02372_00,zipper,False,
ootd,02372_00,sleeve,False,
ootd,02372_00,shoulder,True,0.3403052091598511
ootd,02372_00,logo,False,
ootd,09751_00,collar,True,0.5570827126502991
ootd,09751_00,lapel,False,
ootd,09751_00,cuff,False,
ootd,09751_00,button hole,False,
ootd,09751_00,button,False,
ootd,09751_00,pocket,True,0.5292844176292419
ootd,09751_00,zipper,False,
ootd,09751_00,sleeve,False,
ootd,09751_00,shoulder,True,0.5561392903327942
ootd,09751_00,logo,False,
ootd,08158_00,collar,True,0.29555466771125793
ootd,08158_00,lapel,False,
ootd,08158_00,cuff,True,0.3663601875305176
ootd,08158_00,button hole,False,
ootd,08158_00,button,False,
ootd,08158_00,pocket,False,
ootd,08158_00,zipper,False,
ootd,08158_00,sleeve,True,0.4262114465236664
ootd,08158_00,shoulder,True,0.34011590480804443
ootd,08158_00,logo,False,
ootd,06730_00,collar,True,0.27250388264656067
ootd,06730_00,lapel,False,
ootd,06730_00,cuff,True,0.38346627354621887
ootd,06730_00,button hole,False,
ootd,06730_00,button,False,
ootd,06730_00,pocket,False,
ootd,06730_00,zipper,False,
ootd,06730_00,sleeve,True,0.3118152916431427
ootd,06730_00,shoulder,True,0.3479119837284088
ootd,06730_00,logo,False,
ootd,06753_00,collar,False,
ootd,06753_00,lapel,False,
ootd,06753_00,cuff,False,
ootd,06753_00,button hole,False,
ootd,06753_00,button,False,
ootd,06753_00,pocket,False,
ootd,06753_00,zipper,False,
ootd,06753_00,sleeve,True,0.43635162711143494
ootd,06753_00,shoulder,True,0.42723190784454346
ootd,06753_00,logo,False,
ootd,01386_00,collar,True,0.5910080671310425
ootd,01386_00,lapel,False,
ootd,01386_00,cuff,False,
ootd,01386_00,button hole,False,
ootd,01386_00,button,False,
ootd,01386_00,pocket,False,
ootd,01386_00,zipper,False,
ootd,01386_00,sleeve,True,0.36606189608573914
ootd,01386_00,shoulder,True,0.5954505801200867
ootd,01386_00,logo,False,
ootd,13126_00,collar,False,
ootd,13126_00,lapel,False,
ootd,13126_00,cuff,False,
ootd,13126_00,button hole,False,
ootd,13126_00,button,False,
ootd,13126_00,pocket,False,
ootd,13126_00,zipper,False,
ootd,13126_00,sleeve,True,0.21256616711616516
ootd,13126_00,shoulder,True,0.20740190148353577
ootd,13126_00,logo,False,
ootd,02810_00,collar,False,
ootd,02810_00,lapel,False,
ootd,02810_00,cuff,False,
ootd,02810_00,button hole,False,
ootd,02810_00,button,False,
ootd,02810_00,pocket,True,0.6826356649398804
ootd,02810_00,zipper,False,
ootd,02810_00,sleeve,True,0.4582907557487488
ootd,02810_00,shoulder,True,0.5546415448188782
ootd,02810_00,logo,False,
ootd,03191_00,collar,False,
ootd,03191_00,lapel,False,
ootd,03191_00,cuff,False,
ootd,03191_00,button hole,False,
ootd,03191_00,button,False,
ootd,03191_00,pocket,False,
ootd,03191_00,zipper,False,
ootd,03191_00,sleeve,True,0.42664629220962524
ootd,03191_00,shoulder,True,0.3236547112464905
ootd,03191_00,logo,False,
ootd,11372_00,collar,False,
ootd,11372_00,lapel,False,
ootd,11372_00,cuff,False,
ootd,11372_00,button hole,False,
ootd,11372_00,button,False,
ootd,11372_00,pocket,False,
ootd,11372_00,zipper,False,
ootd,11372_00,sleeve,True,0.26749494671821594
ootd,11372_00,shoulder,True,0.3119218349456787
ootd,11372_00,logo,False,
ootd,07694_00,collar,True,0.30569806694984436
ootd,07694_00,lapel,False,
ootd,07694_00,cuff,False,
ootd,07694_00,button hole,False,
ootd,07694_00,button,False,
ootd,07694_00,pocket,False,
ootd,07694_00,zipper,False,
ootd,07694_00,sleeve,True,0.3402326703071594
ootd,07694_00,shoulder,True,0.2484341263771057
ootd,07694_00,logo,True,0.3428862690925598
ootd,01900_00,collar,False,
ootd,01900_00,lapel,False,
ootd,01900_00,cuff,True,0.36822283267974854
ootd,01900_00,button hole,False,
ootd,01900_00,button,False,
ootd,01900_00,pocket,False,
ootd,01900_00,zipper,False,
ootd,01900_00,sleeve,True,0.39484670758247375
ootd,01900_00,shoulder,True,0.41631853580474854
ootd,01900_00,logo,False,
ootd,02253_00,collar,False,
ootd,02253_00,lapel,False,
ootd,02253_00,cuff,True,0.3836446702480316
ootd,02253_00,button hole,False,
ootd,02253_00,button,False,
ootd,02253_00,pocket,False,
ootd,02253_00,zipper,False,
ootd,02253_00,sleeve,True,0.5598935484886169
ootd,02253_00,shoulder,True,0.4101470112800598
ootd,02253_00,logo,False,
ootd,04430_00,collar,True,0.3831104040145874
ootd,04430_00,lapel,False,
ootd,04430_00,cuff,False,
ootd,04430_00,button hole,False,
ootd,04430_00,button,False,
ootd,04430_00,pocket,False,
ootd,04430_00,zipper,False,
ootd,04430_00,sleeve,True,0.45926934480667114
ootd,04430_00,shoulder,True,0.41031378507614136
ootd,04430_00,logo,False,
ootd,03991_00,collar,True,0.6965786218643188
ootd,03991_00,lapel,False,
ootd,03991_00,cuff,False,
ootd,03991_00,button hole,False,
ootd,03991_00,button,False,
ootd,03991_00,pocket,False,
ootd,03991_00,zipper,False,
ootd,03991_00,sleeve,False,
ootd,03991_00,shoulder,True,0.6592719554901123
ootd,03991_00,logo,False,
ootd,03608_00,collar,True,0.2682472765445709
ootd,03608_00,lapel,False,
ootd,03608_00,cuff,True,0.47357332706451416
ootd,03608_00,button hole,False,
ootd,03608_00,button,False,
ootd,03608_00,pocket,False,
ootd,03608_00,zipper,False,
ootd,03608_00,sleeve,True,0.41102713346481323
ootd,03608_00,shoulder,True,0.32513174414634705
ootd,03608_00,logo,False,
ootd,12651_00,collar,False,
ootd,12651_00,lapel,False,
ootd,12651_00,cuff,True,0.6981289982795715
ootd,12651_00,button hole,False,
ootd,12651_00,button,False,
ootd,12651_00,pocket,False,
ootd,12651_00,zipper,False,
ootd,12651_00,sleeve,True,0.8442090749740601
ootd,12651_00,shoulder,True,0.7641182541847229
ootd,12651_00,logo,False,
ootd,11600_00,collar,True,0.22784093022346497
ootd,11600_00,lapel,False,
ootd,11600_00,cuff,False,
ootd,11600_00,button hole,False,
ootd,11600_00,button,False,
ootd,11600_00,pocket,False,
ootd,11600_00,zipper,False,
ootd,11600_00,sleeve,False,
ootd,11600_00,shoulder,True,0.2386978566646576
ootd,11600_00,logo,False,
ootd,01917_00,collar,True,0.34354135394096375
ootd,01917_00,lapel,False,
ootd,01917_00,cuff,False,
ootd,01917_00,button hole,False,
ootd,01917_00,button,False,
ootd,01917_00,pocket,False,
ootd,01917_00,zipper,False,
ootd,01917_00,sleeve,True,0.32373476028442383
ootd,01917_00,shoulder,True,0.34156760573387146
ootd,01917_00,logo,False,
ootd,01026_00,collar,True,0.5626938343048096
ootd,01026_00,lapel,False,
ootd,01026_00,cuff,True,0.4115445613861084
ootd,01026_00,button hole,False,
ootd,01026_00,button,False,
ootd,01026_00,pocket,False,
ootd,01026_00,zipper,False,
ootd,01026_00,sleeve,True,0.42289817333221436
ootd,01026_00,shoulder,True,0.5213181972503662
ootd,01026_00,logo,False,
ootd,09845_00,collar,False,
ootd,09845_00,lapel,False,
ootd,09845_00,cuff,False,
ootd,09845_00,button hole,False,
ootd,09845_00,button,False,
ootd,09845_00,pocket,False,
ootd,09845_00,zipper,False,
ootd,09845_00,sleeve,False,
ootd,09845_00,shoulder,True,0.4902673065662384
ootd,09845_00,logo,False,
ootd,13517_00,collar,True,0.3953102231025696
ootd,13517_00,lapel,False,
ootd,13517_00,cuff,False,
ootd,13517_00,button hole,False,
ootd,13517_00,button,False,
ootd,13517_00,pocket,False,
ootd,13517_00,zipper,False,
ootd,13517_00,sleeve,False,
ootd,13517_00,shoulder,True,0.3200504779815674
ootd,13517_00,logo,False,
ootd,02388_00,collar,True,0.5166186094284058
ootd,02388_00,lapel,False,
ootd,02388_00,cuff,False,
ootd,02388_00,button hole,False,
ootd,02388_00,button,False,
ootd,02388_00,pocket,False,
ootd,02388_00,zipper,False,
ootd,02388_00,sleeve,True,0.5127071142196655
ootd,02388_00,shoulder,True,0.45848363637924194
ootd,02388_00,logo,False,
ootd,12365_00,collar,False,
ootd,12365_00,lapel,False,
ootd,12365_00,cuff,False,
ootd,12365_00,button hole,False,
ootd,12365_00,button,False,
ootd,12365_00,pocket,False,
ootd,12365_00,zipper,False,
ootd,12365_00,sleeve,False,
ootd,12365_00,shoulder,True,0.35980841517448425
ootd,12365_00,logo,False,
ootd,12572_00,collar,False,
ootd,12572_00,lapel,False,
ootd,12572_00,cuff,False,
ootd,12572_00,button hole,False,
ootd,12572_00,button,False,
ootd,12572_00,pocket,False,
ootd,12572_00,zipper,False,
ootd,12572_00,sleeve,True,0.30724334716796875
ootd,12572_00,shoulder,True,0.39278295636177063
ootd,12572_00,logo,False,
hrviton,02180_00,collar,True,0.4574756324291229
hrviton,02180_00,lapel,False,
hrviton,02180_00,cuff,False,
hrviton,02180_00,button hole,False,
hrviton,02180_00,button,False,
hrviton,02180_00,pocket,False,
hrviton,02180_00,zipper,False,
hrviton,02180_00,sleeve,True,0.42825040221214294
hrviton,02180_00,shoulder,True,0.4116537868976593
hrviton,02180_00,logo,True,0.420110821723938
hrviton,07150_00,collar,True,0.3875696063041687
hrviton,07150_00,lapel,False,
hrviton,07150_00,cuff,False,
hrviton,07150_00,button hole,False,
hrviton,07150_00,button,False,
hrviton,07150_00,pocket,False,
hrviton,07150_00,zipper,False,
hrviton,07150_00,sleeve,True,0.6639315485954285
hrviton,07150_00,shoulder,True,0.46310752630233765
hrviton,07150_00,logo,False,
hrviton,00401_00,collar,True,0.6399646401405334
hrviton,00401_00,lapel,False,
hrviton,00401_00,cuff,True,0.567130446434021
hrviton,00401_00,button hole,False,
hrviton,00401_00,button,False,
hrviton,00401_00,pocket,False,
hrviton,00401_00,zipper,False,
hrviton,00401_00,sleeve,True,0.6357288956642151
hrviton,00401_00,shoulder,False,
hrviton,00401_00,logo,False,
hrviton,00494_00,collar,False,
hrviton,00494_00,lapel,False,
hrviton,00494_00,cuff,True,0.41189906001091003
hrviton,00494_00,button hole,False,
hrviton,00494_00,button,False,
hrviton,00494_00,pocket,False,
hrviton,00494_00,zipper,False,
hrviton,00494_00,sleeve,True,0.5830819010734558
hrviton,00494_00,shoulder,False,
hrviton,00494_00,logo,True,0.5389798879623413
hrviton,02336_00,collar,False,
hrviton,02336_00,lapel,False,
hrviton,02336_00,cuff,False,
hrviton,02336_00,button hole,False,
hrviton,02336_00,button,False,
hrviton,02336_00,pocket,False,
hrviton,02336_00,zipper,False,
hrviton,02336_00,sleeve,False,
hrviton,02336_00,shoulder,True,0.42640435695648193
hrviton,02336_00,logo,False,
hrviton,10731_00,collar,True,0.3234477639198303
hrviton,10731_00,lapel,False,
hrviton,10731_00,cuff,False,
hrviton,10731_00,button hole,False,
hrviton,10731_00,button,False,
hrviton,10731_00,pocket,False,
hrviton,10731_00,zipper,False,
hrviton,10731_00,sleeve,True,0.4368115961551666
hrviton,10731_00,shoulder,True,0.3399941027164459
hrviton,10731_00,logo,False,
hrviton,07212_00,collar,False,
hrviton,07212_00,lapel,False,
hrviton,07212_00,cuff,True,0.33714503049850464
hrviton,07212_00,button hole,False,
hrviton,07212_00,button,True,0.5673460960388184
hrviton,07212_00,pocket,False,
hrviton,07212_00,zipper,False,
hrviton,07212_00,sleeve,True,0.6256294846534729
hrviton,07212_00,shoulder,True,0.6125867366790771
hrviton,07212_00,logo,False,
hrviton,05544_00,collar,True,0.299845427274704
hrviton,05544_00,lapel,False,
hrviton,05544_00,cuff,False,
hrviton,05544_00,button hole,False,
hrviton,05544_00,button,False,
hrviton,05544_00,pocket,False,
hrviton,05544_00,zipper,False,
hrviton,05544_00,sleeve,False,
hrviton,05544_00,shoulder,False,
hrviton,05544_00,logo,False,
hrviton,13988_00,collar,False,
hrviton,13988_00,lapel,False,
hrviton,13988_00,cuff,False,
hrviton,13988_00,button hole,False,
hrviton,13988_00,button,False,
hrviton,13988_00,pocket,False,
hrviton,13988_00,zipper,False,
hrviton,13988_00,sleeve,True,0.36574310064315796
hrviton,13988_00,shoulder,True,0.40581220388412476
hrviton,13988_00,logo,False,
hrviton,12661_00,collar,False,
hrviton,12661_00,lapel,False,
hrviton,12661_00,cuff,False,
hrviton,12661_00,button hole,False,
hrviton,12661_00,button,False,
hrviton,12661_00,pocket,False,
hrviton,12661_00,zipper,False,
hrviton,12661_00,sleeve,True,0.5632890462875366
hrviton,12661_00,shoulder,True,0.5205380916595459
hrviton,12661_00,logo,False,
hrviton,05329_00,collar,False,
hrviton,05329_00,lapel,False,
hrviton,05329_00,cuff,False,
hrviton,05329_00,button hole,False,
hrviton,05329_00,button,False,
hrviton,05329_00,pocket,False,
hrviton,05329_00,zipper,False,
hrviton,05329_00,sleeve,True,0.7723145484924316
hrviton,05329_00,shoulder,True,0.5483996272087097
hrviton,05329_00,logo,False,
hrviton,01877_00,collar,True,0.5340936183929443
hrviton,01877_00,lapel,False,
hrviton,01877_00,cuff,False,
hrviton,01877_00,button hole,False,
hrviton,01877_00,button,False,
hrviton,01877_00,pocket,False,
hrviton,01877_00,zipper,False,
hrviton,01877_00,sleeve,True,0.5825680494308472
hrviton,01877_00,shoulder,True,0.458556205034256
hrviton,01877_00,logo,False,
hrviton,00272_00,collar,False,
hrviton,00272_00,lapel,False,
hrviton,00272_00,cuff,False,
hrviton,00272_00,button hole,False,
hrviton,00272_00,button,False,
hrviton,00272_00,pocket,False,
hrviton,00272_00,zipper,False,
hrviton,00272_00,sleeve,False,
hrviton,00272_00,shoulder,True,0.764135479927063
hrviton,00272_00,logo,False,
hrviton,09940_00,collar,False,
hrviton,09940_00,lapel,False,
hrviton,09940_00,cuff,False,
hrviton,09940_00,button hole,False,
hrviton,09940_00,button,False,
hrviton,09940_00,pocket,False,
hrviton,09940_00,zipper,False,
hrviton,09940_00,sleeve,False,
hrviton,09940_00,shoulder,True,0.35350093245506287
hrviton,09940_00,logo,False,
hrviton,10657_00,collar,False,
hrviton,10657_00,lapel,False,
hrviton,10657_00,cuff,True,0.7142320275306702
hrviton,10657_00,button hole,False,
hrviton,10657_00,button,False,
hrviton,10657_00,pocket,False,
hrviton,10657_00,zipper,False,
hrviton,10657_00,sleeve,True,0.6990819573402405
hrviton,10657_00,shoulder,True,0.6950176954269409
hrviton,10657_00,logo,False,
hrviton,05156_00,collar,True,0.6538809537887573
hrviton,05156_00,lapel,False,
hrviton,05156_00,cuff,True,0.5052907466888428
hrviton,05156_00,button hole,False,
hrviton,05156_00,button,False,
hrviton,05156_00,pocket,False,
hrviton,05156_00,zipper,False,
hrviton,05156_00,sleeve,True,0.5364444851875305
hrviton,05156_00,shoulder,True,0.5576502084732056
hrviton,05156_00,logo,False,
hrviton,07599_00,collar,True,0.7050576210021973
hrviton,07599_00,lapel,False,
hrviton,07599_00,cuff,False,
hrviton,07599_00,button hole,False,
hrviton,07599_00,button,False,
hrviton,07599_00,pocket,False,
hrviton,07599_00,zipper,False,
hrviton,07599_00,sleeve,False,
hrviton,07599_00,shoulder,True,0.6712388396263123
hrviton,07599_00,logo,False,
hrviton,04847_00,collar,True,0.93647700548172
hrviton,04847_00,lapel,False,
hrviton,04847_00,cuff,False,
hrviton,04847_00,button hole,False,
hrviton,04847_00,button,False,
hrviton,04847_00,pocket,False,
hrviton,04847_00,zipper,False,
hrviton,04847_00,sleeve,True,0.662196159362793
hrviton,04847_00,shoulder,False,
hrviton,04847_00,logo,True,0.9878137707710266
hrviton,07707_00,collar,False,
hrviton,07707_00,lapel,False,
hrviton,07707_00,cuff,False,
hrviton,07707_00,button hole,False,
hrviton,07707_00,button,False,
hrviton,07707_00,pocket,False,
hrviton,07707_00,zipper,False,
hrviton,07707_00,sleeve,False,
hrviton,07707_00,shoulder,True,0.45324695110321045
hrviton,07707_00,logo,False,
hrviton,04944_00,collar,True,0.5146327018737793
hrviton,04944_00,lapel,False,
hrviton,04944_00,cuff,False,
hrviton,04944_00,button hole,False,
hrviton,04944_00,button,False,
hrviton,04944_00,pocket,False,
hrviton,04944_00,zipper,False,
hrviton,04944_00,sleeve,True,0.3169482350349426
hrviton,04944_00,shoulder,True,0.45558542013168335
hrviton,04944_00,logo,False,
hrviton,09067_00,collar,False,
hrviton,09067_00,lapel,False,
hrviton,09067_00,cuff,True,0.32334786653518677
hrviton,09067_00,button hole,False,
hrviton,09067_00,button,True,0.495527446269989
hrviton,09067_00,pocket,False,
hrviton,09067_00,zipper,False,
hrviton,09067_00,sleeve,True,0.44505393505096436
hrviton,09067_00,shoulder,True,0.3919294774532318
hrviton,09067_00,logo,False,
hrviton,11001_00,collar,False,
hrviton,11001_00,lapel,False,
hrviton,11001_00,cuff,False,
hrviton,11001_00,button hole,False,
hrviton,11001_00,button,False,
hrviton,11001_00,pocket,False,
hrviton,11001_00,zipper,False,
hrviton,11001_00,sleeve,True,0.5973144173622131
hrviton,11001_00,shoulder,True,0.5058382153511047
hrviton,11001_00,logo,False,
hrviton,10843_00,collar,False,
hrviton,10843_00,lapel,False,
hrviton,10843_00,cuff,False,
hrviton,10843_00,button hole,False,
hrviton,10843_00,button,False,
hrviton,10843_00,pocket,False,
hrviton,10843_00,zipper,False,
hrviton,10843_00,sleeve,True,0.5245835781097412
hrviton,10843_00,shoulder,True,0.45248210430145264
hrviton,10843_00,logo,False,
hrviton,13491_00,collar,False,
hrviton,13491_00,lapel,False,
hrviton,13491_00,cuff,False,
hrviton,13491_00,button hole,False,
hrviton,13491_00,button,False,
hrviton,13491_00,pocket,False,
hrviton,13491_00,zipper,False,
hrviton,13491_00,sleeve,True,0.28895944356918335
hrviton,13491_00,shoulder,True,0.3156660795211792
hrviton,13491_00,logo,True,0.524924099445343
hrviton,07965_00,collar,True,0.3154928386211395
hrviton,07965_00,lapel,False,
hrviton,07965_00,cuff,True,0.45144373178482056
hrviton,07965_00,button hole,False,
hrviton,07965_00,button,False,
hrviton,07965_00,pocket,False,
hrviton,07965_00,zipper,False,
hrviton,07965_00,sleeve,True,0.34947463870048523
hrviton,07965_00,shoulder,True,0.2673003673553467
hrviton,07965_00,logo,False,
hrviton,08314_00,collar,False,
hrviton,08314_00,lapel,False,
hrviton,08314_00,cuff,False,
hrviton,08314_00,button hole,False,
hrviton,08314_00,button,False,
hrviton,08314_00,pocket,False,
hrviton,08314_00,zipper,False,
hrviton,08314_00,sleeve,True,0.32482367753982544
hrviton,08314_00,shoulder,True,0.35961124300956726
hrviton,08314_00,logo,False,
hrviton,01801_00,collar,False,
hrviton,01801_00,lapel,False,
hrviton,01801_00,cuff,False,
hrviton,01801_00,button hole,False,
hrviton,01801_00,button,False,
hrviton,01801_00,pocket,False,
hrviton,01801_00,zipper,False,
hrviton,01801_00,sleeve,False,
hrviton,01801_00,shoulder,True,0.4827670156955719
hrviton,01801_00,logo,False,
hrviton,12749_00,collar,False,
hrviton,12749_00,lapel,False,
hrviton,12749_00,cuff,False,
hrviton,12749_00,button hole,False,
hrviton,12749_00,button,False,
hrviton,12749_00,pocket,False,
hrviton,12749_00,zipper,False,
hrviton,12749_00,sleeve,True,0.45298686623573303
hrviton,12749_00,shoulder,True,0.48843246698379517
hrviton,12749_00,logo,False,
hrviton,01994_00,collar,False,
hrviton,01994_00,lapel,False,
hrviton,01994_00,cuff,False,
hrviton,01994_00,button hole,False,
hrviton,01994_00,button,False,
hrviton,01994_00,pocket,False,
hrviton,01994_00,zipper,False,
hrviton,01994_00,sleeve,True,0.25563183426856995
hrviton,01994_00,shoulder,True,0.26239362359046936
hrviton,01994_00,logo,False,
hrviton,04680_00,collar,False,
hrviton,04680_00,lapel,False,
hrviton,04680_00,cuff,False,
hrviton,04680_00,button hole,False,
hrviton,04680_00,button,True,0.39127087593078613
hrviton,04680_00,pocket,False,
hrviton,04680_00,zipper,False,
hrviton,04680_00,sleeve,False,
hrviton,04680_00,shoulder,True,0.2663721442222595
hrviton,04680_00,logo,False,
hrviton,05910_00,collar,False,
hrviton,05910_00,lapel,False,
hrviton,05910_00,cuff,False,
hrviton,05910_00,button hole,False,
hrviton,05910_00,button,False,
hrviton,05910_00,pocket,False,
hrviton,05910_00,zipper,False,
hrviton,05910_00,sleeve,False,
hrviton,05910_00,shoulder,True,0.7376523613929749
hrviton,05910_00,logo,False,
hrviton,03013_00,collar,True,0.5295072197914124
hrviton,03013_00,lapel,False,
hrviton,03013_00,cuff,False,
hrviton,03013_00,button hole,False,
hrviton,03013_00,button,False,
hrviton,03013_00,pocket,False,
hrviton,03013_00,zipper,False,
hrviton,03013_00,sleeve,True,0.5367311835289001
hrviton,03013_00,shoulder,True,0.45837217569351196
hrviton,03013_00,logo,False,
hrviton,05961_00,collar,False,
hrviton,05961_00,lapel,False,
hrviton,05961_00,cuff,False,
hrviton,05961_00,button hole,False,
hrviton,05961_00,button,False,
hrviton,05961_00,pocket,False,
hrviton,05961_00,zipper,False,
hrviton,05961_00,sleeve,True,0.5887026190757751
hrviton,05961_00,shoulder,True,0.6223064661026001
hrviton,05961_00,logo,False,
hrviton,11709_00,collar,True,0.7392298579216003
hrviton,11709_00,lapel,False,
hrviton,11709_00,cuff,False,
hrviton,11709_00,button hole,False,
hrviton,11709_00,button,False,
hrviton,11709_00,pocket,False,
hrviton,11709_00,zipper,False,
hrviton,11709_00,sleeve,True,0.6408173441886902
hrviton,11709_00,shoulder,True,0.7967442274093628
hrviton,11709_00,logo,False,
hrviton,14651_00,collar,True,0.7024025321006775
hrviton,14651_00,lapel,False,
hrviton,14651_00,cuff,True,0.454470157623291
hrviton,14651_00,button hole,False,
hrviton,14651_00,button,False,
hrviton,14651_00,pocket,False,
hrviton,14651_00,zipper,False,
hrviton,14651_00,sleeve,True,0.5206071138381958
hrviton,14651_00,shoulder,True,0.5341039896011353
hrviton,14651_00,logo,False,
hrviton,04699_00,collar,False,
hrviton,04699_00,lapel,False,
hrviton,04699_00,cuff,False,
hrviton,04699_00,button hole,False,
hrviton,04699_00,button,False,
hrviton,04699_00,pocket,False,
hrviton,04699_00,zipper,False,
hrviton,04699_00,sleeve,True,0.7600036263465881
hrviton,04699_00,shoulder,True,0.7223466038703918
hrviton,04699_00,logo,False,
hrviton,08650_00,collar,False,
hrviton,08650_00,lapel,False,
hrviton,08650_00,cuff,False,
hrviton,08650_00,button hole,False,
hrviton,08650_00,button,False,
hrviton,08650_00,pocket,False,
hrviton,08650_00,zipper,False,
hrviton,08650_00,sleeve,False,
hrviton,08650_00,shoulder,True,0.7196353077888489
hrviton,08650_00,logo,False,
hrviton,04893_00,collar,False,
hrviton,04893_00,lapel,False,
hrviton,04893_00,cuff,False,
hrviton,04893_00,button hole,False,
hrviton,04893_00,button,False,
hrviton,04893_00,pocket,False,
hrviton,04893_00,zipper,False,
hrviton,04893_00,sleeve,True,0.4544502794742584
hrviton,04893_00,shoulder,True,0.3996162414550781
hrviton,04893_00,logo,False,
hrviton,12541_00,collar,False,
hrviton,12541_00,lapel,False,
hrviton,12541_00,cuff,False,
hrviton,12541_00,button hole,False,
hrviton,12541_00,button,False,
hrviton,12541_00,pocket,False,
hrviton,12541_00,zipper,False,
hrviton,12541_00,sleeve,False,
hrviton,12541_00,shoulder,True,0.46747055649757385
hrviton,12541_00,logo,False,
hrviton,04652_00,collar,False,
hrviton,04652_00,lapel,False,
hrviton,04652_00,cuff,False,
hrviton,04652_00,button hole,False,
hrviton,04652_00,button,False,
hrviton,04652_00,pocket,False,
hrviton,04652_00,zipper,False,
hrviton,04652_00,sleeve,True,0.9154720306396484
hrviton,04652_00,shoulder,True,0.5999221801757812
hrviton,04652_00,logo,False,
hrviton,07884_00,collar,True,0.49791276454925537
hrviton,07884_00,lapel,False,
hrviton,07884_00,cuff,False,
hrviton,07884_00,button hole,False,
hrviton,07884_00,button,False,
hrviton,07884_00,pocket,False,
hrviton,07884_00,zipper,False,
hrviton,07884_00,sleeve,True,0.502647340297699
hrviton,07884_00,shoulder,True,0.3365072011947632
hrviton,07884_00,logo,True,0.3464161455631256
hrviton,07966_00,collar,False,
hrviton,07966_00,lapel,False,
hrviton,07966_00,cuff,False,
hrviton,07966_00,button hole,False,
hrviton,07966_00,button,False,
hrviton,07966_00,pocket,False,
hrviton,07966_00,zipper,False,
hrviton,07966_00,sleeve,True,0.4573803246021271
hrviton,07966_00,shoulder,True,0.40999835729599
hrviton,07966_00,logo,False,
hrviton,14173_00,collar,False,
hrviton,14173_00,lapel,False,
hrviton,14173_00,cuff,True,0.6235780715942383
hrviton,14173_00,button hole,False,
hrviton,14173_00,button,False,
hrviton,14173_00,pocket,False,
hrviton,14173_00,zipper,False,
hrviton,14173_00,sleeve,True,0.5502285361289978
hrviton,14173_00,shoulder,True,0.4456302523612976
hrviton,14173_00,logo,False,
hrviton,11913_00,collar,False,
hrviton,11913_00,lapel,False,
hrviton,11913_00,cuff,False,
hrviton,11913_00,button hole,False,
hrviton,11913_00,button,False,
hrviton,11913_00,pocket,False,
hrviton,11913_00,zipper,False,
hrviton,11913_00,sleeve,False,
hrviton,11913_00,shoulder,True,0.6016159057617188
hrviton,11913_00,logo,False,
hrviton,01090_00,collar,True,0.6721213459968567
hrviton,01090_00,lapel,False,
hrviton,01090_00,cuff,True,0.4238033890724182
hrviton,01090_00,button hole,False,
hrviton,01090_00,button,False,
hrviton,01090_00,pocket,False,
hrviton,01090_00,zipper,False,
hrviton,01090_00,sleeve,True,0.5302724838256836
hrviton,01090_00,shoulder,True,0.6514438986778259
hrviton,01090_00,logo,False,
hrviton,02871_00,collar,True,0.45758652687072754
hrviton,02871_00,lapel,False,
hrviton,02871_00,cuff,False,
hrviton,02871_00,button hole,False,
hrviton,02871_00,button,False,
hrviton,02871_00,pocket,False,
hrviton,02871_00,zipper,False,
hrviton,02871_00,sleeve,True,0.4176393151283264
hrviton,02871_00,shoulder,True,0.43530845642089844
hrviton,02871_00,logo,True,0.3514384925365448
hrviton,07573_00,collar,False,
hrviton,07573_00,lapel,False,
hrviton,07573_00,cuff,False,
hrviton,07573_00,button hole,False,
hrviton,07573_00,button,False,
hrviton,07573_00,pocket,False,
hrviton,07573_00,zipper,False,
hrviton,07573_00,sleeve,True,0.3876708149909973
hrviton,07573_00,shoulder,True,0.38062843680381775
hrviton,07573_00,logo,False,
hrviton,06939_00,collar,True,0.6857128143310547
hrviton,06939_00,lapel,False,
hrviton,06939_00,cuff,False,
hrviton,06939_00,button hole,False,
hrviton,06939_00,button,False,
hrviton,06939_00,pocket,False,
hrviton,06939_00,zipper,False,
hrviton,06939_00,sleeve,True,0.3245764970779419
hrviton,06939_00,shoulder,True,0.54729163646698
hrviton,06939_00,logo,True,0.5579878091812134
hrviton,08316_00,collar,True,0.632452666759491
hrviton,08316_00,lapel,False,
hrviton,08316_00,cuff,False,
hrviton,08316_00,button hole,False,
hrviton,08316_00,button,True,0.749382734298706
hrviton,08316_00,pocket,False,
hrviton,08316_00,zipper,False,
hrviton,08316_00,sleeve,True,0.5797770619392395
hrviton,08316_00,shoulder,True,0.5241480469703674
hrviton,08316_00,logo,False,
hrviton,02327_00,collar,True,0.6095479726791382
hrviton,02327_00,lapel,False,
hrviton,02327_00,cuff,False,
hrviton,02327_00,button hole,False,
hrviton,02327_00,button,False,
hrviton,02327_00,pocket,False,
hrviton,02327_00,zipper,False,
hrviton,02327_00,sleeve,False,
hrviton,02327_00,shoulder,True,0.6011666059494019
hrviton,02327_00,logo,False,
hrviton,08149_00,collar,False,
hrviton,08149_00,lapel,False,
hrviton,08149_00,cuff,True,0.3577216863632202
hrviton,08149_00,button hole,False,
hrviton,08149_00,button,False,
hrviton,08149_00,pocket,False,
hrviton,08149_00,zipper,False,
hrviton,08149_00,sleeve,True,0.3829692304134369
hrviton,08149_00,shoulder,True,0.3801420331001282
hrviton,08149_00,logo,False,
hrviton,11985_00,collar,False,
hrviton,11985_00,lapel,False,
hrviton,11985_00,cuff,False,
hrviton,11985_00,button hole,False,
hrviton,11985_00,button,False,
hrviton,11985_00,pocket,False,
hrviton,11985_00,zipper,False,
hrviton,11985_00,sleeve,True,0.8321425914764404
hrviton,11985_00,shoulder,True,1.0359774827957153
hrviton,11985_00,logo,False,
hrviton,09912_00,collar,False,
hrviton,09912_00,lapel,False,
hrviton,09912_00,cuff,False,
hrviton,09912_00,button hole,False,
hrviton,09912_00,button,False,
hrviton,09912_00,pocket,False,
hrviton,09912_00,zipper,False,
hrviton,09912_00,sleeve,True,0.3055509030818939
hrviton,09912_00,shoulder,True,0.3153418004512787
hrviton,09912_00,logo,False,
hrviton,01827_00,collar,True,0.8835689425468445
hrviton,01827_00,lapel,False,
hrviton,01827_00,cuff,False,
hrviton,01827_00,button hole,False,
hrviton,01827_00,button,False,
hrviton,01827_00,pocket,True,0.9459922909736633
hrviton,01827_00,zipper,False,
hrviton,01827_00,sleeve,True,0.7480391263961792
hrviton,01827_00,shoulder,True,0.7956573367118835
hrviton,01827_00,logo,False,
hrviton,14009_00,collar,True,0.675441563129425
hrviton,14009_00,lapel,False,
hrviton,14009_00,cuff,False,
hrviton,14009_00,button hole,False,
hrviton,14009_00,button,False,
hrviton,14009_00,pocket,False,
hrviton,14009_00,zipper,False,
hrviton,14009_00,sleeve,False,
hrviton,14009_00,shoulder,True,0.6701048016548157
hrviton,14009_00,logo,False,
hrviton,10352_00,collar,True,0.5711172223091125
hrviton,10352_00,lapel,False,
hrviton,10352_00,cuff,False,
hrviton,10352_00,button hole,False,
hrviton,10352_00,button,False,
hrviton,10352_00,pocket,False,
hrviton,10352_00,zipper,False,
hrviton,10352_00,sleeve,True,0.612691342830658
hrviton,10352_00,shoulder,True,0.5728118419647217
hrviton,10352_00,logo,False,
hrviton,10680_00,collar,False,
hrviton,10680_00,lapel,False,
hrviton,10680_00,cuff,True,0.7349412441253662
hrviton,10680_00,button hole,False,
hrviton,10680_00,button,False,
hrviton,10680_00,pocket,False,
hrviton,10680_00,zipper,False,
hrviton,10680_00,sleeve,True,0.6509199142456055
hrviton,10680_00,shoulder,True,0.5429052114486694
hrviton,10680_00,logo,False,
hrviton,09949_00,collar,False,
hrviton,09949_00,lapel,False,
hrviton,09949_00,cuff,False,
hrviton,09949_00,button hole,False,
hrviton,09949_00,button,False,
hrviton,09949_00,pocket,False,
hrviton,09949_00,zipper,False,
hrviton,09949_00,sleeve,True,0.6896905303001404
hrviton,09949_00,shoulder,True,0.470138281583786
hrviton,09949_00,logo,False,
hrviton,09412_00,collar,False,
hrviton,09412_00,lapel,False,
hrviton,09412_00,cuff,False,
hrviton,09412_00,button hole,False,
hrviton,09412_00,button,False,
hrviton,09412_00,pocket,False,
hrviton,09412_00,zipper,False,
hrviton,09412_00,sleeve,True,0.43992677330970764
hrviton,09412_00,shoulder,True,0.6335770487785339
hrviton,09412_00,logo,False,
hrviton,14189_00,collar,False,
hrviton,14189_00,lapel,False,
hrviton,14189_00,cuff,False,
hrviton,14189_00,button hole,False,
hrviton,14189_00,button,False,
hrviton,14189_00,pocket,False,
hrviton,14189_00,zipper,False,
hrviton,14189_00,sleeve,True,0.5507583618164062
hrviton,14189_00,shoulder,True,0.2972172498703003
hrviton,14189_00,logo,False,
hrviton,04562_00,collar,True,0.886629045009613
hrviton,04562_00,lapel,False,
hrviton,04562_00,cuff,False,
hrviton,04562_00,button hole,False,
hrviton,04562_00,button,False,
hrviton,04562_00,pocket,False,
hrviton,04562_00,zipper,False,
hrviton,04562_00,sleeve,True,1.0330826044082642
hrviton,04562_00,shoulder,True,0.8962342143058777
hrviton,04562_00,logo,False,
hrviton,07825_00,collar,True,0.40837302803993225
hrviton,07825_00,lapel,False,
hrviton,07825_00,cuff,True,0.3413594961166382
hrviton,07825_00,button hole,False,
hrviton,07825_00,button,False,
hrviton,07825_00,pocket,False,
hrviton,07825_00,zipper,False,
hrviton,07825_00,sleeve,True,0.4500814974308014
hrviton,07825_00,shoulder,True,0.4748474359512329
hrviton,07825_00,logo,False,
hrviton,12362_00,collar,False,
hrviton,12362_00,lapel,False,
hrviton,12362_00,cuff,False,
hrviton,12362_00,button hole,False,
hrviton,12362_00,button,False,
hrviton,12362_00,pocket,False,
hrviton,12362_00,zipper,False,
hrviton,12362_00,sleeve,True,0.28480806946754456
hrviton,12362_00,shoulder,True,0.28684985637664795
hrviton,12362_00,logo,True,0.3142795264720917
hrviton,11206_00,collar,False,
hrviton,11206_00,lapel,False,
hrviton,11206_00,cuff,False,
hrviton,11206_00,button hole,False,
hrviton,11206_00,button,False,
hrviton,11206_00,pocket,False,
hrviton,11206_00,zipper,False,
hrviton,11206_00,sleeve,True,0.37462207674980164
hrviton,11206_00,shoulder,True,0.4083252251148224
hrviton,11206_00,logo,False,
hrviton,06978_00,collar,False,
hrviton,06978_00,lapel,False,
hrviton,06978_00,cuff,False,
hrviton,06978_00,button hole,False,
hrviton,06978_00,button,False,
hrviton,06978_00,pocket,False,
hrviton,06978_00,zipper,False,
hrviton,06978_00,sleeve,True,0.46330079436302185
hrviton,06978_00,shoulder,True,0.45660191774368286
hrviton,06978_00,logo,False,
hrviton,02743_00,collar,True,0.5467196702957153
hrviton,02743_00,lapel,False,
hrviton,02743_00,cuff,True,0.5981208682060242
hrviton,02743_00,button hole,False,
hrviton,02743_00,button,False,
hrviton,02743_00,pocket,False,
hrviton,02743_00,zipper,False,
hrviton,02743_00,sleeve,True,0.7180068492889404
hrviton,02743_00,shoulder,True,0.5740981698036194
hrviton,02743_00,logo,True,0.6402018666267395
hrviton,10265_00,collar,False,
hrviton,10265_00,lapel,False,
hrviton,10265_00,cuff,False,
hrviton,10265_00,button hole,False,
hrviton,10265_00,button,False,
hrviton,10265_00,pocket,False,
hrviton,10265_00,zipper,False,
hrviton,10265_00,sleeve,False,
hrviton,10265_00,shoulder,True,0.5386704206466675
hrviton,10265_00,logo,False,
hrviton,09215_00,collar,True,0.35392412543296814
hrviton,09215_00,lapel,False,
hrviton,09215_00,cuff,False,
hrviton,09215_00,button hole,False,
hrviton,09215_00,button,False,
hrviton,09215_00,pocket,False,
hrviton,09215_00,zipper,False,
hrviton,09215_00,sleeve,True,0.4038814306259155
hrviton,09215_00,shoulder,True,0.33529025316238403
hrviton,09215_00,logo,False,
hrviton,07396_00,collar,False,
hrviton,07396_00,lapel,False,
hrviton,07396_00,cuff,False,
hrviton,07396_00,button hole,False,
hrviton,07396_00,button,False,
hrviton,07396_00,pocket,False,
hrviton,07396_00,zipper,False,
hrviton,07396_00,sleeve,True,0.6364364624023438
hrviton,07396_00,shoulder,True,0.5753134489059448
hrviton,07396_00,logo,False,
hrviton,06192_00,collar,True,0.40810903906822205
hrviton,06192_00,lapel,False,
hrviton,06192_00,cuff,True,0.3223417103290558
hrviton,06192_00,button hole,False,
hrviton,06192_00,button,False,
hrviton,06192_00,pocket,False,
hrviton,06192_00,zipper,False,
hrviton,06192_00,sleeve,True,0.3739272952079773
hrviton,06192_00,shoulder,True,0.42615675926208496
hrviton,06192_00,logo,False,
hrviton,11892_00,collar,False,
hrviton,11892_00,lapel,False,
hrviton,11892_00,cuff,False,
hrviton,11892_00,button hole,False,
hrviton,11892_00,button,False,
hrviton,11892_00,pocket,False,
hrviton,11892_00,zipper,False,
hrviton,11892_00,sleeve,False,
hrviton,11892_00,shoulder,True,0.4188094139099121
hrviton,11892_00,logo,False,
hrviton,11994_00,collar,True,0.7687023878097534
hrviton,11994_00,lapel,False,
hrviton,11994_00,cuff,False,
hrviton,11994_00,button hole,False,
hrviton,11994_00,button,True,0.7783716320991516
hrviton,11994_00,pocket,False,
hrviton,11994_00,zipper,False,
hrviton,11994_00,sleeve,True,0.5806166529655457
hrviton,11994_00,shoulder,True,0.6556897163391113
hrviton,11994_00,logo,False,
hrviton,03950_00,collar,False,
hrviton,03950_00,lapel,False,
hrviton,03950_00,cuff,False,
hrviton,03950_00,button hole,False,
hrviton,03950_00,button,False,
hrviton,03950_00,pocket,False,
hrviton,03950_00,zipper,False,
hrviton,03950_00,sleeve,True,0.5948637127876282
hrviton,03950_00,shoulder,True,0.921437680721283
hrviton,03950_00,logo,False,
hrviton,01832_00,collar,True,0.3140338063240051
hrviton,01832_00,lapel,False,
hrviton,01832_00,cuff,False,
hrviton,01832_00,button hole,False,
hrviton,01832_00,button,False,
hrviton,01832_00,pocket,False,
hrviton,01832_00,zipper,False,
hrviton,01832_00,sleeve,True,0.3506530523300171
hrviton,01832_00,shoulder,True,0.3139398992061615
hrviton,01832_00,logo,False,
hrviton,11054_00,collar,True,0.6759902238845825
hrviton,11054_00,lapel,False,
hrviton,11054_00,cuff,True,0.8667335510253906
hrviton,11054_00,button hole,False,
hrviton,11054_00,button,False,
hrviton,11054_00,pocket,False,
hrviton,11054_00,zipper,False,
hrviton,11054_00,sleeve,True,0.9615951180458069
hrviton,11054_00,shoulder,True,0.6699836850166321
hrviton,11054_00,logo,False,
hrviton,02457_00,collar,False,
hrviton,02457_00,lapel,False,
hrviton,02457_00,cuff,False,
hrviton,02457_00,button hole,False,
hrviton,02457_00,button,False,
hrviton,02457_00,pocket,False,
hrviton,02457_00,zipper,False,
hrviton,02457_00,sleeve,True,0.37967437505722046
hrviton,02457_00,shoulder,True,0.29068073630332947
hrviton,02457_00,logo,False,
hrviton,14181_00,collar,True,0.5853272080421448
hrviton,14181_00,lapel,False,
hrviton,14181_00,cuff,True,0.6415446996688843
hrviton,14181_00,button hole,False,
hrviton,14181_00,button,False,
hrviton,14181_00,pocket,False,
hrviton,14181_00,zipper,False,
hrviton,14181_00,sleeve,True,0.7989786267280579
hrviton,14181_00,shoulder,True,0.5491541624069214
hrviton,14181_00,logo,True,0.5269808769226074
hrviton,08102_00,collar,True,0.5898274779319763
hrviton,08102_00,lapel,False,
hrviton,08102_00,cuff,False,
hrviton,08102_00,button hole,False,
hrviton,08102_00,button,False,
hrviton,08102_00,pocket,False,
hrviton,08102_00,zipper,False,
hrviton,08102_00,sleeve,True,0.5291390419006348
hrviton,08102_00,shoulder,False,
hrviton,08102_00,logo,False,
hrviton,01046_00,collar,False,
hrviton,01046_00,lapel,False,
hrviton,01046_00,cuff,True,0.9610273838043213
hrviton,01046_00,button hole,False,
hrviton,01046_00,button,True,0.7293137311935425
hrviton,01046_00,pocket,False,
hrviton,01046_00,zipper,False,
hrviton,01046_00,sleeve,True,0.9202951788902283
hrviton,01046_00,shoulder,False,
hrviton,01046_00,logo,False,
hrviton,07847_00,collar,False,
hrviton,07847_00,lapel,False,
hrviton,07847_00,cuff,False,
hrviton,07847_00,button hole,False,
hrviton,07847_00,button,False,
hrviton,07847_00,pocket,False,
hrviton,07847_00,zipper,False,
hrviton,07847_00,sleeve,True,0.7083156704902649
hrviton,07847_00,shoulder,True,0.5887956023216248
hrviton,07847_00,logo,False,
hrviton,01503_00,collar,False,
hrviton,01503_00,lapel,False,
hrviton,01503_00,cuff,False,
hrviton,01503_00,button hole,False,
hrviton,01503_00,button,False,
hrviton,01503_00,pocket,False,
hrviton,01503_00,zipper,False,
hrviton,01503_00,sleeve,True,0.3532574474811554
hrviton,01503_00,shoulder,True,0.309751033782959
hrviton,01503_00,logo,False,
hrviton,02400_00,collar,False,
hrviton,02400_00,lapel,False,
hrviton,02400_00,cuff,False,
hrviton,02400_00,button hole,False,
hrviton,02400_00,button,False,
hrviton,02400_00,pocket,False,
hrviton,02400_00,zipper,False,
hrviton,02400_00,sleeve,True,0.6668500304222107
hrviton,02400_00,shoulder,True,0.7135107517242432
hrviton,02400_00,logo,False,
hrviton,09487_00,collar,True,0.5338908433914185
hrviton,09487_00,lapel,False,
hrviton,09487_00,cuff,True,0.6755377054214478
hrviton,09487_00,button hole,False,
hrviton,09487_00,button,False,
hrviton,09487_00,pocket,False,
hrviton,09487_00,zipper,False,
hrviton,09487_00,sleeve,True,0.8084344267845154
hrviton,09487_00,shoulder,True,0.6433122754096985
hrviton,09487_00,logo,False,
hrviton,08232_00,collar,True,0.6056720018386841
hrviton,08232_00,lapel,False,
hrviton,08232_00,cuff,False,
hrviton,08232_00,button hole,False,
hrviton,08232_00,button,True,0.7080614566802979
hrviton,08232_00,pocket,False,
hrviton,08232_00,zipper,False,
hrviton,08232_00,sleeve,True,0.6319761276245117
hrviton,08232_00,shoulder,True,0.6822126507759094
hrviton,08232_00,logo,False,
hrviton,13589_00,collar,False,
hrviton,13589_00,lapel,False,
hrviton,13589_00,cuff,False,
hrviton,13589_00,button hole,False,
hrviton,13589_00,button,False,
hrviton,13589_00,pocket,False,
hrviton,13589_00,zipper,False,
hrviton,13589_00,sleeve,True,0.7368901968002319
hrviton,13589_00,shoulder,True,0.5188965201377869
hrviton,13589_00,logo,False,
hrviton,00013_00,collar,True,0.4341980218887329
hrviton,00013_00,lapel,False,
hrviton,00013_00,cuff,True,0.42899248003959656
hrviton,00013_00,button hole,False,
hrviton,00013_00,button,False,
hrviton,00013_00,pocket,False,
hrviton,00013_00,zipper,False,
hrviton,00013_00,sleeve,True,0.457018107175827
hrviton,00013_00,shoulder,True,0.43473905324935913
hrviton,00013_00,logo,True,0.49267491698265076
hrviton,14471_00,collar,False,
hrviton,14471_00,lapel,False,
hrviton,14471_00,cuff,True,0.7743098139762878
hrviton,14471_00,button hole,False,
hrviton,14471_00,button,False,
hrviton,14471_00,pocket,False,
hrviton,14471_00,zipper,False,
hrviton,14471_00,sleeve,True,0.6447398662567139
hrviton,14471_00,shoulder,True,0.7242174744606018
hrviton,14471_00,logo,False,
hrviton,00698_00,collar,False,
hrviton,00698_00,lapel,False,
hrviton,00698_00,cuff,False,
hrviton,00698_00,button hole,False,
hrviton,00698_00,button,False,
hrviton,00698_00,pocket,False,
hrviton,00698_00,zipper,False,
hrviton,00698_00,sleeve,True,0.36892467737197876
hrviton,00698_00,shoulder,True,0.3211967945098877
hrviton,00698_00,logo,False,
hrviton,11438_00,collar,False,
hrviton,11438_00,lapel,False,
hrviton,11438_00,cuff,False,
hrviton,11438_00,button hole,False,
hrviton,11438_00,button,False,
hrviton,11438_00,pocket,False,
hrviton,11438_00,zipper,False,
hrviton,11438_00,sleeve,True,0.4148430824279785
hrviton,11438_00,shoulder,True,0.47041216492652893
hrviton,11438_00,logo,False,
hrviton,10495_00,collar,False,
hrviton,10495_00,lapel,False,
hrviton,10495_00,cuff,False,
hrviton,10495_00,button hole,False,
hrviton,10495_00,button,False,
hrviton,10495_00,pocket,False,
hrviton,10495_00,zipper,False,
hrviton,10495_00,sleeve,False,
hrviton,10495_00,shoulder,True,0.7268276214599609
hrviton,10495_00,logo,False,
hrviton,13140_00,collar,False,
hrviton,13140_00,lapel,False,
hrviton,13140_00,cuff,True,0.37546780705451965
hrviton,13140_00,button hole,False,
hrviton,13140_00,button,False,
hrviton,13140_00,pocket,False,
hrviton,13140_00,zipper,False,
hrviton,13140_00,sleeve,True,0.4133342504501343
hrviton,13140_00,shoulder,True,0.5544752478599548
hrviton,13140_00,logo,False,
hrviton,11799_00,collar,True,0.5194827914237976
hrviton,11799_00,lapel,False,
hrviton,11799_00,cuff,False,
hrviton,11799_00,button hole,False,
hrviton,11799_00,button,False,
hrviton,11799_00,pocket,False,
hrviton,11799_00,zipper,False,
hrviton,11799_00,sleeve,True,0.3527364730834961
hrviton,11799_00,shoulder,True,0.5511099696159363
hrviton,11799_00,logo,False,
hrviton,01767_00,collar,False,
hrviton,01767_00,lapel,False,
hrviton,01767_00,cuff,False,
hrviton,01767_00,button hole,False,
hrviton,01767_00,button,True,0.4472162425518036
hrviton,01767_00,pocket,False,
hrviton,01767_00,zipper,False,
hrviton,01767_00,sleeve,True,0.46313050389289856
hrviton,01767_00,shoulder,True,0.38465288281440735
hrviton,01767_00,logo,False,
hrviton,11556_00,collar,False,
hrviton,11556_00,lapel,False,
hrviton,11556_00,cuff,True,0.5389633774757385
hrviton,11556_00,button hole,False,
hrviton,11556_00,button,False,
hrviton,11556_00,pocket,False,
hrviton,11556_00,zipper,False,
hrviton,11556_00,sleeve,True,0.6345359683036804
hrviton,11556_00,shoulder,True,0.43988075852394104
hrviton,11556_00,logo,False,
hrviton,14059_00,collar,False,
hrviton,14059_00,lapel,False,
hrviton,14059_00,cuff,False,
hrviton,14059_00,button hole,False,
hrviton,14059_00,button,False,
hrviton,14059_00,pocket,False,
hrviton,14059_00,zipper,False,
hrviton,14059_00,sleeve,False,
hrviton,14059_00,shoulder,True,0.7265170216560364
hrviton,14059_00,logo,False,
hrviton,13967_00,collar,False,
hrviton,13967_00,lapel,False,
hrviton,13967_00,cuff,False,
hrviton,13967_00,button hole,False,
hrviton,13967_00,button,False,
hrviton,13967_00,pocket,False,
hrviton,13967_00,zipper,False,
hrviton,13967_00,sleeve,True,0.6770529747009277
hrviton,13967_00,shoulder,True,0.6061350703239441
hrviton,13967_00,logo,False,
hrviton,00827_00,collar,False,
hrviton,00827_00,lapel,False,
hrviton,00827_00,cuff,False,
hrviton,00827_00,button hole,False,
hrviton,00827_00,button,False,
hrviton,00827_00,pocket,False,
hrviton,00827_00,zipper,False,
hrviton,00827_00,sleeve,False,
hrviton,00827_00,shoulder,True,0.46952706575393677
hrviton,00827_00,logo,False,
hrviton,03935_00,collar,True,0.6172551512718201
hrviton,03935_00,lapel,False,
hrviton,03935_00,cuff,True,0.5283254981040955
hrviton,03935_00,button hole,False,
hrviton,03935_00,button,False,
hrviton,03935_00,pocket,False,
hrviton,03935_00,zipper,False,
hrviton,03935_00,sleeve,True,0.445700466632843
hrviton,03935_00,shoulder,True,0.46223437786102295
hrviton,03935_00,logo,False,
hrviton,10428_00,collar,False,
hrviton,10428_00,lapel,False,
hrviton,10428_00,cuff,False,
hrviton,10428_00,button hole,False,
hrviton,10428_00,button,False,
hrviton,10428_00,pocket,False,
hrviton,10428_00,zipper,False,
hrviton,10428_00,sleeve,True,0.7082563042640686
hrviton,10428_00,shoulder,True,0.728581428527832
hrviton,10428_00,logo,False,
hrviton,13172_00,collar,True,0.35773229598999023
hrviton,13172_00,lapel,False,
hrviton,13172_00,cuff,False,
hrviton,13172_00,button hole,False,
hrviton,13172_00,button,False,
hrviton,13172_00,pocket,False,
hrviton,13172_00,zipper,False,
hrviton,13172_00,sleeve,True,0.2995520532131195
hrviton,13172_00,shoulder,True,0.279948353767395
hrviton,13172_00,logo,True,0.28027087450027466
hrviton,12419_00,collar,False,
hrviton,12419_00,lapel,False,
hrviton,12419_00,cuff,False,
hrviton,12419_00,button hole,False,
hrviton,12419_00,button,False,
hrviton,12419_00,pocket,False,
hrviton,12419_00,zipper,False,
hrviton,12419_00,sleeve,False,
hrviton,12419_00,shoulder,True,0.3434341847896576
hrviton,12419_00,logo,False,
hrviton,11993_00,collar,True,0.4798007011413574
hrviton,11993_00,lapel,False,
hrviton,11993_00,cuff,True,0.506007730960846
hrviton,11993_00,button hole,False,
hrviton,11993_00,button,False,
hrviton,11993_00,pocket,False,
hrviton,11993_00,zipper,False,
hrviton,11993_00,sleeve,True,0.503829836845398
hrviton,11993_00,shoulder,True,0.5280116200447083
hrviton,11993_00,logo,False,
hrviton,11766_00,collar,True,0.3080139458179474
hrviton,11766_00,lapel,False,
hrviton,11766_00,cuff,False,
hrviton,11766_00,button hole,False,
hrviton,11766_00,button,False,
hrviton,11766_00,pocket,False,
hrviton,11766_00,zipper,False,
hrviton,11766_00,sleeve,True,0.30918076634407043
hrviton,11766_00,shoulder,True,0.3210374116897583
hrviton,11766_00,logo,False,
hrviton,02372_00,collar,False,
hrviton,02372_00,lapel,False,
hrviton,02372_00,cuff,False,
hrviton,02372_00,button hole,False,
hrviton,02372_00,button,False,
hrviton,02372_00,pocket,False,
hrviton,02372_00,zipper,False,
hrviton,02372_00,sleeve,False,
hrviton,02372_00,shoulder,True,0.9732768535614014
hrviton,02372_00,logo,False,
hrviton,09751_00,collar,True,0.5479523539543152
hrviton,09751_00,lapel,False,
hrviton,09751_00,cuff,False,
hrviton,09751_00,button hole,False,
hrviton,09751_00,button,False,
hrviton,09751_00,pocket,True,0.5806311368942261
hrviton,09751_00,zipper,False,
hrviton,09751_00,sleeve,False,
hrviton,09751_00,shoulder,True,0.5452263355255127
hrviton,09751_00,logo,False,
hrviton,08158_00,collar,True,0.5395494103431702
hrviton,08158_00,lapel,False,
hrviton,08158_00,cuff,True,0.6970717906951904
hrviton,08158_00,button hole,False,
hrviton,08158_00,button,False,
hrviton,08158_00,pocket,False,
hrviton,08158_00,zipper,False,
hrviton,08158_00,sleeve,True,0.6147986054420471
hrviton,08158_00,shoulder,True,0.5979909896850586
hrviton,08158_00,logo,False,
hrviton,06730_00,collar,True,0.5215722918510437
hrviton,06730_00,lapel,False,
hrviton,06730_00,cuff,True,0.5792683959007263
hrviton,06730_00,button hole,False,
hrviton,06730_00,button,False,
hrviton,06730_00,pocket,False,
hrviton,06730_00,zipper,False,
hrviton,06730_00,sleeve,True,0.5321891903877258
hrviton,06730_00,shoulder,True,0.447648823261261
hrviton,06730_00,logo,False,
hrviton,06753_00,collar,False,
hrviton,06753_00,lapel,False,
hrviton,06753_00,cuff,False,
hrviton,06753_00,button hole,False,
hrviton,06753_00,button,False,
hrviton,06753_00,pocket,False,
hrviton,06753_00,zipper,False,
hrviton,06753_00,sleeve,True,0.29459041357040405
hrviton,06753_00,shoulder,True,0.25268009305000305
hrviton,06753_00,logo,False,
hrviton,01386_00,collar,True,0.5221288800239563
hrviton,01386_00,lapel,False,
hrviton,01386_00,cuff,False,
hrviton,01386_00,button hole,False,
hrviton,01386_00,button,False,
hrviton,01386_00,pocket,False,
hrviton,01386_00,zipper,False,
hrviton,01386_00,sleeve,True,0.2762299180030823
hrviton,01386_00,shoulder,True,0.5328328609466553
hrviton,01386_00,logo,False,
hrviton,13126_00,collar,False,
hrviton,13126_00,lapel,False,
hrviton,13126_00,cuff,False,
hrviton,13126_00,button hole,False,
hrviton,13126_00,button,False,
hrviton,13126_00,pocket,False,
hrviton,13126_00,zipper,False,
hrviton,13126_00,sleeve,True,0.5594010949134827
hrviton,13126_00,shoulder,True,0.49904927611351013
hrviton,13126_00,logo,False,
hrviton,02810_00,collar,False,
hrviton,02810_00,lapel,False,
hrviton,02810_00,cuff,False,
hrviton,02810_00,button hole,False,
hrviton,02810_00,button,False,
hrviton,02810_00,pocket,True,0.4981483519077301
hrviton,02810_00,zipper,False,
hrviton,02810_00,sleeve,True,0.35398516058921814
hrviton,02810_00,shoulder,True,0.3747236430644989
hrviton,02810_00,logo,False,
hrviton,03191_00,collar,False,
hrviton,03191_00,lapel,False,
hrviton,03191_00,cuff,False,
hrviton,03191_00,button hole,False,
hrviton,03191_00,button,False,
hrviton,03191_00,pocket,False,
hrviton,03191_00,zipper,False,
hrviton,03191_00,sleeve,True,0.27117952704429626
hrviton,03191_00,shoulder,True,0.24635057151317596
hrviton,03191_00,logo,False,
hrviton,11372_00,collar,False,
hrviton,11372_00,lapel,False,
hrviton,11372_00,cuff,False,
hrviton,11372_00,button hole,False,
hrviton,11372_00,button,False,
hrviton,11372_00,pocket,False,
hrviton,11372_00,zipper,False,
hrviton,11372_00,sleeve,True,0.4522572159767151
hrviton,11372_00,shoulder,True,0.6020128726959229
hrviton,11372_00,logo,False,
hrviton,07694_00,collar,True,0.44385483860969543
hrviton,07694_00,lapel,False,
hrviton,07694_00,cuff,False,
hrviton,07694_00,button hole,False,
hrviton,07694_00,button,False,
hrviton,07694_00,pocket,False,
hrviton,07694_00,zipper,False,
hrviton,07694_00,sleeve,True,0.2909855842590332
hrviton,07694_00,shoulder,True,0.30170106887817383
hrviton,07694_00,logo,True,0.37495264410972595
hrviton,01900_00,collar,False,
hrviton,01900_00,lapel,False,
hrviton,01900_00,cuff,True,0.5151028037071228
hrviton,01900_00,button hole,False,
hrviton,01900_00,button,False,
hrviton,01900_00,pocket,False,
hrviton,01900_00,zipper,False,
hrviton,01900_00,sleeve,True,0.6239872574806213
hrviton,01900_00,shoulder,True,0.6069199442863464
hrviton,01900_00,logo,False,
hrviton,02253_00,collar,False,
hrviton,02253_00,lapel,False,
hrviton,02253_00,cuff,True,0.5088107585906982
hrviton,02253_00,button hole,False,
hrviton,02253_00,button,False,
hrviton,02253_00,pocket,False,
hrviton,02253_00,zipper,False,
hrviton,02253_00,sleeve,True,0.8120177388191223
hrviton,02253_00,shoulder,True,0.5750043392181396
hrviton,02253_00,logo,False,
hrviton,04430_00,collar,True,0.2200644612312317
hrviton,04430_00,lapel,False,
hrviton,04430_00,cuff,False,
hrviton,04430_00,button hole,False,
hrviton,04430_00,button,False,
hrviton,04430_00,pocket,False,
hrviton,04430_00,zipper,False,
hrviton,04430_00,sleeve,True,0.4592096209526062
hrviton,04430_00,shoulder,True,0.22019700706005096
hrviton,04430_00,logo,False,
hrviton,03991_00,collar,True,0.5903119444847107
hrviton,03991_00,lapel,False,
hrviton,03991_00,cuff,False,
hrviton,03991_00,button hole,False,
hrviton,03991_00,button,False,
hrviton,03991_00,pocket,False,
hrviton,03991_00,zipper,False,
hrviton,03991_00,sleeve,False,
hrviton,03991_00,shoulder,True,0.6002157926559448
hrviton,03991_00,logo,False,
hrviton,03608_00,collar,True,0.35701248049736023
hrviton,03608_00,lapel,False,
hrviton,03608_00,cuff,True,0.20773997902870178
hrviton,03608_00,button hole,False,
hrviton,03608_00,button,False,
hrviton,03608_00,pocket,False,
hrviton,03608_00,zipper,False,
hrviton,03608_00,sleeve,True,0.2938997745513916
hrviton,03608_00,shoulder,True,0.33330443501472473
hrviton,03608_00,logo,False,
hrviton,12651_00,collar,False,
hrviton,12651_00,lapel,False,
hrviton,12651_00,cuff,True,0.9634943008422852
hrviton,12651_00,button hole,False,
hrviton,12651_00,button,False,
hrviton,12651_00,pocket,False,
hrviton,12651_00,zipper,False,
hrviton,12651_00,sleeve,True,1.0820248126983643
hrviton,12651_00,shoulder,True,1.0743024349212646
hrviton,12651_00,logo,False,
hrviton,11600_00,collar,True,0.45587435364723206
hrviton,11600_00,lapel,False,
hrviton,11600_00,cuff,False,
hrviton,11600_00,button hole,False,
hrviton,11600_00,button,False,
hrviton,11600_00,pocket,False,
hrviton,11600_00,zipper,False,
hrviton,11600_00,sleeve,False,
hrviton,11600_00,shoulder,True,0.4315761923789978
hrviton,11600_00,logo,False,
hrviton,01917_00,collar,True,0.28551194071769714
hrviton,01917_00,lapel,False,
hrviton,01917_00,cuff,False,
hrviton,01917_00,button hole,False,
hrviton,01917_00,button,False,
hrviton,01917_00,pocket,False,
hrviton,01917_00,zipper,False,
hrviton,01917_00,sleeve,True,0.2982843220233917
hrviton,01917_00,shoulder,True,0.34967663884162903
hrviton,01917_00,logo,False,
hrviton,01026_00,collar,True,0.5405371189117432
hrviton,01026_00,lapel,False,
hrviton,01026_00,cuff,True,0.4342147707939148
hrviton,01026_00,button hole,False,
hrviton,01026_00,button,False,
hrviton,01026_00,pocket,False,
hrviton,01026_00,zipper,False,
hrviton,01026_00,sleeve,True,0.4233005940914154
hrviton,01026_00,shoulder,True,0.47593823075294495
hrviton,01026_00,logo,False,
hrviton,09845_00,collar,False,
hrviton,09845_00,lapel,False,
hrviton,09845_00,cuff,False,
hrviton,09845_00,button hole,False,
hrviton,09845_00,button,False,
hrviton,09845_00,pocket,False,
hrviton,09845_00,zipper,False,
hrviton,09845_00,sleeve,False,
hrviton,09845_00,shoulder,True,0.3905481994152069
hrviton,09845_00,logo,False,
hrviton,13517_00,collar,True,0.4362609386444092
hrviton,13517_00,lapel,False,
hrviton,13517_00,cuff,False,
hrviton,13517_00,button hole,False,
hrviton,13517_00,button,False,
hrviton,13517_00,pocket,False,
hrviton,13517_00,zipper,False,
hrviton,13517_00,sleeve,False,
hrviton,13517_00,shoulder,True,0.5510631799697876
hrviton,13517_00,logo,False,
hrviton,02388_00,collar,True,0.6251967549324036
hrviton,02388_00,lapel,False,
hrviton,02388_00,cuff,False,
hrviton,02388_00,button hole,False,
hrviton,02388_00,button,False,
hrviton,02388_00,pocket,False,
hrviton,02388_00,zipper,False,
hrviton,02388_00,sleeve,True,0.6377556920051575
hrviton,02388_00,shoulder,True,0.6201865077018738
hrviton,02388_00,logo,False,
hrviton,12365_00,collar,False,
hrviton,12365_00,lapel,False,
hrviton,12365_00,cuff,False,
hrviton,12365_00,button hole,False,
hrviton,12365_00,button,False,
hrviton,12365_00,pocket,False,
hrviton,12365_00,zipper,False,
hrviton,12365_00,sleeve,False,
hrviton,12365_00,shoulder,True,0.26977673172950745
hrviton,12365_00,logo,False,
hrviton,12572_00,collar,False,
hrviton,12572_00,lapel,False,
hrviton,12572_00,cuff,False,
hrviton,12572_00,button hole,False,
hrviton,12572_00,button,False,
hrviton,12572_00,pocket,False,
hrviton,12572_00,zipper,False,
hrviton,12572_00,sleeve,True,0.6016789078712463
hrviton,12572_00,shoulder,True,0.9330109357833862
hrviton,12572_00,logo,False,
hrviton_native,02180_00,collar,True,0.49747127294540405
hrviton_native,02180_00,lapel,False,
hrviton_native,02180_00,cuff,False,
hrviton_native,02180_00,button hole,False,
hrviton_native,02180_00,button,False,
hrviton_native,02180_00,pocket,False,
hrviton_native,02180_00,zipper,False,
hrviton_native,02180_00,sleeve,True,0.48110395669937134
hrviton_native,02180_00,shoulder,True,0.45139116048812866
hrviton_native,02180_00,logo,True,0.4613475799560547
hrviton_native,07150_00,collar,True,0.39117419719696045
hrviton_native,07150_00,lapel,False,
hrviton_native,07150_00,cuff,False,
hrviton_native,07150_00,button hole,False,
hrviton_native,07150_00,button,False,
hrviton_native,07150_00,pocket,False,
hrviton_native,07150_00,zipper,False,
hrviton_native,07150_00,sleeve,True,0.6446371078491211
hrviton_native,07150_00,shoulder,True,0.4554908275604248
hrviton_native,07150_00,logo,False,
hrviton_native,00401_00,collar,True,0.5773868560791016
hrviton_native,00401_00,lapel,False,
hrviton_native,00401_00,cuff,True,0.4855911135673523
hrviton_native,00401_00,button hole,False,
hrviton_native,00401_00,button,False,
hrviton_native,00401_00,pocket,False,
hrviton_native,00401_00,zipper,False,
hrviton_native,00401_00,sleeve,True,0.595456063747406
hrviton_native,00401_00,shoulder,False,
hrviton_native,00401_00,logo,False,
hrviton_native,00494_00,collar,False,
hrviton_native,00494_00,lapel,False,
hrviton_native,00494_00,cuff,True,0.39604508876800537
hrviton_native,00494_00,button hole,False,
hrviton_native,00494_00,button,False,
hrviton_native,00494_00,pocket,False,
hrviton_native,00494_00,zipper,False,
hrviton_native,00494_00,sleeve,True,0.590617835521698
hrviton_native,00494_00,shoulder,False,
hrviton_native,00494_00,logo,True,0.5607256889343262
hrviton_native,02336_00,collar,False,
hrviton_native,02336_00,lapel,False,
hrviton_native,02336_00,cuff,False,
hrviton_native,02336_00,button hole,False,
hrviton_native,02336_00,button,False,
hrviton_native,02336_00,pocket,False,
hrviton_native,02336_00,zipper,False,
hrviton_native,02336_00,sleeve,False,
hrviton_native,02336_00,shoulder,True,0.34019652009010315
hrviton_native,02336_00,logo,False,
hrviton_native,10731_00,collar,True,0.34374961256980896
hrviton_native,10731_00,lapel,False,
hrviton_native,10731_00,cuff,False,
hrviton_native,10731_00,button hole,False,
hrviton_native,10731_00,button,False,
hrviton_native,10731_00,pocket,False,
hrviton_native,10731_00,zipper,False,
hrviton_native,10731_00,sleeve,True,0.4515695571899414
hrviton_native,10731_00,shoulder,True,0.35470107197761536
hrviton_native,10731_00,logo,False,
hrviton_native,07212_00,collar,False,
hrviton_native,07212_00,lapel,False,
hrviton_native,07212_00,cuff,True,0.3313353359699249
hrviton_native,07212_00,button hole,False,
hrviton_native,07212_00,button,True,0.6106622219085693
hrviton_native,07212_00,pocket,False,
hrviton_native,07212_00,zipper,False,
hrviton_native,07212_00,sleeve,True,0.6224793195724487
hrviton_native,07212_00,shoulder,True,0.5632612109184265
hrviton_native,07212_00,logo,False,
hrviton_native,05544_00,collar,True,0.3469853699207306
hrviton_native,05544_00,lapel,False,
hrviton_native,05544_00,cuff,False,
hrviton_native,05544_00,button hole,False,
hrviton_native,05544_00,button,False,
hrviton_native,05544_00,pocket,False,
hrviton_native,05544_00,zipper,False,
hrviton_native,05544_00,sleeve,False,
hrviton_native,05544_00,shoulder,False,
hrviton_native,05544_00,logo,False,
hrviton_native,13988_00,collar,False,
hrviton_native,13988_00,lapel,False,
hrviton_native,13988_00,cuff,False,
hrviton_native,13988_00,button hole,False,
hrviton_native,13988_00,button,False,
hrviton_native,13988_00,pocket,False,
hrviton_native,13988_00,zipper,False,
hrviton_native,13988_00,sleeve,True,0.3636433780193329
hrviton_native,13988_00,shoulder,True,0.39024850726127625
hrviton_native,13988_00,logo,False,
hrviton_native,12661_00,collar,False,
hrviton_native,12661_00,lapel,False,
hrviton_native,12661_00,cuff,False,
hrviton_native,12661_00,button hole,False,
hrviton_native,12661_00,button,False,
hrviton_native,12661_00,pocket,False,
hrviton_native,12661_00,zipper,False,
hrviton_native,12661_00,sleeve,True,0.635217547416687
hrviton_native,12661_00,shoulder,True,0.6743683218955994
hrviton_native,12661_00,logo,False,
hrviton_native,05329_00,collar,False,
hrviton_native,05329_00,lapel,False,
hrviton_native,05329_00,cuff,False,
hrviton_native,05329_00,button hole,False,
hrviton_native,05329_00,button,False,
hrviton_native,05329_00,pocket,False,
hrviton_native,05329_00,zipper,False,
hrviton_native,05329_00,sleeve,True,0.8858656883239746
hrviton_native,05329_00,shoulder,True,0.7167608141899109
hrviton_native,05329_00,logo,False,
hrviton_native,01877_00,collar,True,0.5252129435539246
hrviton_native,01877_00,lapel,False,
hrviton_native,01877_00,cuff,False,
hrviton_native,01877_00,button hole,False,
hrviton_native,01877_00,button,False,
hrviton_native,01877_00,pocket,False,
hrviton_native,01877_00,zipper,False,
hrviton_native,01877_00,sleeve,True,0.535646915435791
hrviton_native,01877_00,shoulder,True,0.4506720006465912
hrviton_native,01877_00,logo,False,
hrviton_native,00272_00,collar,False,
hrviton_native,00272_00,lapel,False,
hrviton_native,00272_00,cuff,False,
hrviton_native,00272_00,button hole,False,
hrviton_native,00272_00,button,False,
hrviton_native,00272_00,pocket,False,
hrviton_native,00272_00,zipper,False,
hrviton_native,00272_00,sleeve,False,
hrviton_native,00272_00,shoulder,True,0.8637381792068481
hrviton_native,00272_00,logo,False,
hrviton_native,09940_00,collar,False,
hrviton_native,09940_00,lapel,False,
hrviton_native,09940_00,cuff,False,
hrviton_native,09940_00,button hole,False,
hrviton_native,09940_00,button,False,
hrviton_native,09940_00,pocket,False,
hrviton_native,09940_00,zipper,False,
hrviton_native,09940_00,sleeve,False,
hrviton_native,09940_00,shoulder,True,0.36546844244003296
hrviton_native,09940_00,logo,False,
hrviton_native,10657_00,collar,False,
hrviton_native,10657_00,lapel,False,
hrviton_native,10657_00,cuff,True,0.7164742350578308
hrviton_native,10657_00,button hole,False,
hrviton_native,10657_00,button,False,
hrviton_native,10657_00,pocket,False,
hrviton_native,10657_00,zipper,False,
hrviton_native,10657_00,sleeve,True,0.7161189317703247
hrviton_native,10657_00,shoulder,True,0.6947938799858093
hrviton_native,10657_00,logo,False,
hrviton_native,05156_00,collar,True,0.6618441343307495
hrviton_native,05156_00,lapel,False,
hrviton_native,05156_00,cuff,True,0.4940001666545868
hrviton_native,05156_00,button hole,False,
hrviton_native,05156_00,button,False,
hrviton_native,05156_00,pocket,False,
hrviton_native,05156_00,zipper,False,
hrviton_native,05156_00,sleeve,True,0.5068315863609314
hrviton_native,05156_00,shoulder,True,0.5398848056793213
hrviton_native,05156_00,logo,False,
hrviton_native,07599_00,collar,True,0.732314944267273
hrviton_native,07599_00,lapel,False,
hrviton_native,07599_00,cuff,False,
hrviton_native,07599_00,button hole,False,
hrviton_native,07599_00,button,False,
hrviton_native,07599_00,pocket,False,
hrviton_native,07599_00,zipper,False,
hrviton_native,07599_00,sleeve,False,
hrviton_native,07599_00,shoulder,True,0.6303114295005798
hrviton_native,07599_00,logo,False,
hrviton_native,04847_00,collar,True,0.9528524875640869
hrviton_native,04847_00,lapel,False,
hrviton_native,04847_00,cuff,False,
hrviton_native,04847_00,button hole,False,
hrviton_native,04847_00,button,False,
hrviton_native,04847_00,pocket,False,
hrviton_native,04847_00,zipper,False,
hrviton_native,04847_00,sleeve,True,0.6845445036888123
hrviton_native,04847_00,shoulder,False,
hrviton_native,04847_00,logo,True,1.0094958543777466
hrviton_native,07707_00,collar,False,
hrviton_native,07707_00,lapel,False,
hrviton_native,07707_00,cuff,False,
hrviton_native,07707_00,button hole,False,
hrviton_native,07707_00,button,False,
hrviton_native,07707_00,pocket,False,
hrviton_native,07707_00,zipper,False,
hrviton_native,07707_00,sleeve,False,
hrviton_native,07707_00,shoulder,True,0.4900144040584564
hrviton_native,07707_00,logo,False,
hrviton_native,04944_00,collar,True,0.48493942618370056
hrviton_native,04944_00,lapel,False,
hrviton_native,04944_00,cuff,False,
hrviton_native,04944_00,button hole,False,
hrviton_native,04944_00,button,False,
hrviton_native,04944_00,pocket,False,
hrviton_native,04944_00,zipper,False,
hrviton_native,04944_00,sleeve,True,0.31372344493865967
hrviton_native,04944_00,shoulder,True,0.4404614567756653
hrviton_native,04944_00,logo,False,
hrviton_native,09067_00,collar,False,
hrviton_native,09067_00,lapel,False,
hrviton_native,09067_00,cuff,True,0.3263896107673645
hrviton_native,09067_00,button hole,False,
hrviton_native,09067_00,button,True,0.4588310718536377
hrviton_native,09067_00,pocket,False,
hrviton_native,09067_00,zipper,False,
hrviton_native,09067_00,sleeve,True,0.43380817770957947
hrviton_native,09067_00,shoulder,True,0.37999191880226135
hrviton_native,09067_00,logo,False,
hrviton_native,11001_00,collar,False,
hrviton_native,11001_00,lapel,False,
hrviton_native,11001_00,cuff,False,
hrviton_native,11001_00,button hole,False,
hrviton_native,11001_00,button,False,
hrviton_native,11001_00,pocket,False,
hrviton_native,11001_00,zipper,False,
hrviton_native,11001_00,sleeve,True,0.5784726738929749
hrviton_native,11001_00,shoulder,True,0.4850524961948395
hrviton_native,11001_00,logo,False,
hrviton_native,10843_00,collar,False,
hrviton_native,10843_00,lapel,False,
hrviton_native,10843_00,cuff,False,
hrviton_native,10843_00,button hole,False,
hrviton_native,10843_00,button,False,
hrviton_native,10843_00,pocket,False,
hrviton_native,10843_00,zipper,False,
hrviton_native,10843_00,sleeve,True,0.5443350672721863
hrviton_native,10843_00,shoulder,True,0.47114428877830505
hrviton_native,10843_00,logo,False,
hrviton_native,13491_00,collar,False,
hrviton_native,13491_00,lapel,False,
hrviton_native,13491_00,cuff,False,
hrviton_native,13491_00,button hole,False,
hrviton_native,13491_00,button,False,
hrviton_native,13491_00,pocket,False,
hrviton_native,13491_00,zipper,False,
hrviton_native,13491_00,sleeve,True,0.3421836495399475
hrviton_native,13491_00,shoulder,True,0.38235846161842346
hrviton_native,13491_00,logo,True,0.561434268951416
hrviton_native,07965_00,collar,True,0.31761452555656433
hrviton_native,07965_00,lapel,False,
hrviton_native,07965_00,cuff,True,0.470731258392334
hrviton_native,07965_00,button hole,False,
hrviton_native,07965_00,button,False,
hrviton_native,07965_00,pocket,False,
hrviton_native,07965_00,zipper,False,
hrviton_native,07965_00,sleeve,True,0.4044649302959442
hrviton_native,07965_00,shoulder,True,0.3117249310016632
hrviton_native,07965_00,logo,False,
hrviton_native,08314_00,collar,False,
hrviton_native,08314_00,lapel,False,
hrviton_native,08314_00,cuff,False,
hrviton_native,08314_00,button hole,False,
hrviton_native,08314_00,button,False,
hrviton_native,08314_00,pocket,False,
hrviton_native,08314_00,zipper,False,
hrviton_native,08314_00,sleeve,True,0.364388108253479
hrviton_native,08314_00,shoulder,True,0.3440592885017395
hrviton_native,08314_00,logo,False,
hrviton_native,01801_00,collar,False,
hrviton_native,01801_00,lapel,False,
hrviton_native,01801_00,cuff,False,
hrviton_native,01801_00,button hole,False,
hrviton_native,01801_00,button,False,
hrviton_native,01801_00,pocket,False,
hrviton_native,01801_00,zipper,False,
hrviton_native,01801_00,sleeve,False,
hrviton_native,01801_00,shoulder,True,0.5457400679588318
hrviton_native,01801_00,logo,False,
hrviton_native,12749_00,collar,False,
hrviton_native,12749_00,lapel,False,
hrviton_native,12749_00,cuff,False,
hrviton_native,12749_00,button hole,False,
hrviton_native,12749_00,button,False,
hrviton_native,12749_00,pocket,False,
hrviton_native,12749_00,zipper,False,
hrviton_native,12749_00,sleeve,True,0.41740116477012634
hrviton_native,12749_00,shoulder,True,0.47921890020370483
hrviton_native,12749_00,logo,False,
hrviton_native,01994_00,collar,False,
hrviton_native,01994_00,lapel,False,
hrviton_native,01994_00,cuff,False,
hrviton_native,01994_00,button hole,False,
hrviton_native,01994_00,button,False,
hrviton_native,01994_00,pocket,False,
hrviton_native,01994_00,zipper,False,
hrviton_native,01994_00,sleeve,True,0.2836950719356537
hrviton_native,01994_00,shoulder,True,0.29929637908935547
hrviton_native,01994_00,logo,False,
hrviton_native,04680_00,collar,False,
hrviton_native,04680_00,lapel,False,
hrviton_native,04680_00,cuff,False,
hrviton_native,04680_00,button hole,False,
hrviton_native,04680_00,button,True,0.37422049045562744
hrviton_native,04680_00,pocket,False,
hrviton_native,04680_00,zipper,False,
hrviton_native,04680_00,sleeve,False,
hrviton_native,04680_00,shoulder,True,0.2965914309024811
hrviton_native,04680_00,logo,False,
hrviton_native,05910_00,collar,False,
hrviton_native,05910_00,lapel,False,
hrviton_native,05910_00,cuff,False,
hrviton_native,05910_00,button hole,False,
hrviton_native,05910_00,button,False,
hrviton_native,05910_00,pocket,False,
hrviton_native,05910_00,zipper,False,
hrviton_native,05910_00,sleeve,False,
hrviton_native,05910_00,shoulder,True,0.7848573327064514
hrviton_native,05910_00,logo,False,
hrviton_native,03013_00,collar,True,0.48940685391426086
hrviton_native,03013_00,lapel,False,
hrviton_native,03013_00,cuff,False,
hrviton_native,03013_00,button hole,False,
hrviton_native,03013_00,button,False,
hrviton_native,03013_00,pocket,False,
hrviton_native,03013_00,zipper,False,
hrviton_native,03013_00,sleeve,True,0.5277637839317322
hrviton_native,03013_00,shoulder,True,0.43648064136505127
hrviton_native,03013_00,logo,False,
hrviton_native,05961_00,collar,False,
hrviton_native,05961_00,lapel,False,
hrviton_native,05961_00,cuff,False,
hrviton_native,05961_00,button hole,False,
hrviton_native,05961_00,button,False,
hrviton_native,05961_00,pocket,False,
hrviton_native,05961_00,zipper,False,
hrviton_native,05961_00,sleeve,True,0.6827689409255981
hrviton_native,05961_00,shoulder,True,0.6648369431495667
hrviton_native,05961_00,logo,False,
hrviton_native,11709_00,collar,True,0.7418390512466431
hrviton_native,11709_00,lapel,False,
hrviton_native,11709_00,cuff,False,
hrviton_native,11709_00,button hole,False,
hrviton_native,11709_00,button,False,
hrviton_native,11709_00,pocket,False,
hrviton_native,11709_00,zipper,False,
hrviton_native,11709_00,sleeve,True,0.6006715297698975
hrviton_native,11709_00,shoulder,True,0.7760754227638245
hrviton_native,11709_00,logo,False,
hrviton_native,14651_00,collar,True,0.6714051365852356
hrviton_native,14651_00,lapel,False,
hrviton_native,14651_00,cuff,True,0.4691298007965088
hrviton_native,14651_00,button hole,False,
hrviton_native,14651_00,button,False,
hrviton_native,14651_00,pocket,False,
hrviton_native,14651_00,zipper,False,
hrviton_native,14651_00,sleeve,True,0.508582353591919
hrviton_native,14651_00,shoulder,True,0.5100094079971313
hrviton_native,14651_00,logo,False,
hrviton_native,04699_00,collar,False,
hrviton_native,04699_00,lapel,False,
hrviton_native,04699_00,cuff,False,
hrviton_native,04699_00,button hole,False,
hrviton_native,04699_00,button,False,
hrviton_native,04699_00,pocket,False,
hrviton_native,04699_00,zipper,False,
hrviton_native,04699_00,sleeve,True,0.79740309715271
hrviton_native,04699_00,shoulder,True,0.735743522644043
hrviton_native,04699_00,logo,False,
hrviton_native,08650_00,collar,False,
hrviton_native,08650_00,lapel,False,
hrviton_native,08650_00,cuff,False,
hrviton_native,08650_00,button hole,False,
hrviton_native,08650_00,button,False,
hrviton_native,08650_00,pocket,False,
hrviton_native,08650_00,zipper,False,
hrviton_native,08650_00,sleeve,False,
hrviton_native,08650_00,shoulder,True,0.6921608448028564
hrviton_native,08650_00,logo,False,
hrviton_native,04893_00,collar,False,
hrviton_native,04893_00,lapel,False,
hrviton_native,04893_00,cuff,False,
hrviton_native,04893_00,button hole,False,
hrviton_native,04893_00,button,False,
hrviton_native,04893_00,pocket,False,
hrviton_native,04893_00,zipper,False,
hrviton_native,04893_00,sleeve,True,0.3645440936088562
hrviton_native,04893_00,shoulder,True,0.506942868232727
hrviton_native,04893_00,logo,False,
hrviton_native,12541_00,collar,False,
hrviton_native,12541_00,lapel,False,
hrviton_native,12541_00,cuff,False,
hrviton_native,12541_00,button hole,False,
hrviton_native,12541_00,button,False,
hrviton_native,12541_00,pocket,False,
hrviton_native,12541_00,zipper,False,
hrviton_native,12541_00,sleeve,False,
hrviton_native,12541_00,shoulder,True,0.45615747570991516
hrviton_native,12541_00,logo,False,
hrviton_native,04652_00,collar,False,
hrviton_native,04652_00,lapel,False,
hrviton_native,04652_00,cuff,False,
hrviton_native,04652_00,button hole,False,
hrviton_native,04652_00,button,False,
hrviton_native,04652_00,pocket,False,
hrviton_native,04652_00,zipper,False,
hrviton_native,04652_00,sleeve,True,0.8646626472473145
hrviton_native,04652_00,shoulder,True,0.5028284788131714
hrviton_native,04652_00,logo,False,
hrviton_native,07884_00,collar,True,0.44282567501068115
hrviton_native,07884_00,lapel,False,
hrviton_native,07884_00,cuff,False,
hrviton_native,07884_00,button hole,False,
hrviton_native,07884_00,button,False,
hrviton_native,07884_00,pocket,False,
hrviton_native,07884_00,zipper,False,
hrviton_native,07884_00,sleeve,True,0.4154563546180725
hrviton_native,07884_00,shoulder,True,0.33764588832855225
hrviton_native,07884_00,logo,True,0.3649870455265045
hrviton_native,07966_00,collar,False,
hrviton_native,07966_00,lapel,False,
hrviton_native,07966_00,cuff,False,
hrviton_native,07966_00,button hole,False,
hrviton_native,07966_00,button,False,
hrviton_native,07966_00,pocket,False,
hrviton_native,07966_00,zipper,False,
hrviton_native,07966_00,sleeve,True,0.4028416574001312
hrviton_native,07966_00,shoulder,True,0.3783315420150757
hrviton_native,07966_00,logo,False,
hrviton_native,14173_00,collar,False,
hrviton_native,14173_00,lapel,False,
hrviton_native,14173_00,cuff,True,0.6471442580223083
hrviton_native,14173_00,button hole,False,
hrviton_native,14173_00,button,False,
hrviton_native,14173_00,pocket,False,
hrviton_native,14173_00,zipper,False,
hrviton_native,14173_00,sleeve,True,0.542966365814209
hrviton_native,14173_00,shoulder,True,0.4755581021308899
hrviton_native,14173_00,logo,False,
hrviton_native,11913_00,collar,False,
hrviton_native,11913_00,lapel,False,
hrviton_native,11913_00,cuff,False,
hrviton_native,11913_00,button hole,False,
hrviton_native,11913_00,button,False,
hrviton_native,11913_00,pocket,False,
hrviton_native,11913_00,zipper,False,
hrviton_native,11913_00,sleeve,False,
hrviton_native,11913_00,shoulder,True,0.5769199132919312
hrviton_native,11913_00,logo,False,
hrviton_native,01090_00,collar,True,0.6261776685714722
hrviton_native,01090_00,lapel,False,
hrviton_native,01090_00,cuff,True,0.4609188139438629
hrviton_native,01090_00,button hole,False,
hrviton_native,01090_00,button,False,
hrviton_native,01090_00,pocket,False,
hrviton_native,01090_00,zipper,False,
hrviton_native,01090_00,sleeve,True,0.4932335615158081
hrviton_native,01090_00,shoulder,True,0.5710247159004211
hrviton_native,01090_00,logo,False,
hrviton_native,02871_00,collar,True,0.45774561166763306
hrviton_native,02871_00,lapel,False,
hrviton_native,02871_00,cuff,False,
hrviton_native,02871_00,button hole,False,
hrviton_native,02871_00,button,False,
hrviton_native,02871_00,pocket,False,
hrviton_native,02871_00,zipper,False,
hrviton_native,02871_00,sleeve,True,0.40756264328956604
hrviton_native,02871_00,shoulder,True,0.41210585832595825
hrviton_native,02871_00,logo,True,0.3382561206817627
hrviton_native,07573_00,collar,False,
hrviton_native,07573_00,lapel,False,
hrviton_native,07573_00,cuff,False,
hrviton_native,07573_00,button hole,False,
hrviton_native,07573_00,button,False,
hrviton_native,07573_00,pocket,False,
hrviton_native,07573_00,zipper,False,
hrviton_native,07573_00,sleeve,True,0.43370747566223145
hrviton_native,07573_00,shoulder,True,0.4094797968864441
hrviton_native,07573_00,logo,False,
hrviton_native,06939_00,collar,True,0.6856968998908997
hrviton_native,06939_00,lapel,False,
hrviton_native,06939_00,cuff,False,
hrviton_native,06939_00,button hole,False,
hrviton_native,06939_00,button,False,
hrviton_native,06939_00,pocket,False,
hrviton_native,06939_00,zipper,False,
hrviton_native,06939_00,sleeve,True,0.3307185769081116
hrviton_native,06939_00,shoulder,True,0.5926777720451355
hrviton_native,06939_00,logo,True,0.5732606649398804
hrviton_native,08316_00,collar,True,0.6125607490539551
hrviton_native,08316_00,lapel,False,
hrviton_native,08316_00,cuff,False,
hrviton_native,08316_00,button hole,False,
hrviton_native,08316_00,button,True,0.7103134989738464
hrviton_native,08316_00,pocket,False,
hrviton_native,08316_00,zipper,False,
hrviton_native,08316_00,sleeve,True,0.5462080836296082
hrviton_native,08316_00,shoulder,True,0.5563206076622009
hrviton_native,08316_00,logo,False,
hrviton_native,02327_00,collar,True,0.6506352424621582
hrviton_native,02327_00,lapel,False,
hrviton_native,02327_00,cuff,False,
hrviton_native,02327_00,button hole,False,
hrviton_native,02327_00,button,False,
hrviton_native,02327_00,pocket,False,
hrviton_native,02327_00,zipper,False,
hrviton_native,02327_00,sleeve,False,
hrviton_native,02327_00,shoulder,True,0.5577822923660278
hrviton_native,02327_00,logo,False,
hrviton_native,08149_00,collar,False,
hrviton_native,08149_00,lapel,False,
hrviton_native,08149_00,cuff,True,0.3683839738368988
hrviton_native,08149_00,button hole,False,
hrviton_native,08149_00,button,False,
hrviton_native,08149_00,pocket,False,
hrviton_native,08149_00,zipper,False,
hrviton_native,08149_00,sleeve,True,0.41837581992149353
hrviton_native,08149_00,shoulder,True,0.46553632616996765
hrviton_native,08149_00,logo,False,
hrviton_native,11985_00,collar,False,
hrviton_native,11985_00,lapel,False,
hrviton_native,11985_00,cuff,False,
hrviton_native,11985_00,button hole,False,
hrviton_native,11985_00,button,False,
hrviton_native,11985_00,pocket,False,
hrviton_native,11985_00,zipper,False,
hrviton_native,11985_00,sleeve,True,0.5083157420158386
hrviton_native,11985_00,shoulder,True,1.0430012941360474
hrviton_native,11985_00,logo,False,
hrviton_native,09912_00,collar,False,
hrviton_native,09912_00,lapel,False,
hrviton_native,09912_00,cuff,False,
hrviton_native,09912_00,button hole,False,
hrviton_native,09912_00,button,False,
hrviton_native,09912_00,pocket,False,
hrviton_native,09912_00,zipper,False,
hrviton_native,09912_00,sleeve,True,0.31175628304481506
hrviton_native,09912_00,shoulder,True,0.32608217000961304
hrviton_native,09912_00,logo,False,
hrviton_native,01827_00,collar,True,0.8861795663833618
hrviton_native,01827_00,lapel,False,
hrviton_native,01827_00,cuff,False,
hrviton_native,01827_00,button hole,False,
hrviton_native,01827_00,button,False,
hrviton_native,01827_00,pocket,True,0.995708167552948
hrviton_native,01827_00,zipper,False,
hrviton_native,01827_00,sleeve,True,0.7691954970359802
hrviton_native,01827_00,shoulder,True,0.8143537640571594
hrviton_native,01827_00,logo,False,
hrviton_native,14009_00,collar,True,0.7253731489181519
hrviton_native,14009_00,lapel,False,
hrviton_native,14009_00,cuff,False,
hrviton_native,14009_00,button hole,False,
hrviton_native,14009_00,button,False,
hrviton_native,14009_00,pocket,False,
hrviton_native,14009_00,zipper,False,
hrviton_native,14009_00,sleeve,False,
hrviton_native,14009_00,shoulder,True,0.7136882543563843
hrviton_native,14009_00,logo,False,
hrviton_native,10352_00,collar,True,0.5739999413490295
hrviton_native,10352_00,lapel,False,
hrviton_native,10352_00,cuff,False,
hrviton_native,10352_00,button hole,False,
hrviton_native,10352_00,button,False,
hrviton_native,10352_00,pocket,False,
hrviton_native,10352_00,zipper,False,
hrviton_native,10352_00,sleeve,True,0.5716951489448547
hrviton_native,10352_00,shoulder,True,0.556454062461853
hrviton_native,10352_00,logo,False,
hrviton_native,10680_00,collar,False,
hrviton_native,10680_00,lapel,False,
hrviton_native,10680_00,cuff,True,0.7894695997238159
hrviton_native,10680_00,button hole,False,
hrviton_native,10680_00,button,False,
hrviton_native,10680_00,pocket,False,
hrviton_native,10680_00,zipper,False,
hrviton_native,10680_00,sleeve,True,0.6746243238449097
hrviton_native,10680_00,shoulder,True,0.563969612121582
hrviton_native,10680_00,logo,False,
hrviton_native,09949_00,collar,False,
hrviton_native,09949_00,lapel,False,
hrviton_native,09949_00,cuff,False,
hrviton_native,09949_00,button hole,False,
hrviton_native,09949_00,button,False,
hrviton_native,09949_00,pocket,False,
hrviton_native,09949_00,zipper,False,
hrviton_native,09949_00,sleeve,True,0.6324626803398132
hrviton_native,09949_00,shoulder,True,0.5427297353744507
hrviton_native,09949_00,logo,False,
hrviton_native,09412_00,collar,False,
hrviton_native,09412_00,lapel,False,
hrviton_native,09412_00,cuff,False,
hrviton_native,09412_00,button hole,False,
hrviton_native,09412_00,button,False,
hrviton_native,09412_00,pocket,False,
hrviton_native,09412_00,zipper,False,
hrviton_native,09412_00,sleeve,True,0.4249856472015381
hrviton_native,09412_00,shoulder,True,0.5052739977836609
hrviton_native,09412_00,logo,False,
hrviton_native,14189_00,collar,False,
hrviton_native,14189_00,lapel,False,
hrviton_native,14189_00,cuff,False,
hrviton_native,14189_00,button hole,False,
hrviton_native,14189_00,button,False,
hrviton_native,14189_00,pocket,False,
hrviton_native,14189_00,zipper,False,
hrviton_native,14189_00,sleeve,True,0.569024920463562
hrviton_native,14189_00,shoulder,True,0.33233922719955444
hrviton_native,14189_00,logo,False,
hrviton_native,04562_00,collar,True,0.806373119354248
hrviton_native,04562_00,lapel,False,
hrviton_native,04562_00,cuff,False,
hrviton_native,04562_00,button hole,False,
hrviton_native,04562_00,button,False,
hrviton_native,04562_00,pocket,False,
hrviton_native,04562_00,zipper,False,
hrviton_native,04562_00,sleeve,True,0.8424081206321716
hrviton_native,04562_00,shoulder,True,0.7736138701438904
hrviton_native,04562_00,logo,False,
hrviton_native,07825_00,collar,True,0.46050551533699036
hrviton_native,07825_00,lapel,False,
hrviton_native,07825_00,cuff,True,0.38446202874183655
hrviton_native,07825_00,button hole,False,
hrviton_native,07825_00,button,False,
hrviton_native,07825_00,pocket,False,
hrviton_native,07825_00,zipper,False,
hrviton_native,07825_00,sleeve,True,0.4866349697113037
hrviton_native,07825_00,shoulder,True,0.5155352354049683
hrviton_native,07825_00,logo,False,
hrviton_native,12362_00,collar,False,
hrviton_native,12362_00,lapel,False,
hrviton_native,12362_00,cuff,False,
hrviton_native,12362_00,button hole,False,
hrviton_native,12362_00,button,False,
hrviton_native,12362_00,pocket,False,
hrviton_native,12362_00,zipper,False,
hrviton_native,12362_00,sleeve,True,0.29882028698921204
hrviton_native,12362_00,shoulder,True,0.3034262955188751
hrviton_native,12362_00,logo,True,0.3430706262588501
hrviton_native,11206_00,collar,False,
hrviton_native,11206_00,lapel,False,
hrviton_native,11206_00,cuff,False,
hrviton_native,11206_00,button hole,False,
hrviton_native,11206_00,button,False,
hrviton_native,11206_00,pocket,False,
hrviton_native,11206_00,zipper,False,
hrviton_native,11206_00,sleeve,True,0.43926575779914856
hrviton_native,11206_00,shoulder,True,0.4329512417316437
hrviton_native,11206_00,logo,False,
hrviton_native,06978_00,collar,False,
hrviton_native,06978_00,lapel,False,
hrviton_native,06978_00,cuff,False,
hrviton_native,06978_00,button hole,False,
hrviton_native,06978_00,button,False,
hrviton_native,06978_00,pocket,False,
hrviton_native,06978_00,zipper,False,
hrviton_native,06978_00,sleeve,True,0.464291512966156
hrviton_native,06978_00,shoulder,True,0.46712350845336914
hrviton_native,06978_00,logo,False,
hrviton_native,02743_00,collar,True,0.5335445404052734
hrviton_native,02743_00,lapel,False,
hrviton_native,02743_00,cuff,True,0.6316614747047424
hrviton_native,02743_00,button hole,False,
hrviton_native,02743_00,button,False,
hrviton_native,02743_00,pocket,False,
hrviton_native,02743_00,zipper,False,
hrviton_native,02743_00,sleeve,True,0.7134720087051392
hrviton_native,02743_00,shoulder,True,0.572232186794281
hrviton_native,02743_00,logo,True,0.6289610266685486
hrviton_native,10265_00,collar,False,
hrviton_native,10265_00,lapel,False,
hrviton_native,10265_00,cuff,False,
hrviton_native,10265_00,button hole,False,
hrviton_native,10265_00,button,False,
hrviton_native,10265_00,pocket,False,
hrviton_native,10265_00,zipper,False,
hrviton_native,10265_00,sleeve,False,
hrviton_native,10265_00,shoulder,True,0.5226148962974548
hrviton_native,10265_00,logo,False,
hrviton_native,09215_00,collar,True,0.3709690570831299
hrviton_native,09215_00,lapel,False,
hrviton_native,09215_00,cuff,False,
hrviton_native,09215_00,button hole,False,
hrviton_native,09215_00,button,False,
hrviton_native,09215_00,pocket,False,
hrviton_native,09215_00,zipper,False,
hrviton_native,09215_00,sleeve,True,0.43688279390335083
hrviton_native,09215_00,shoulder,True,0.3702040910720825
hrviton_native,09215_00,logo,False,
hrviton_native,07396_00,collar,False,
hrviton_native,07396_00,lapel,False,
hrviton_native,07396_00,cuff,False,
hrviton_native,07396_00,button hole,False,
hrviton_native,07396_00,button,False,
hrviton_native,07396_00,pocket,False,
hrviton_native,07396_00,zipper,False,
hrviton_native,07396_00,sleeve,True,0.5166188478469849
hrviton_native,07396_00,shoulder,True,0.523269772529602
hrviton_native,07396_00,logo,False,
hrviton_native,06192_00,collar,True,0.46214383840560913
hrviton_native,06192_00,lapel,False,
hrviton_native,06192_00,cuff,True,0.31215569376945496
hrviton_native,06192_00,button hole,False,
hrviton_native,06192_00,button,False,
hrviton_native,06192_00,pocket,False,
hrviton_native,06192_00,zipper,False,
hrviton_native,06192_00,sleeve,True,0.3984794616699219
hrviton_native,06192_00,shoulder,True,0.4397937059402466
hrviton_native,06192_00,logo,False,
hrviton_native,11892_00,collar,False,
hrviton_native,11892_00,lapel,False,
hrviton_native,11892_00,cuff,False,
hrviton_native,11892_00,button hole,False,
hrviton_native,11892_00,button,False,
hrviton_native,11892_00,pocket,False,
hrviton_native,11892_00,zipper,False,
hrviton_native,11892_00,sleeve,False,
hrviton_native,11892_00,shoulder,True,0.44230616092681885
hrviton_native,11892_00,logo,False,
hrviton_native,11994_00,collar,True,0.8230417966842651
hrviton_native,11994_00,lapel,False,
hrviton_native,11994_00,cuff,False,
hrviton_native,11994_00,button hole,False,
hrviton_native,11994_00,button,True,0.8401764631271362
hrviton_native,11994_00,pocket,False,
hrviton_native,11994_00,zipper,False,
hrviton_native,11994_00,sleeve,True,0.6466020345687866
hrviton_native,11994_00,shoulder,True,0.6935529708862305
hrviton_native,11994_00,logo,False,
hrviton_native,03950_00,collar,False,
hrviton_native,03950_00,lapel,False,
hrviton_native,03950_00,cuff,False,
hrviton_native,03950_00,button hole,False,
hrviton_native,03950_00,button,False,
hrviton_native,03950_00,pocket,False,
hrviton_native,03950_00,zipper,False,
hrviton_native,03950_00,sleeve,True,0.6118558645248413
hrviton_native,03950_00,shoulder,True,0.934893012046814
hrviton_native,03950_00,logo,False,
hrviton_native,01832_00,collar,True,0.28367647528648376
hrviton_native,01832_00,lapel,False,
hrviton_native,01832_00,cuff,False,
hrviton_native,01832_00,button hole,False,
hrviton_native,01832_00,button,False,
hrviton_native,01832_00,pocket,False,
hrviton_native,01832_00,zipper,False,
hrviton_native,01832_00,sleeve,True,0.35348188877105713
hrviton_native,01832_00,shoulder,True,0.3248060941696167
hrviton_native,01832_00,logo,False,
hrviton_native,11054_00,collar,True,0.7138727903366089
hrviton_native,11054_00,lapel,False,
hrviton_native,11054_00,cuff,True,0.904066801071167
hrviton_native,11054_00,button hole,False,
hrviton_native,11054_00,button,False,
hrviton_native,11054_00,pocket,False,
hrviton_native,11054_00,zipper,False,
hrviton_native,11054_00,sleeve,True,0.963047444820404
hrviton_native,11054_00,shoulder,True,0.6719614267349243
hrviton_native,11054_00,logo,False,
hrviton_native,02457_00,collar,False,
hrviton_native,02457_00,lapel,False,
hrviton_native,02457_00,cuff,False,
hrviton_native,02457_00,button hole,False,
hrviton_native,02457_00,button,False,
hrviton_native,02457_00,pocket,False,
hrviton_native,02457_00,zipper,False,
hrviton_native,02457_00,sleeve,True,0.37200766801834106
hrviton_native,02457_00,shoulder,True,0.307770311832428
hrviton_native,02457_00,logo,False,
hrviton_native,14181_00,collar,True,0.5051147937774658
hrviton_native,14181_00,lapel,False,
hrviton_native,14181_00,cuff,True,0.6615662574768066
hrviton_native,14181_00,button hole,False,
hrviton_native,14181_00,button,False,
hrviton_native,14181_00,pocket,False,
hrviton_native,14181_00,zipper,False,
hrviton_native,14181_00,sleeve,True,0.7884493470191956
hrviton_native,14181_00,shoulder,True,0.5290240049362183
hrviton_native,14181_00,logo,True,0.4824613332748413
hrviton_native,08102_00,collar,True,0.5130148530006409
hrviton_native,08102_00,lapel,False,
hrviton_native,08102_00,cuff,False,
hrviton_native,08102_00,button hole,False,
hrviton_native,08102_00,button,False,
hrviton_native,08102_00,pocket,False,
hrviton_native,08102_00,zipper,False,
hrviton_native,08102_00,sleeve,True,0.5134087800979614
hrviton_native,08102_00,shoulder,False,
hrviton_native,08102_00,logo,False,
hrviton_native,01046_00,collar,False,
hrviton_native,01046_00,lapel,False,
hrviton_native,01046_00,cuff,True,0.9747596383094788
hrviton_native,01046_00,button hole,False,
hrviton_native,01046_00,button,True,0.6623978018760681
hrviton_native,01046_00,pocket,False,
hrviton_native,01046_00,zipper,False,
hrviton_native,01046_00,sleeve,True,0.9140710830688477
hrviton_native,01046_00,shoulder,False,
hrviton_native,01046_00,logo,False,
hrviton_native,07847_00,collar,False,
hrviton_native,07847_00,lapel,False,
hrviton_native,07847_00,cuff,False,
hrviton_native,07847_00,button hole,False,
hrviton_native,07847_00,button,False,
hrviton_native,07847_00,pocket,False,
hrviton_native,07847_00,zipper,False,
hrviton_native,07847_00,sleeve,True,0.6335759162902832
hrviton_native,07847_00,shoulder,True,0.5677696466445923
hrviton_native,07847_00,logo,False,
hrviton_native,01503_00,collar,False,
hrviton_native,01503_00,lapel,False,
hrviton_native,01503_00,cuff,False,
hrviton_native,01503_00,button hole,False,
hrviton_native,01503_00,button,False,
hrviton_native,01503_00,pocket,False,
hrviton_native,01503_00,zipper,False,
hrviton_native,01503_00,sleeve,True,0.3510730266571045
hrviton_native,01503_00,shoulder,True,0.30984702706336975
hrviton_native,01503_00,logo,False,
hrviton_native,02400_00,collar,False,
hrviton_native,02400_00,lapel,False,
hrviton_native,02400_00,cuff,False,
hrviton_native,02400_00,button hole,False,
hrviton_native,02400_00,button,False,
hrviton_native,02400_00,pocket,False,
hrviton_native,02400_00,zipper,False,
hrviton_native,02400_00,sleeve,True,0.6533745527267456
hrviton_native,02400_00,shoulder,True,0.7014462351799011
hrviton_native,02400_00,logo,False,
hrviton_native,09487_00,collar,True,0.5283188223838806
hrviton_native,09487_00,lapel,False,
hrviton_native,09487_00,cuff,True,0.6384906768798828
hrviton_native,09487_00,button hole,False,
hrviton_native,09487_00,button,False,
hrviton_native,09487_00,pocket,False,
hrviton_native,09487_00,zipper,False,
hrviton_native,09487_00,sleeve,True,0.7968608736991882
hrviton_native,09487_00,shoulder,True,0.6211960911750793
hrviton_native,09487_00,logo,False,
hrviton_native,08232_00,collar,True,0.5819109082221985
hrviton_native,08232_00,lapel,False,
hrviton_native,08232_00,cuff,False,
hrviton_native,08232_00,button hole,False,
hrviton_native,08232_00,button,True,0.7174036502838135
hrviton_native,08232_00,pocket,False,
hrviton_native,08232_00,zipper,False,
hrviton_native,08232_00,sleeve,True,0.5881665349006653
hrviton_native,08232_00,shoulder,True,0.6421591639518738
hrviton_native,08232_00,logo,False,
hrviton_native,13589_00,collar,False,
hrviton_native,13589_00,lapel,False,
hrviton_native,13589_00,cuff,False,
hrviton_native,13589_00,button hole,False,
hrviton_native,13589_00,button,False,
hrviton_native,13589_00,pocket,False,
hrviton_native,13589_00,zipper,False,
hrviton_native,13589_00,sleeve,True,0.575998842716217
hrviton_native,13589_00,shoulder,True,0.4828229546546936
hrviton_native,13589_00,logo,False,
hrviton_native,00013_00,collar,True,0.4022137224674225
hrviton_native,00013_00,lapel,False,
hrviton_native,00013_00,cuff,True,0.360736221075058
hrviton_native,00013_00,button hole,False,
hrviton_native,00013_00,button,False,
hrviton_native,00013_00,pocket,False,
hrviton_native,00013_00,zipper,False,
hrviton_native,00013_00,sleeve,True,0.41385170817375183
hrviton_native,00013_00,shoulder,True,0.3874496817588806
hrviton_native,00013_00,logo,True,0.46019247174263
hrviton_native,14471_00,collar,False,
hrviton_native,14471_00,lapel,False,
hrviton_native,14471_00,cuff,True,0.7688345313072205
hrviton_native,14471_00,button hole,False,
hrviton_native,14471_00,button,False,
hrviton_native,14471_00,pocket,False,
hrviton_native,14471_00,zipper,False,
hrviton_native,14471_00,sleeve,True,0.6595225930213928
hrviton_native,14471_00,shoulder,True,0.7822962999343872
hrviton_native,14471_00,logo,False,
hrviton_native,00698_00,collar,False,
hrviton_native,00698_00,lapel,False,
hrviton_native,00698_00,cuff,False,
hrviton_native,00698_00,button hole,False,
hrviton_native,00698_00,button,False,
hrviton_native,00698_00,pocket,False,
hrviton_native,00698_00,zipper,False,
hrviton_native,00698_00,sleeve,True,0.34977075457572937
hrviton_native,00698_00,shoulder,True,0.36962881684303284
hrviton_native,00698_00,logo,False,
hrviton_native,11438_00,collar,False,
hrviton_native,11438_00,lapel,False,
hrviton_native,11438_00,cuff,False,
hrviton_native,11438_00,button hole,False,
hrviton_native,11438_00,button,False,
hrviton_native,11438_00,pocket,False,
hrviton_native,11438_00,zipper,False,
hrviton_native,11438_00,sleeve,True,0.3839718997478485
hrviton_native,11438_00,shoulder,True,0.48448270559310913
hrviton_native,11438_00,logo,False,
hrviton_native,10495_00,collar,False,
hrviton_native,10495_00,lapel,False,
hrviton_native,10495_00,cuff,False,
hrviton_native,10495_00,button hole,False,
hrviton_native,10495_00,button,False,
hrviton_native,10495_00,pocket,False,
hrviton_native,10495_00,zipper,False,
hrviton_native,10495_00,sleeve,False,
hrviton_native,10495_00,shoulder,True,0.695785641670227
hrviton_native,10495_00,logo,False,
hrviton_native,13140_00,collar,False,
hrviton_native,13140_00,lapel,False,
hrviton_native,13140_00,cuff,True,0.38866543769836426
hrviton_native,13140_00,button hole,False,
hrviton_native,13140_00,button,False,
hrviton_native,13140_00,pocket,False,
hrviton_native,13140_00,zipper,False,
hrviton_native,13140_00,sleeve,True,0.3949183523654938
hrviton_native,13140_00,shoulder,True,0.5255439281463623
hrviton_native,13140_00,logo,False,
hrviton_native,11799_00,collar,True,0.4955674111843109
hrviton_native,11799_00,lapel,False,
hrviton_native,11799_00,cuff,False,
hrviton_native,11799_00,button hole,False,
hrviton_native,11799_00,button,False,
hrviton_native,11799_00,pocket,False,
hrviton_native,11799_00,zipper,False,
hrviton_native,11799_00,sleeve,True,0.3756833076477051
hrviton_native,11799_00,shoulder,True,0.5342981219291687
hrviton_native,11799_00,logo,False,
hrviton_native,01767_00,collar,False,
hrviton_native,01767_00,lapel,False,
hrviton_native,01767_00,cuff,False,
hrviton_native,01767_00,button hole,False,
hrviton_native,01767_00,button,True,0.4203483760356903
hrviton_native,01767_00,pocket,False,
hrviton_native,01767_00,zipper,False,
hrviton_native,01767_00,sleeve,True,0.44017887115478516
hrviton_native,01767_00,shoulder,True,0.36035680770874023
hrviton_native,01767_00,logo,False,
hrviton_native,11556_00,collar,False,
hrviton_native,11556_00,lapel,False,
hrviton_native,11556_00,cuff,True,0.5355587601661682
hrviton_native,11556_00,button hole,False,
hrviton_native,11556_00,button,False,
hrviton_native,11556_00,pocket,False,
hrviton_native,11556_00,zipper,False,
hrviton_native,11556_00,sleeve,True,0.6146267652511597
hrviton_native,11556_00,shoulder,True,0.4295833706855774
hrviton_native,11556_00,logo,False,
hrviton_native,14059_00,collar,False,
hrviton_native,14059_00,lapel,False,
hrviton_native,14059_00,cuff,False,
hrviton_native,14059_00,button hole,False,
hrviton_native,14059_00,button,False,
hrviton_native,14059_00,pocket,False,
hrviton_native,14059_00,zipper,False,
hrviton_native,14059_00,sleeve,False,
hrviton_native,14059_00,shoulder,True,0.7399489283561707
hrviton_native,14059_00,logo,False,
hrviton_native,13967_00,collar,False,
hrviton_native,13967_00,lapel,False,
hrviton_native,13967_00,cuff,False,
hrviton_native,13967_00,button hole,False,
hrviton_native,13967_00,button,False,
hrviton_native,13967_00,pocket,False,
hrviton_native,13967_00,zipper,False,
hrviton_native,13967_00,sleeve,True,0.6974133253097534
hrviton_native,13967_00,shoulder,True,0.6241347193717957
hrviton_native,13967_00,logo,False,
hrviton_native,00827_00,collar,False,
hrviton_native,00827_00,lapel,False,
hrviton_native,00827_00,cuff,False,
hrviton_native,00827_00,button hole,False,
hrviton_native,00827_00,button,False,
hrviton_native,00827_00,pocket,False,
hrviton_native,00827_00,zipper,False,
hrviton_native,00827_00,sleeve,False,
hrviton_native,00827_00,shoulder,True,0.5058144927024841
hrviton_native,00827_00,logo,False,
hrviton_native,03935_00,collar,True,0.6192957162857056
hrviton_native,03935_00,lapel,False,
hrviton_native,03935_00,cuff,True,0.5226014256477356
hrviton_native,03935_00,button hole,False,
hrviton_native,03935_00,button,False,
hrviton_native,03935_00,pocket,False,
hrviton_native,03935_00,zipper,False,
hrviton_native,03935_00,sleeve,True,0.4332073926925659
hrviton_native,03935_00,shoulder,True,0.4757553040981293
hrviton_native,03935_00,logo,False,
hrviton_native,10428_00,collar,False,
hrviton_native,10428_00,lapel,False,
hrviton_native,10428_00,cuff,False,
hrviton_native,10428_00,button hole,False,
hrviton_native,10428_00,button,False,
hrviton_native,10428_00,pocket,False,
hrviton_native,10428_00,zipper,False,
hrviton_native,10428_00,sleeve,True,0.668146014213562
hrviton_native,10428_00,shoulder,True,0.702148973941803
hrviton_native,10428_00,logo,False,
hrviton_native,13172_00,collar,True,0.40954330563545227
hrviton_native,13172_00,lapel,False,
hrviton_native,13172_00,cuff,False,
hrviton_native,13172_00,button hole,False,
hrviton_native,13172_00,button,False,
hrviton_native,13172_00,pocket,False,
hrviton_native,13172_00,zipper,False,
hrviton_native,13172_00,sleeve,True,0.2433394193649292
hrviton_native,13172_00,shoulder,True,0.30733469128608704
hrviton_native,13172_00,logo,True,0.2576439380645752
hrviton_native,12419_00,collar,False,
hrviton_native,12419_00,lapel,False,
hrviton_native,12419_00,cuff,False,
hrviton_native,12419_00,button hole,False,
hrviton_native,12419_00,button,False,
hrviton_native,12419_00,pocket,False,
hrviton_native,12419_00,zipper,False,
hrviton_native,12419_00,sleeve,False,
hrviton_native,12419_00,shoulder,True,0.37381353974342346
hrviton_native,12419_00,logo,False,
hrviton_native,11993_00,collar,True,0.46075063943862915
hrviton_native,11993_00,lapel,False,
hrviton_native,11993_00,cuff,True,0.44980910420417786
hrviton_native,11993_00,button hole,False,
hrviton_native,11993_00,button,False,
hrviton_native,11993_00,pocket,False,
hrviton_native,11993_00,zipper,False,
hrviton_native,11993_00,sleeve,True,0.46278247237205505
hrviton_native,11993_00,shoulder,True,0.4307812750339508
hrviton_native,11993_00,logo,False,
hrviton_native,11766_00,collar,True,0.3740968108177185
hrviton_native,11766_00,lapel,False,
hrviton_native,11766_00,cuff,False,
hrviton_native,11766_00,button hole,False,
hrviton_native,11766_00,button,False,
hrviton_native,11766_00,pocket,False,
hrviton_native,11766_00,zipper,False,
hrviton_native,11766_00,sleeve,True,0.2736738920211792
hrviton_native,11766_00,shoulder,True,0.34439897537231445
hrviton_native,11766_00,logo,False,
hrviton_native,02372_00,collar,False,
hrviton_native,02372_00,lapel,False,
hrviton_native,02372_00,cuff,False,
hrviton_native,02372_00,button hole,False,
hrviton_native,02372_00,button,False,
hrviton_native,02372_00,pocket,False,
hrviton_native,02372_00,zipper,False,
hrviton_native,02372_00,sleeve,False,
hrviton_native,02372_00,shoulder,True,0.6687729954719543
hrviton_native,02372_00,logo,False,
hrviton_native,09751_00,collar,True,0.5885992646217346
hrviton_native,09751_00,lapel,False,
hrviton_native,09751_00,cuff,False,
hrviton_native,09751_00,button hole,False,
hrviton_native,09751_00,button,False,
hrviton_native,09751_00,pocket,True,0.550075352191925
hrviton_native,09751_00,zipper,False,
hrviton_native,09751_00,sleeve,False,
hrviton_native,09751_00,shoulder,True,0.546596348285675
hrviton_native,09751_00,logo,False,
hrviton_native,08158_00,collar,True,0.5453889966011047
hrviton_native,08158_00,lapel,False,
hrviton_native,08158_00,cuff,True,0.6002967357635498
hrviton_native,08158_00,button hole,False,
hrviton_native,08158_00,button,False,
hrviton_native,08158_00,pocket,False,
hrviton_native,08158_00,zipper,False,
hrviton_native,08158_00,sleeve,True,0.5454362630844116
hrviton_native,08158_00,shoulder,True,0.5799196362495422
hrviton_native,08158_00,logo,False,
hrviton_native,06730_00,collar,True,0.5386937260627747
hrviton_native,06730_00,lapel,False,
hrviton_native,06730_00,cuff,True,0.6833000779151917
hrviton_native,06730_00,button hole,False,
hrviton_native,06730_00,button,False,
hrviton_native,06730_00,pocket,False,
hrviton_native,06730_00,zipper,False,
hrviton_native,06730_00,sleeve,True,0.5316780805587769
hrviton_native,06730_00,shoulder,True,0.4654625952243805
hrviton_native,06730_00,logo,False,
hrviton_native,06753_00,collar,False,
hrviton_native,06753_00,lapel,False,
hrviton_native,06753_00,cuff,False,
hrviton_native,06753_00,button hole,False,
hrviton_native,06753_00,button,False,
hrviton_native,06753_00,pocket,False,
hrviton_native,06753_00,zipper,False,
hrviton_native,06753_00,sleeve,True,0.30121585726737976
hrviton_native,06753_00,shoulder,True,0.27076104283332825
hrviton_native,06753_00,logo,False,
hrviton_native,01386_00,collar,True,0.5438822507858276
hrviton_native,01386_00,lapel,False,
hrviton_native,01386_00,cuff,False,
hrviton_native,01386_00,button hole,False,
hrviton_native,01386_00,button,False,
hrviton_native,01386_00,pocket,False,
hrviton_native,01386_00,zipper,False,
hrviton_native,01386_00,sleeve,True,0.2703295648097992
hrviton_native,01386_00,shoulder,True,0.5176696181297302
hrviton_native,01386_00,logo,False,
hrviton_native,13126_00,collar,False,
hrviton_native,13126_00,lapel,False,
hrviton_native,13126_00,cuff,False,
hrviton_native,13126_00,button hole,False,
hrviton_native,13126_00,button,False,
hrviton_native,13126_00,pocket,False,
hrviton_native,13126_00,zipper,False,
hrviton_native,13126_00,sleeve,True,0.5640798211097717
hrviton_native,13126_00,shoulder,True,0.5029737949371338
hrviton_native,13126_00,logo,False,
hrviton_native,02810_00,collar,False,
hrviton_native,02810_00,lapel,False,
hrviton_native,02810_00,cuff,False,
hrviton_native,02810_00,button hole,False,
hrviton_native,02810_00,button,False,
hrviton_native,02810_00,pocket,True,0.4183616042137146
hrviton_native,02810_00,zipper,False,
hrviton_native,02810_00,sleeve,True,0.3406943082809448
hrviton_native,02810_00,shoulder,True,0.37275537848472595
hrviton_native,02810_00,logo,False,
hrviton_native,03191_00,collar,False,
hrviton_native,03191_00,lapel,False,
hrviton_native,03191_00,cuff,False,
hrviton_native,03191_00,button hole,False,
hrviton_native,03191_00,button,False,
hrviton_native,03191_00,pocket,False,
hrviton_native,03191_00,zipper,False,
hrviton_native,03191_00,sleeve,True,0.27732202410697937
hrviton_native,03191_00,shoulder,True,0.26672178506851196
hrviton_native,03191_00,logo,False,
hrviton_native,11372_00,collar,False,
hrviton_native,11372_00,lapel,False,
hrviton_native,11372_00,cuff,False,
hrviton_native,11372_00,button hole,False,
hrviton_native,11372_00,button,False,
hrviton_native,11372_00,pocket,False,
hrviton_native,11372_00,zipper,False,
hrviton_native,11372_00,sleeve,True,0.44955548644065857
hrviton_native,11372_00,shoulder,True,0.5844377279281616
hrviton_native,11372_00,logo,False,
hrviton_native,07694_00,collar,True,0.45947808027267456
hrviton_native,07694_00,lapel,False,
hrviton_native,07694_00,cuff,False,
hrviton_native,07694_00,button hole,False,
hrviton_native,07694_00,button,False,
hrviton_native,07694_00,pocket,False,
hrviton_native,07694_00,zipper,False,
hrviton_native,07694_00,sleeve,True,0.2982705235481262
hrviton_native,07694_00,shoulder,True,0.30777886509895325
hrviton_native,07694_00,logo,True,0.4137634336948395
hrviton_native,01900_00,collar,False,
hrviton_native,01900_00,lapel,False,
hrviton_native,01900_00,cuff,True,0.5081347227096558
hrviton_native,01900_00,button hole,False,
hrviton_native,01900_00,button,False,
hrviton_native,01900_00,pocket,False,
hrviton_native,01900_00,zipper,False,
hrviton_native,01900_00,sleeve,True,0.6157741546630859
hrviton_native,01900_00,shoulder,True,0.5832635760307312
hrviton_native,01900_00,logo,False,
hrviton_native,02253_00,collar,False,
hrviton_native,02253_00,lapel,False,
hrviton_native,02253_00,cuff,True,0.5066038370132446
hrviton_native,02253_00,button hole,False,
hrviton_native,02253_00,button,False,
hrviton_native,02253_00,pocket,False,
hrviton_native,02253_00,zipper,False,
hrviton_native,02253_00,sleeve,True,0.8244596123695374
hrviton_native,02253_00,shoulder,True,0.5890581011772156
hrviton_native,02253_00,logo,False,
hrviton_native,04430_00,collar,True,0.32553842663764954
hrviton_native,04430_00,lapel,False,
hrviton_native,04430_00,cuff,False,
hrviton_native,04430_00,button hole,False,
hrviton_native,04430_00,button,False,
hrviton_native,04430_00,pocket,False,
hrviton_native,04430_00,zipper,False,
hrviton_native,04430_00,sleeve,True,0.4625963866710663
hrviton_native,04430_00,shoulder,True,0.33265379071235657
hrviton_native,04430_00,logo,False,
hrviton_native,03991_00,collar,True,0.5991699695587158
hrviton_native,03991_00,lapel,False,
hrviton_native,03991_00,cuff,False,
hrviton_native,03991_00,button hole,False,
hrviton_native,03991_00,button,False,
hrviton_native,03991_00,pocket,False,
hrviton_native,03991_00,zipper,False,
hrviton_native,03991_00,sleeve,False,
hrviton_native,03991_00,shoulder,True,0.6015008091926575
hrviton_native,03991_00,logo,False,
hrviton_native,03608_00,collar,True,0.3244630992412567
hrviton_native,03608_00,lapel,False,
hrviton_native,03608_00,cuff,True,0.1796969771385193
hrviton_native,03608_00,button hole,False,
hrviton_native,03608_00,button,False,
hrviton_native,03608_00,pocket,False,
hrviton_native,03608_00,zipper,False,
hrviton_native,03608_00,sleeve,True,0.2900148928165436
hrviton_native,03608_00,shoulder,True,0.30158141255378723
hrviton_native,03608_00,logo,False,
hrviton_native,12651_00,collar,False,
hrviton_native,12651_00,lapel,False,
hrviton_native,12651_00,cuff,True,0.8147166967391968
hrviton_native,12651_00,button hole,False,
hrviton_native,12651_00,button,False,
hrviton_native,12651_00,pocket,False,
hrviton_native,12651_00,zipper,False,
hrviton_native,12651_00,sleeve,True,1.0206855535507202
hrviton_native,12651_00,shoulder,True,1.0584861040115356
hrviton_native,12651_00,logo,False,
hrviton_native,11600_00,collar,True,0.4604608118534088
hrviton_native,11600_00,lapel,False,
hrviton_native,11600_00,cuff,False,
hrviton_native,11600_00,button hole,False,
hrviton_native,11600_00,button,False,
hrviton_native,11600_00,pocket,False,
hrviton_native,11600_00,zipper,False,
hrviton_native,11600_00,sleeve,False,
hrviton_native,11600_00,shoulder,True,0.41008132696151733
hrviton_native,11600_00,logo,False,
hrviton_native,01917_00,collar,True,0.26588526368141174
hrviton_native,01917_00,lapel,False,
hrviton_native,01917_00,cuff,False,
hrviton_native,01917_00,button hole,False,
hrviton_native,01917_00,button,False,
hrviton_native,01917_00,pocket,False,
hrviton_native,01917_00,zipper,False,
hrviton_native,01917_00,sleeve,True,0.33108213543891907
hrviton_native,01917_00,shoulder,True,0.3597477078437805
hrviton_native,01917_00,logo,False,
hrviton_native,01026_00,collar,True,0.49195703864097595
hrviton_native,01026_00,lapel,False,
hrviton_native,01026_00,cuff,True,0.41868841648101807
hrviton_native,01026_00,button hole,False,
hrviton_native,01026_00,button,False,
hrviton_native,01026_00,pocket,False,
hrviton_native,01026_00,zipper,False,
hrviton_native,01026_00,sleeve,True,0.4143422544002533
hrviton_native,01026_00,shoulder,True,0.46764788031578064
hrviton_native,01026_00,logo,False,
hrviton_native,09845_00,collar,False,
hrviton_native,09845_00,lapel,False,
hrviton_native,09845_00,cuff,False,
hrviton_native,09845_00,button hole,False,
hrviton_native,09845_00,button,False,
hrviton_native,09845_00,pocket,False,
hrviton_native,09845_00,zipper,False,
hrviton_native,09845_00,sleeve,False,
hrviton_native,09845_00,shoulder,True,0.39050474762916565
hrviton_native,09845_00,logo,False,
hrviton_native,13517_00,collar,True,0.5914932489395142
hrviton_native,13517_00,lapel,False,
hrviton_native,13517_00,cuff,False,
hrviton_native,13517_00,button hole,False,
hrviton_native,13517_00,button,False,
hrviton_native,13517_00,pocket,False,
hrviton_native,13517_00,zipper,False,
hrviton_native,13517_00,sleeve,False,
hrviton_native,13517_00,shoulder,True,0.6552356481552124
hrviton_native,13517_00,logo,False,
hrviton_native,02388_00,collar,True,0.616497814655304
hrviton_native,02388_00,lapel,False,
hrviton_native,02388_00,cuff,False,
hrviton_native,02388_00,button hole,False,
hrviton_native,02388_00,button,False,
hrviton_native,02388_00,pocket,False,
hrviton_native,02388_00,zipper,False,
hrviton_native,02388_00,sleeve,True,0.6360157132148743
hrviton_native,02388_00,shoulder,True,0.5973740220069885
hrviton_native,02388_00,logo,False,
hrviton_native,12365_00,collar,False,
hrviton_native,12365_00,lapel,False,
hrviton_native,12365_00,cuff,False,
hrviton_native,12365_00,button hole,False,
hrviton_native,12365_00,button,False,
hrviton_native,12365_00,pocket,False,
hrviton_native,12365_00,zipper,False,
hrviton_native,12365_00,sleeve,False,
hrviton_native,12365_00,shoulder,True,0.31830182671546936
hrviton_native,12365_00,logo,False,
hrviton_native,12572_00,collar,False,
hrviton_native,12572_00,lapel,False,
hrviton_native,12572_00,cuff,False,
hrviton_native,12572_00,button hole,False,
hrviton_native,12572_00,button,False,
hrviton_native,12572_00,pocket,False,
hrviton_native,12572_00,zipper,False,
hrviton_native,12572_00,sleeve,True,0.7515871524810791
hrviton_native,12572_00,shoulder,True,0.9080879092216492
hrviton_native,12572_00,logo,False,
